<?xml version="1.0" encoding="UTF-8"?>
<!--
<entity xmlns:xsi="http://www.w3.org/2001/XMLSchema-instance"
	xsi:noNamespaceSchemaLocation="C:/mmg/resources/schemas/entity.xsd">
-->
<entity>
    <name>AppRutasTrans</name>

    <package>es.indra.belcorp.mso</package>

    <table>APP_RUTAS_TRANS</table>

    <keyGenerator>APP_RUTR_SEQ</keyGenerator>

    <attributes>
        <attribute>
            <name>id</name>

            <sqlName>OID_RUTA_TRAN</sqlName>

            <primaryKey>true</primaryKey>

            <className>java.lang.Long</className>

            <size>12</size>

            <required>true</required>

            <search>false</search>

            <list>false</list>

            <view>false</view>

            <modify>false</modify>

            <insert>false</insert>

            <order>1</order>
</attribute>

        <attribute>
            <name>paisOidPais</name>

            <sqlName>PAIS_OID_PAIS</sqlName>

            <className>es.indra.belcorp.mso.SegPaisView</className>

            <size>12</size>

            <widget>
                <type>combo</type>

                <text>id</text>
</widget>

            <required>true</required>

            <search>false</search>

            <list>false</list>

            <insert>false</insert>

            <modify>false</modify>

            <view>false</view>

            <wrap>false</wrap>

            <order>2</order>
</attribute>

        <attribute>
            <name>codRuta</name>

            <sqlName>COD_RUTA</sqlName>

            <className>java.lang.String</className>

            <size>6</size>

            <required>true</required>

            <search>true</search>

            <list>true</list>

            <modify>true</modify>

            <editable>false</editable>

            <view>true</view>

            <wrap>false</wrap>

            <order>3</order>

            <uppercase>true</uppercase>
</attribute>

        <attribute>
            <name>valObse</name>

            <sqlName>VAL_OBSE</sqlName>

            <className>java.lang.String</className>

            <size>100</size>

            <required>false</required>

            <search>false</search>

            <list>true</list>

            <modify>true</modify>

            <view>true</view>

            <order>6</order>

            <wrap>false</wrap>

            <widget>
                <type>textArea</type>

                <width>40</width>

                <height>3</height>
</widget>
</attribute>

        <attribute>
            <name>numSecu</name>

            <sqlName>NUM_SECU</sqlName>

            <className>java.lang.Long</className>

            <size>6</size>

            <required>true</required>

            <search>true</search>

            <list>true</list>

            <modify>true</modify>

            <view>true</view>

            <wrap>true</wrap>

            <order>5</order>
</attribute>

        <attribute>
            <name>Descripcion</name>

            <className>java.lang.String</className>

            <localizationOrder>1</localizationOrder>

            <orderBy>1</orderBy>

            <order>4</order>

            <required>true</required>

            <insert>true</insert>

            <search>true</search>

            <list>true</list>

            <view>true</view>

            <modify>true</modify>

            <choice>true</choice>

            <wrap>false</wrap>

            <size>40</size>
</attribute>
</attributes>

    <actions>
        <action>
            <side>client</side>

            <scope>precreate</scope>

            <code>SegPaisViewData paisOculto = new SegPaisViewData();paisOculto.setId(new Long(MMGDruidaHelper.getUserDefaultCountry(this)));appRutasTrans.setPaisOidPais(paisOculto);</code>
</action>

        <action>
            <side>client</side>

            <scope>postcreate</scope>

            <code>SegPaisViewData paisOculto = new SegPaisViewData();paisOculto.setId(new Long(MMGDruidaHelper.getUserDefaultCountry(this)));appRutasTrans.setPaisOidPais(paisOculto);</code>
</action>

        <action>
            <side>client</side>

            <scope>preupdate</scope>

            <code>SegPaisViewData paisOculto = new SegPaisViewData();paisOculto.setId(new Long(MMGDruidaHelper.getUserDefaultCountry(this)));appRutasTrans.setPaisOidPais(paisOculto);</code>
</action>

        <action>
            <side>client</side>

            <scope>postupdate</scope>

            <code>SegPaisViewData paisOculto = new SegPaisViewData();paisOculto.setId(new Long(MMGDruidaHelper.getUserDefaultCountry(this)));appRutasTrans.setPaisOidPais(paisOculto);</code>
</action>

        <action>
            <side>client</side>

            <scope>prequery</scope>

            <code>SegPaisViewData paisOculto = new SegPaisViewData();paisOculto.setId(new Long(MMGDruidaHelper.getUserDefaultCountry(this)));appRutasTransFrom.setPaisOidPais(paisOculto);appRutasTransTo.setPaisOidPais((SegPaisViewData)paisOculto.clone());</code>

        </action>

        <action>
            <side>client</side>

            <scope>postquery</scope>

            <code>SegPaisViewData paisOculto = new SegPaisViewData();paisOculto.setId(new Long(MMGDruidaHelper.getUserDefaultCountry(this)));appRutasTransFrom.setPaisOidPais(paisOculto);appRutasTransTo.setPaisOidPais((SegPaisViewData)paisOculto.clone());</code>

        </action>
</actions>

</entity>
