<?xml version="1.0" encoding="UTF-8"?>
<!--
<entity xmlns:xsi="http://www.w3.org/2001/XMLSchema-instance"
	xsi:noNamespaceSchemaLocation="C:/mmg/resources/schemas/entity.xsd">
-->
<entity>
	<name>BelAlmac</name>
	<package>es.indra.belcorp.mso</package>
	<table>BEL_ALMAC</table>
	<keyGenerator>BEL_ALMC_SEQ</keyGenerator>
	<attributes>
		<attribute>
			<name>id</name>
			<sqlName>OID_ALMA</sqlName>
			<primaryKey>true</primaryKey>
			<className>java.lang.Long</className>
			<size>12</size>
			<required>true</required>
			<search>false</search>
			<list>false</list>
			<view>false</view>
			<modify>false</modify>
			<insert>false</insert>
			<order>1</order>
		</attribute>
		<attribute>
			<name>paisOidPais</name>
			<sqlName>PAIS_OID_PAIS</sqlName>
			<className>es.indra.belcorp.mso.SegPaisView</className>
			<size>12</size>
			<widget>
				<type>combo</type>
				<text>id</text>
			</widget>
			<required>true</required>
			<search>false</search>
			<list>false</list>
			<insert>false</insert>
			<view>false</view>
			<modify>false</modify>
			<wrap>false</wrap>
			<order>2</order>
		</attribute>
		<attribute>
			<name>codAlma</name>
			<sqlName>COD_ALMA</sqlName>
			<className>java.lang.String</className>
			<size>3</size>
			<required>true</required>
			<search>true</search>
			<list>true</list>
			<insert>true</insert>
			<modify>true</modify>
			<view>true</view>
			<editable>false</editable>
			<order>3</order>
			<wrap>false</wrap>
			<uppercase>true</uppercase>
		</attribute>
		<attribute>
			<name>indInfoSap</name>
			<sqlName>IND_INFO_SAP</sqlName>
			<className>java.lang.Boolean</className>
			<size>1</size>
			<required>false</required>
			<search>true</search>
			<list>true</list>
			<insert>true</insert>
			<modify>true</modify>
			<view>true</view>
			<wrap>false</wrap>
			<order>5</order>
			<!--            
			<widget>
				<type>checkbox</type>
				
				<options>
				<option>
				<value>1</value>
				
				<text>Si</text>
				</option>
				
				<option>
				<value>0</value>
				
				<text>No</text>
				</option>
				</options>
			</widget> 
			-->
			<widget>
				<type>checkbox</type>
			</widget>
		</attribute>
		<attribute>
			<name>Descripcion</name>
			<className>java.lang.String</className>
			<localizationOrder>1</localizationOrder>
			<orderBy>1</orderBy>
			<order>4</order>
			<required>true</required>
			<insert>true</insert>
			<search>true</search>
			<list>true</list>
			<modify>true</modify>
			<view>true</view>
			<wrap>false</wrap>
			<size>40</size>
			<choice>true</choice>
		</attribute>
	</attributes>
	<actions>
		<action>
			<side>client</side>
			<scope>precreate</scope>
			<code><![CDATA[				
			SegPaisViewData paisOculto = new SegPaisViewData();
			paisOculto.setId(new Long(MMGDruidaHelper.getUserDefaultCountry(this)));
			belAlmac.setPaisOidPais(paisOculto);
			belAlmac.setIndInfoSap(Boolean.FALSE);
			]]></code>
		</action>
		<action>
			<side>client</side>
			<scope>postcreate</scope>
			<code><![CDATA[
			SegPaisViewData paisOculto = new SegPaisViewData();
			paisOculto.setId(new Long(MMGDruidaHelper.getUserDefaultCountry(this)));
			belAlmac.setPaisOidPais(paisOculto);
			]]></code>
		</action>
		<action>
			<side>client</side>
			<scope>preupdate</scope>
			<code><![CDATA[
				SegPaisViewData paisOculto = new SegPaisViewData();
				paisOculto.setId(new Long(MMGDruidaHelper.getUserDefaultCountry(this)));
				belAlmac.setPaisOidPais(paisOculto);
				]]></code>
		</action>
		<action>
			<side>client</side>
			<scope>postupdate</scope>
			<code><![CDATA[
				SegPaisViewData paisOculto = new SegPaisViewData();
				paisOculto.setId(new Long(MMGDruidaHelper.getUserDefaultCountry(this)));
				belAlmac.setPaisOidPais(paisOculto);
				]]></code>
		</action>
		<action>
			<side>client</side>
			<scope>prequery</scope>
			<code><![CDATA[
				SegPaisViewData paisOculto = new SegPaisViewData();
				paisOculto.setId(new Long(MMGDruidaHelper.getUserDefaultCountry(this)));
				belAlmacFrom.setPaisOidPais(paisOculto);
				belAlmacTo.setPaisOidPais((SegPaisViewData)paisOculto.clone());
				]]></code>
		</action>
		<action>
			<side>client</side>
			<scope>postquery</scope>
			<code><![CDATA[SegPaisViewData paisOculto = new SegPaisViewData();
				paisOculto.setId(new Long(MMGDruidaHelper.getUserDefaultCountry(this)));
				belAlmacFrom.setPaisOidPais(paisOculto);
				belAlmacTo.setPaisOidPais((SegPaisViewData)paisOculto.clone());
				]]></code>
		</action>
	</actions>
</entity>
