<?xml version="1.0" encoding="UTF-8"?>
<!--
<entity xmlns:xsi="http://www.w3.org/2001/XMLSchema-instance"
	xsi:noNamespaceSchemaLocation="C:/mmg/resources/schemas/entity.xsd">
-->
<entity>
  <name>BelCaja</name>
  <package>es.indra.belcorp.mso</package>
  <table>BEL_CAJA</table>
  <keyGenerator>BEL_CAJA_SEQ</keyGenerator>
  <attributes>
    <attribute>
      <name>id</name>
      <sqlName>OID_CAJA</sqlName>
      <primaryKey>true</primaryKey>
      <className>java.lang.Long</className>
      <size>12</size>
      <required>true</required>
      <search>false</search>
      <list>false</list>
      <view>false</view>
      <modify>false</modify>
      <insert>false</insert>
      <order>1</order>
    </attribute>
    <attribute>
      <name>paisOidPais</name>
      <sqlName>PAIS_OID_PAIS</sqlName>
      <className>es.indra.belcorp.mso.SegPaisView</className>
      <size>12</size>
      <widget>
        <type>combo</type>
        <text>id</text>
      </widget>
      <required>true</required>
    <search>false</search>
    <list>false</list>
    <view>false</view>
    <modify>false</modify>
    <insert>false</insert>
      <order>2</order>
    </attribute>
    <attribute>
      <name>sbacOidSbac</name>
      <sqlName>SBAC_OID_SBAC</sqlName>
      <className>es.indra.belcorp.mso.SegSubac</className>
      <size>12</size>
      <widget>
        <type>combo</type>
        <text>id</text>
      </widget>
      <required>true</required>
      <search>true</search>
      <list>true</list>
      <order>3</order>
    </attribute>
    <attribute>
      <name>codCaja</name>
      <sqlName>COD_CAJA</sqlName>
      <className>java.lang.String</className>
      <size>3</size>
      <required>true</required>
      <search>true</search>
      <list>true</list>
      <order>4</order>
    </attribute>
    <attribute>
      <name>valEstaCaja</name>
      <sqlName>VAL_ESTA_CAJA</sqlName>
      <className>java.lang.String</className>
      <size>1</size>
      <insert>false</insert>
      <required>false</required>
	  <modify>false</modify>
	  <view>false</view>
      <search>false</search>      
      <list>false</list>
      <order>5</order>
    </attribute>
    <attribute>
      <name>fecCier</name>
      <sqlName>FEC_CIER</sqlName>
      <className>java.sql.Date</className>
      <size>10</size>
      <insert>false</insert>
      <required>false</required>
	  <modify>false</modify>
	  <view>false</view>
      <search>false</search>      
      <list>false</list>
      <order>6</order>
    </attribute>
    <attribute>
      <name>valUsua</name>
      <sqlName>VAL_USUA</sqlName>
      <className>java.lang.String</className>
      <size>20</size>
      <required>true</required>
      <search>true</search>
      <list>true</list>
      <order>7</order>
    </attribute>
    <attribute>
      <name>ticjOidTipoCaja</name>
      <sqlName>TICJ_OID_TIPO_CAJA</sqlName>
      <className>es.indra.belcorp.mso.BelTipoCaja</className>
      <size>12</size>
      <widget>
        <type>combo</type>
        <text>id</text>
      </widget>
      <required>false</required>
      <search>true</search>
      <list>true</list>
      <order>8</order>
    </attribute>
  </attributes>
    <actions>
        <action>
            <side>client</side>
            <scope>precreate</scope>
            <code><![CDATA[
                SegPaisViewData paisOculto = new SegPaisViewData();
                paisOculto.setId(new Long(MMGDruidaHelper.getUserDefaultCountry(this)));
                belCaja.setPaisOidPais(paisOculto);
                belCaja.setValEstaCaja("C");
                ]]></code>
        </action>
        <action>
            <side>client</side>
            <scope>postcreate</scope>
            <code><![CDATA[
                SegPaisViewData paisOculto = new SegPaisViewData();
                paisOculto.setId(new Long(MMGDruidaHelper.getUserDefaultCountry(this)));
                belCaja.setPaisOidPais(paisOculto);
                belCaja.setValEstaCaja("C");
                ]]></code>
        </action>
        <action>
            <side>client</side>
            <scope>preupdate</scope>
            <code><![CDATA[
                SegPaisViewData paisOculto = new SegPaisViewData();
                paisOculto.setId(new Long(MMGDruidaHelper.getUserDefaultCountry(this)));
                belCaja.setPaisOidPais(paisOculto);
                ]]></code>
        </action>
        <action>
            <side>client</side>
            <scope>postupdate</scope>
            <code><![CDATA[
                SegPaisViewData paisOculto = new SegPaisViewData();
                paisOculto.setId(new Long(MMGDruidaHelper.getUserDefaultCountry(this)));
                belCaja.setPaisOidPais(paisOculto);
                ]]></code>
        </action>
        <action>
            <side>client</side>
            <scope>prequery</scope>
            <code><![CDATA[
                SegPaisViewData paisOculto = new SegPaisViewData();
                paisOculto.setId(new Long(MMGDruidaHelper.getUserDefaultCountry(this)));
                belCajaFrom.setPaisOidPais(paisOculto);
                belCajaTo.setPaisOidPais((SegPaisViewData)paisOculto.clone());
                ]]></code>
        </action>
        <action>
            <side>client</side>
            <scope>postquery</scope>
            <code><![CDATA[
                SegPaisViewData paisOculto = new SegPaisViewData();
                paisOculto.setId(new Long(MMGDruidaHelper.getUserDefaultCountry(this)));
                belCajaFrom.setPaisOidPais(paisOculto);
                belCajaTo.setPaisOidPais((SegPaisViewData)paisOculto.clone());
                ]]></code>
        </action>
    </actions>
</entity>
