<?xml version="1.0" encoding="UTF-8"?>
<!--
<entity xmlns:xsi="http://www.w3.org/2001/XMLSchema-instance"
	xsi:noNamespaceSchemaLocation="C:/mmg/resources/schemas/entity.xsd">
-->
<entity>
    <name>BelContrAlmac</name>
    <package>es.indra.belcorp.mso</package>
    <table>BEL_CONTR_ALMAC</table>
    <keyGenerator>BEL_COAL_SEQ</keyGenerator>
    <attributes>
        <attribute>
            <name>id</name>
            <sqlName>OID_CTRL_ALMA</sqlName>
            <primaryKey>true</primaryKey>
            <className>java.lang.Long</className>
            <size>12</size>
            <required>true</required>
            <search>false</search>
            <list>false</list>
            <view>false</view>
            <modify>false</modify>
            <insert>false</insert>
            <order>1</order>
        </attribute>
        <attribute>
            <name>sbacOidSbac</name>
            <sqlName>SBAC_OID_SBAC</sqlName>
            <className>es.indra.belcorp.mso.SegSubac</className>
            <size>12</size>
            <widget>
                <type>combo</type>
                <text>id</text>
            </widget>
            <required>true</required>
            <search>true</search>
            <list>true</list>
            <order>2</order>
        </attribute>
        <attribute>
            <name>prodOidProd</name>
            <sqlName>PROD_OID_PROD</sqlName>
            <className>es.indra.belcorp.mso.MaeProdu</className>
            <size>12</size>
            <widget>
                <type>combo</type>
                <text>id</text>
            </widget>
            <required>true</required>
            <search>true</search>
            <list>true</list>
            <order>3</order>
        </attribute>
        <attribute>
            <name>valStocMini</name>
            <sqlName>VAL_STOC_MINI</sqlName>
            <className>java.lang.Long</className>
            <size>10</size>
            <required>false</required>
            <search>true</search>
            <list>true</list>
            <order>4</order>
        </attribute>
        <attribute>
            <name>valStocMaxi</name>
            <sqlName>VAL_STOC_MAXI</sqlName>
            <className>java.lang.Long</className>
            <size>10</size>
            <required>false</required>
            <search>true</search>
            <list>true</list>
            <order>5</order>
        </attribute>
        <attribute>
            <name>valStocRepo</name>
            <sqlName>VAL_STOC_REPO</sqlName>
            <className>java.lang.Long</className>
            <size>10</size>
            <required>false</required>
            <search>true</search>
            <list>true</list>
            <order>6</order>
        </attribute>
        <attribute>
            <name>indActi</name>
            <sqlName>IND_ACTI</sqlName>
            <className>java.lang.Long</className>
            <size>1</size>
            <required>false</required>
            <search>true</search>
            <list>true</list>
            <order>7</order>
        </attribute>
    </attributes>
</entity>
