<?xml version="1.0" encoding="UTF-8"?>
<!--
<entity xmlns:xsi="http://www.w3.org/2001/XMLSchema-instance"
	xsi:noNamespaceSchemaLocation="C:/mmg/resources/schemas/entity.xsd">
-->
<entity>
    <name>BelFormaPagoTapon</name>

    <package>es.indra.belcorp.mso</package>

    <table>BEL_FORMA_PAGO</table>

    <keyGenerator>BEL_FOPA_SEQ</keyGenerator>

    <attributes>
        <attribute>
            <name>id</name>

            <sqlName>OID_FORM_PAGO</sqlName>

            <primaryKey>true</primaryKey>

            <className>java.lang.Long</className>

            <size>12</size>

            <required>true</required>

            <search>false</search>

            <list>false</list>

            <view>false</view>

            <modify>false</modify>

            <insert>false</insert>

            <order>1</order>
</attribute>

        <attribute>
            <name>codFormPago</name>

            <sqlName>COD_FORM_PAGO</sqlName>

            <className>java.lang.String</className>

            <size>3</size>

            <required>true</required>

            <search>true</search>

            <list>true</list>

            <order>2</order>

            <wrap>true</wrap>
</attribute>

        <attribute>
            <name>Descripcion</name>

            <className>java.lang.String</className>

            <order>3</order>

            <size>60</size>

            <required>true</required>

            <search>true</search>

            <list>true</list>

            <choice>true</choice>

            <orderBy>1</orderBy>

            <localizationOrder>1</localizationOrder>

            <insert>true</insert>

            <modify>true</modify>

            <view>true</view>

            <widget>
                <type>textArea</type>

                <width>40</width>

                <height>3</height>
</widget>
</attribute>

</attributes>

</entity>
