<?xml version="1.0" encoding="UTF-8"?>
<!--
<entity xmlns:xsi="http://www.w3.org/2001/XMLSchema-instance"
	xsi:noNamespaceSchemaLocation="C:/mmg/resources/schemas/entity.xsd">
-->
<entity>
	<name>BelFormaPago</name>
	<package>es.indra.belcorp.mso</package>
	<table>BEL_FORMA_PAGO</table>
	<keyGenerator>BEL_FOPA_SEQ</keyGenerator>
	<attributes>
		<attribute>
			<name>id</name>
			<sqlName>OID_FORM_PAGO</sqlName>
			<primaryKey>true</primaryKey>
			<className>java.lang.Long</className>
			<size>12</size>
			<required>true</required>
			<search>false</search>
			<list>false</list>
			<view>false</view>
			<modify>false</modify>
			<insert>false</insert>
			<order>1</order>
		</attribute>
		<attribute>
			<name>codFormPago</name>
			<sqlName>COD_FORM_PAGO</sqlName>
			<className>java.lang.String</className>
			<size>3</size>
			<required>true</required>
			<search>true</search>
			<list>true</list>
			<wrap>true</wrap>
			<modify>true</modify>
			<editable>false</editable>
			<choice>true</choice>
			<view>true</view>
			<uppercase>true</uppercase>
			<order>2</order>
		</attribute>
		<attribute>
			<name>Descripcion</name>
			<className>java.lang.String</className>
			<size>60</size>
			<required>true</required>
			<search>true</search>
			<list>true</list>
			<orderBy>1</orderBy>
			<localizationOrder>1</localizationOrder>
			<insert>true</insert>
			<modify>true</modify>
			<view>true</view>
			<widget>
				<type>textArea</type>
				<width>40</width>
				<height>3</height>
			</widget>
			<order>3</order>
		</attribute>
		<attribute>
			<name>paisOidPais</name>
			<sqlName>PAIS_OID_PAIS</sqlName>
			<className>es.indra.belcorp.mso.SegPaisView</className>
			<size>12</size>
			<widget>
				<type>combo</type>
				<text>id</text>
			</widget>
			<required>true</required>
			<list>false</list>
			<insert>false</insert>
			<modify>false</modify>
			<view>false</view>
			<search>false</search>
			<order>4</order>
		</attribute>
	</attributes>
	<actions>
		<action>
			<code><![CDATA[
				SegPaisViewData paisOculto = new SegPaisViewData();
				paisOculto.setId(new Long(MMGDruidaHelper.getUserDefaultCountry(this)));
				belFormaPago.setPaisOidPais(paisOculto);
			]]></code>
			<side>client</side>
			<scope>precreate</scope>
		</action>
		<action>
			<side>client</side>
			<scope>postcreate</scope>
			<code><![CDATA[
				SegPaisViewData paisOculto = new SegPaisViewData();
				paisOculto.setId(new Long(MMGDruidaHelper.getUserDefaultCountry(this)));
				belFormaPago.setPaisOidPais(paisOculto);
			]]></code>
		</action>
		<action>
			<side>client</side>
			<scope>preupdate</scope>
			<code><![CDATA[
				SegPaisViewData paisOculto = new SegPaisViewData();
				paisOculto.setId(new Long(MMGDruidaHelper.getUserDefaultCountry(this)));
				belFormaPago.setPaisOidPais(paisOculto);
			]]></code>
		</action>
		<action>
			<side>client</side>
			<scope>postupdate</scope>
			<code><![CDATA[
				SegPaisViewData paisOculto = new SegPaisViewData();
				paisOculto.setId(new Long(MMGDruidaHelper.getUserDefaultCountry(this)));
				belFormaPago.setPaisOidPais(paisOculto);
			]]></code>
		</action>
		<action>
			<side>client</side>
			<scope>prequery</scope>
			<code><![CDATA[
				SegPaisViewData paisOculto = new SegPaisViewData();
				paisOculto.setId(new Long(MMGDruidaHelper.getUserDefaultCountry(this)));
				belFormaPagoFrom.setPaisOidPais(paisOculto);belFormaPagoTo.setPaisOidPais((SegPaisViewData)paisOculto.clone());
			]]></code>
		</action>
		<action>
			<side>client</side>
			<scope>postquery</scope>
			<code><![CDATA[
				SegPaisViewData paisOculto = new SegPaisViewData();
				paisOculto.setId(new Long(MMGDruidaHelper.getUserDefaultCountry(this)));
				belFormaPagoFrom.setPaisOidPais(paisOculto);
				belFormaPagoTo.setPaisOidPais((SegPaisViewData)paisOculto.clone());
			]]></code>
		</action>
	</actions>
</entity>
