<?xml version="1.0" encoding="UTF-8"?>
<!--
<entity xmlns:xsi="http://www.w3.org/2001/XMLSchema-instance"
	xsi:noNamespaceSchemaLocation="C:/mmg/resources/schemas/entity.xsd">
-->
<entity>
    <name>BelMedioPago</name>

    <package>es.indra.belcorp.mso</package>

    <table>BEL_MEDIO_PAGO</table>

    <keyGenerator>BEL_MPAB_SEQ</keyGenerator>

    <attributes>
        <attribute>
            <name>id</name>

            <sqlName>OID_MEDI_PAGO</sqlName>

            <primaryKey>true</primaryKey>

            <className>java.lang.Long</className>

            <size>12</size>

            <required>true</required>

            <search>false</search>

            <list>false</list>

            <view>false</view>

            <modify>false</modify>

            <insert>false</insert>

            <order>1</order>
</attribute>

        <attribute>
            <name>paisOidPais</name>

            <sqlName>PAIS_OID_PAIS</sqlName>

            <className>es.indra.belcorp.mso.SegPaisView</className>

            <size>12</size>

            <widget>
                <type>combo</type>

                <text>id</text>
</widget>

            <required>true</required>

            <search>false</search>

            <list>false</list>

            <insert>false</insert>

            <modify>false</modify>

            <view>false</view>

            <wrap>false</wrap>

            <order>2</order>
</attribute>

        <attribute>
            <name>codMediPago</name>

            <sqlName>COD_MEDI_PAGO</sqlName>

            <className>java.lang.String</className>

            <size>3</size>

            <required>true</required>

            <search>true</search>

            <list>true</list>

            <insert>true</insert>

            <modify>true</modify>

            <editable>false</editable>

            <view>true</view>

            <order>3</order>

            <wrap>false</wrap>

            <uppercase>true</uppercase>
</attribute>

        <attribute>
            <name>tmepOidTipoMediPago</name>

            <sqlName>TMEP_OID_TIPO_MEDI_PAGO</sqlName>

            <className>es.indra.belcorp.mso.BelTipoMedioPago</className>

            <size>12</size>

            <widget>
                <type>combo</type>

                <text>id</text>
</widget>

            <required>true</required>

            <search>false</search>

            <list>true</list>

            <insert>true</insert>

            <modify>true</modify>

            <view>true</view>

            <wrap>false</wrap>

            <dependency>true</dependency>

            <order>5</order>
</attribute>

        <attribute>
            <name>Descripcion</name>

            <className>java.lang.String</className>

            <localizationOrder>1</localizationOrder>

            <orderBy>1</orderBy>

            <order>4</order>

            <required>true</required>

            <insert>true</insert>

            <search>true</search>

            <list>true</list>

            <modify>true</modify>

            <choice>true</choice>

            <view>true</view>

            <wrap>false</wrap>

            <size>40</size>

        </attribute>
</attributes>

    <actions>
        <action>
            <side>client</side>

            <scope>precreate</scope>

            <code>SegPaisViewData paisOculto = new SegPaisViewData();paisOculto.setId(new Long(MMGDruidaHelper.getUserDefaultCountry(this)));belMedioPago.setPaisOidPais(paisOculto);</code>

        </action>

        <action>
            <side>client</side>

            <scope>postcreate</scope>

            <code>SegPaisViewData paisOculto = new SegPaisViewData();paisOculto.setId(new Long(MMGDruidaHelper.getUserDefaultCountry(this)));belMedioPago.setPaisOidPais(paisOculto);</code>

        </action>

        <action>
            <side>client</side>

            <scope>preupdate</scope>

            <code>SegPaisViewData paisOculto = new SegPaisViewData();paisOculto.setId(new Long(MMGDruidaHelper.getUserDefaultCountry(this)));belMedioPago.setPaisOidPais(paisOculto);</code>

        </action>

        <action>
            <side>client</side>

            <scope>postupdate</scope>

            <code>SegPaisViewData paisOculto = new SegPaisViewData();paisOculto.setId(new Long(MMGDruidaHelper.getUserDefaultCountry(this)));belMedioPago.setPaisOidPais(paisOculto);</code>

        </action>

        <action>
            <side>client</side>

            <scope>prequery</scope>

            <code>SegPaisViewData paisOculto = new SegPaisViewData();paisOculto.setId(new Long(MMGDruidaHelper.getUserDefaultCountry(this)));belMedioPagoFrom.setPaisOidPais(paisOculto);belMedioPagoTo.setPaisOidPais((SegPaisViewData)paisOculto.clone());</code>

        </action>

        <action>
            <side>client</side>

            <scope>postquery</scope>

            <code>SegPaisViewData paisOculto = new SegPaisViewData();paisOculto.setId(new Long(MMGDruidaHelper.getUserDefaultCountry(this)));belMedioPagoFrom.setPaisOidPais(paisOculto);belMedioPagoTo.setPaisOidPais((SegPaisViewData)paisOculto.clone());</code>

        </action>

    </actions>

</entity>
