<?xml version="1.0" encoding="UTF-8"?>
<!--
<entity xmlns:xsi="http://www.w3.org/2001/XMLSchema-instance"
	xsi:noNamespaceSchemaLocation="C:/mmg/resources/schemas/entity.xsd">
-->
<entity>
  <name>BelParamBelce</name>
  <package>es.indra.belcorp.mso</package>
  <table>BEL_PARAM_BELCE</table>
  <keyGenerator>BEL_PABE_SEQ</keyGenerator>
  <attributes>
    <attribute>
      <name>id</name>
      <sqlName>OID_PARA</sqlName>
      <primaryKey>true</primaryKey>
      <className>java.lang.Long</className>
      <size>12</size>
      <required>true</required>
      <search>false</search>
      <list>false</list>
      <view>false</view>
      <modify>false</modify>
      <insert>false</insert>
      <order>1</order>
    </attribute>
    <attribute>
      <name>sbacOidSbac</name>
      <sqlName>SBAC_OID_SBAC</sqlName>
      <className>es.indra.belcorp.mso.SegSubacView</className>
      <size>12</size>
      <widget>
        <type>combo</type>
        <text>id</text>
      </widget>
      <required>true</required>
      <search>true</search>
      <list>true</list>
      <order>2</order>
    </attribute>
    <attribute>
      <name>valDire</name>
      <sqlName>VAL_DIRE</sqlName>
      <className>java.lang.String</className>
      <size>50</size>
      <required>true</required>
      <search>true</search>
      <list>true</list>
      <order>3</order>
    </attribute>
    <attribute>
      <name>valTfno</name>
      <sqlName>VAL_TFNO</sqlName>
      <className>java.lang.String</className>
      <size>30</size>
      <required>false</required>
      <search>true</search>
      <list>true</list>
      <order>4</order>
    </attribute>
    <attribute>
      <name>valMontMaxiDife</name>
      <sqlName>VAL_MONT_MAXI_DIFE</sqlName>
      <className>java.lang.Double</className>
      <size>12,2</size>
      <required>true</required>
      <search>true</search>
      <list>true</list>
      <order>5</order>
    </attribute>
    <attribute>
      <name>valLimiEfecCaja</name>
      <sqlName>VAL_LIMI_EFEC_CAJA</sqlName>
      <className>java.lang.Double</className>
      <size>12,2</size>
      <required>true</required>
      <search>true</search>
      <list>true</list>
      <order>6</order>
    </attribute>
    <attribute>
      <name>numCaja</name>
      <sqlName>NUM_CAJA</sqlName>
      <className>java.lang.Long</className>
      <size>3</size>
      <required>true</required>
      <search>true</search>
      <list>true</list>
      <order>7</order>
    </attribute>
    <attribute>
      <name>valNombLoca</name>
      <sqlName>VAL_NOMB_LOCA</sqlName>
      <className>java.lang.String</className>
      <size>40</size>
      <required>true</required>
      <search>true</search>
      <list>true</list>
      <order>8</order>
    </attribute>
    <attribute>
      <name>valTiempRepo</name>
      <sqlName>VAL_TIEMP_REPO</sqlName>
      <className>java.lang.Long</className>
      <size>2</size>
      <required>true</required>
      <search>true</search>
      <list>true</list>
      <order>9</order>
    </attribute>
    <attribute>
      <name>valFactLoca</name>
      <sqlName>VAL_FACT_LOCA</sqlName>
      <className>java.lang.Double</className>
      <size>5,2</size>
      <required>true</required>
      <search>true</search>
      <list>true</list>
      <order>10</order>
    </attribute>
    <attribute>
      <name>numMaxiProd</name>
      <sqlName>NUM_MAXI_PROD</sqlName>
      <className>java.lang.Long</className>
      <size>3</size>
      <required>true</required>
      <search>true</search>
      <list>true</list>
      <order>11</order>
    </attribute>
    <attribute>
      <name>valAlerStoc</name>
      <sqlName>VAL_ALER_STOC</sqlName>
      <className>java.lang.Long</className>
      <size>10</size>
      <required>true</required>
      <search>true</search>
      <list>true</list>
      <order>12</order>
    </attribute>
    <attribute>
      <name>valUsua</name>
      <sqlName>VAL_USUA</sqlName>
      <className>java.lang.String</className>
      <size>20</size>
      <required>true</required>
      <search>true</search>
      <list>true</list>
      <order>13</order>
    </attribute>
    <attribute>
      <name>clieOidClie</name>
      <sqlName>CLIE_OID_CLIE</sqlName>
      <className>es.indra.belcorp.mso.MaeClien</className>
      <size>12</size>
      <widget>
        <type>combo</type>
        <text>id</text>
      </widget>
      <required>true</required>
      <search>true</search>
      <list>true</list>
      <order>14</order>
    </attribute>
    <attribute>
      <name>sociOidSoci</name>
      <sqlName>SOCI_OID_SOCI</sqlName>
      <className>es.indra.belcorp.mso.SegSocie</className>
      <size>12</size>
      <widget>
        <type>combo</type>
        <text>id</text>
      </widget>
      <required>true</required>
      <search>true</search>
      <list>true</list>
      <order>15</order>
    </attribute>
    <attribute>
      <name>ttraOidTipoTran</name>
      <sqlName>TTRA_OID_TIPO_TRAN</sqlName>
      <className>es.indra.belcorp.mso.CccTipoTrans</className>
      <size>12</size>
      <widget>
        <type>combo</type>
        <text>id</text>
      </widget>
      <required>true</required>
      <search>true</search>
      <list>true</list>
      <order>16</order>
    </attribute>
    <attribute>
      <name>ccbaOidCuenCorrBanc</name>
      <sqlName>CCBA_OID_CUEN_CORR_BANC</sqlName>
      <className>es.indra.belcorp.mso.CccCuentCorriBanca</className>
      <size>12</size>
      <widget>
        <type>combo</type>
        <text>id</text>
      </widget>
      <required>true</required>
      <search>true</search>
      <list>true</list>
      <order>17</order>
    </attribute>
    <attribute>
      <name>tmvcOidCobr</name>
      <sqlName>TMVC_OID_COBR</sqlName>
      <className>es.indra.belcorp.mso.BelTipoMovimCaja</className>
      <size>12</size>
      <widget>
        <type>combo</type>
        <text>id</text>
      </widget>
      <required>true</required>
      <search>true</search>
      <list>true</list>
      <order>18</order>
    </attribute>
    <attribute>
      <name>tmvcOidCier</name>
      <sqlName>TMVC_OID_CIER</sqlName>
      <className>es.indra.belcorp.mso.BelTipoMovimCaja</className>
      <size>12</size>
      <widget>
        <type>combo</type>
        <text>id</text>
      </widget>
      <required>true</required>
      <search>true</search>
      <list>true</list>
      <order>19</order>
    </attribute>
    <attribute>
      <name>tmalOidConfStoc</name>
      <sqlName>TMAL_OID_CONF_STOC</sqlName>
      <className>es.indra.belcorp.mso.BelTipoMovimAlmac</className>
      <size>12</size>
      <widget>
        <type>combo</type>
        <text>id</text>
      </widget>
      <required>true</required>
      <search>true</search>
      <list>true</list>
      <order>20</order>
    </attribute>
    <attribute>
      <name>tmalOidConfStocTran</name>
      <sqlName>TMAL_OID_CONF_STOC_TRAN</sqlName>
      <className>es.indra.belcorp.mso.BelTipoMovimAlmac</className>
      <size>12</size>
      <widget>
        <type>combo</type>
        <text>id</text>
      </widget>
      <required>true</required>
      <search>true</search>
      <list>true</list>
      <order>21</order>
    </attribute>
    <attribute>
      <name>tmalOidStocTran</name>
      <sqlName>TMAL_OID_STOC_TRAN</sqlName>
      <className>es.indra.belcorp.mso.BelTipoMovimAlmac</className>
      <size>12</size>
      <widget>
        <type>combo</type>
        <text>id</text>
      </widget>
      <required>true</required>
      <search>true</search>
      <list>true</list>
      <order>22</order>
    </attribute>
    <attribute>
      <name>tmalOidStocDevo</name>
      <sqlName>TMAL_OID_STOC_DEVO</sqlName>
      <className>es.indra.belcorp.mso.BelTipoMovimAlmac</className>
      <size>12</size>
      <widget>
        <type>combo</type>
        <text>id</text>
      </widget>
      <required>true</required>
      <search>true</search>
      <list>true</list>
      <order>23</order>
    </attribute>
    <attribute>
      <name>tmalOidRegu</name>
      <sqlName>TMAL_OID_REGU</sqlName>
      <className>es.indra.belcorp.mso.BelTipoMovimAlmac</className>
      <size>12</size>
      <widget>
        <type>combo</type>
        <text>id</text>
      </widget>
      <required>true</required>
      <search>true</search>
      <list>true</list>
      <order>24</order>
    </attribute>
    <attribute>
      <name>tmalOidReguSap</name>
      <sqlName>TMAL_OID_REGU_SAP</sqlName>
      <className>es.indra.belcorp.mso.BelTipoMovimAlmac</className>
      <size>12</size>
      <widget>
        <type>combo</type>
        <text>id</text>
      </widget>
      <required>true</required>
      <search>true</search>
      <list>true</list>
      <order>25</order>
    </attribute>
    <attribute>
      <name>tmalOidDevoStoc</name>
      <sqlName>TMAL_OID_DEVO_STOC</sqlName>
      <className>es.indra.belcorp.mso.BelTipoMovimAlmac</className>
      <size>12</size>
      <widget>
        <type>combo</type>
        <text>id</text>
      </widget>
      <required>true</required>
      <search>true</search>
      <list>true</list>
      <order>26</order>
    </attribute>
    <attribute>
      <name>tmalOidPetiExis</name>
      <sqlName>TMAL_OID_PETI_EXIS</sqlName>
      <className>es.indra.belcorp.mso.BelTipoMovimAlmac</className>
      <size>12</size>
      <widget>
        <type>combo</type>
        <text>id</text>
      </widget>
      <required>true</required>
      <search>true</search>
      <list>true</list>
      <order>27</order>
    </attribute>
    <attribute>
      <name>paisOidPais</name>
      <sqlName>PAIS_OID_PAIS</sqlName>
      <className>es.indra.belcorp.mso.SegPaisView</className>
      <size>12</size>
      <widget>
        <type>combo</type>
        <text>id</text>
      </widget>
      <required>true</required>
      <search>false</search>
      <list>false</list>
      <insert>false</insert>
      <modify>false</modify>
      <view>false</view>
      <wrap>false</wrap>
      <order>28</order>
    </attribute>
  </attributes>
</entity>
