<?xml version="1.0" encoding="UTF-8"?>
<!--
<entity xmlns:xsi="http://www.w3.org/2001/XMLSchema-instance"
	xsi:noNamespaceSchemaLocation="C:/mmg/resources/schemas/entity.xsd">
-->
<entity>
	<name>BelTipoMovimCaja</name>
	<package>es.indra.belcorp.mso</package>
	<table>BEL_TIPO_MOVIM_CAJA</table>
	<keyGenerator>BEL_TMVC_SEQ</keyGenerator>
	<attributes>
		<attribute>
			<name>id</name>
			<sqlName>OID_TIPO_MOVI_CAJA</sqlName>
			<primaryKey>true</primaryKey>
			<className>java.lang.Long</className>
			<size>12</size>
			<required>true</required>
			<search>false</search>
			<list>false</list>
			<view>false</view>
			<modify>false</modify>
			<insert>false</insert>
			<order>1</order>
		</attribute>
		<attribute>
			<name>desTipoMoviCaja</name>
			<sqlName>DES_TIPO_MOVI_CAJA</sqlName>
			<className>java.lang.String</className>
			<size>30</size>
			<required>true</required>
			<search>true</search>
			<list>true</list>
			<order>2</order>
		</attribute>
		<attribute>
			<name>valSign</name>
			<sqlName>VAL_SIGN</sqlName>
			<className>java.lang.String</className>
			<size>2</size>
			<required>true</required>
			<search>true</search>
			<list>true</list>
			<order>3</order>
		</attribute>
		<attribute>
			<name>indAuto</name>
			<sqlName>IND_AUTO</sqlName>
			<className>java.lang.String</className>
			<size>1</size>
			<required>true</required>
			<search>true</search>
			<list>true</list>
			<order>4</order>
		</attribute>
		<attribute>
			<name>codCaja</name>
			<sqlName>COD_CAJA</sqlName>
			<className>java.lang.String</className>
			<size>2</size>
			<required>true</required>
			<search>true</search>
			<list>true</list>
			<order>5</order>
		</attribute>
	</attributes>
</entity>
