<?xml version="1.0" encoding="UTF-8"?>
<!--
<entity xmlns:xsi="http://www.w3.org/2001/XMLSchema-instance"
	xsi:noNamespaceSchemaLocation="C:/mmg/resources/schemas/entity.xsd">
-->
<entity>
  <name>BelTipoCaja</name>
  <package>es.indra.belcorp.mso</package>
  <table>BEL_TIPO_CAJA</table>
  <keyGenerator>BEL_TICJ_SEQ</keyGenerator>
  <attributes>
    <attribute>
      <name>id</name>
      <sqlName>OID_TIPO_CAJA</sqlName>
      <primaryKey>true</primaryKey>
      <className>java.lang.Long</className>
      <size>12</size>
      <required>true</required>
      <search>false</search>
      <list>false</list>
      <view>false</view>
      <modify>false</modify>
      <insert>false</insert>
      <order>1</order>
    </attribute>
    <attribute>
      <name>codTipoCaja</name>
      <sqlName>COD_TIPO_CAJA</sqlName>
      <className>java.lang.String</className>
      <size>1</size>
      <required>true</required>
      <search>true</search>
      <list>true</list>
      <order>2</order>
    </attribute>
    <attribute>
      <name>Descripcion</name>
      <className>java.lang.String</className>
      <localizationOrder>1</localizationOrder>
      <orderBy>1</orderBy>
      <required>true</required>
      <insert>true</insert>
      <search>true</search>
      <list>true</list>
      <view>true</view>
      <modify>true</modify>
      <choice>true</choice>
      <wrap>false</wrap>
      <size>40</size>
      <order>3</order>
    </attribute>
  </attributes>
</entity>
