<?xml version="1.0" encoding="UTF-8"?>
<!--
<entity xmlns:xsi="http://www.w3.org/2001/XMLSchema-instance"
	xsi:noNamespaceSchemaLocation="C:/mmg/resources/schemas/entity.xsd">
-->
<entity>
    <name>BelTipoMovimAlmac</name>
    <package>es.indra.belcorp.mso</package>
    <table>BEL_TIPO_MOVIM_ALMAC</table>
    <keyGenerator>BEL_TMAL_SEQ</keyGenerator>
    <attributes>
        <attribute>
            <name>id</name>
            <sqlName>OID_TIPO_MOVI_ALMA</sqlName>
            <primaryKey>true</primaryKey>
            <className>java.lang.Long</className>
            <size>12</size>
            <required>true</required>
            <search>false</search>
            <list>false</list>
            <view>false</view>
            <modify>false</modify>
            <insert>false</insert>
            <order>1</order>
        </attribute>
        <attribute>
            <name>paisOidPais</name>
            <sqlName>PAIS_OID_PAIS</sqlName>
            <className>es.indra.belcorp.mso.SegPais</className>
            <size>12</size>
            <widget>
                <type>combo</type>
                <text>id</text>
            </widget>
            <required>true</required>
            <search>true</search>
            <list>true</list>
            <order>2</order>
        </attribute>
        <attribute>
            <name>codTipoMovi</name>
            <sqlName>COD_TIPO_MOVI</sqlName>
            <className>java.lang.String</className>
            <size>3</size>
            <required>true</required>
            <search>true</search>
            <list>true</list>
            <order>3</order>
        </attribute>
        <attribute>
            <name>codMoviSap</name>
            <sqlName>COD_MOVI_SAP</sqlName>
            <className>java.lang.String</className>
            <size>18</size>
            <required>false</required>
            <search>true</search>
            <list>true</list>
            <order>4</order>
        </attribute>
        <attribute>
            <name>indMoviEntrAlma</name>
            <sqlName>IND_MOVI_ENTR_ALMA</sqlName>
            <className>java.lang.Long</className>
            <size>1</size>
            <required>true</required>
            <search>true</search>
            <list>true</list>
            <order>5</order>
        </attribute>        
        <attribute>
            <name>indMantMovi</name>
            <sqlName>IND_MANT_MOVI</sqlName>
            <className>java.lang.Long</className>
            <size>1</size>
            <required>true</required>
            <search>true</search>
            <list>true</list>
            <order>6</order>
        </attribute>
        <attribute>
            <name>indSap</name>
            <sqlName>IND_SAP</sqlName>
            <className>java.lang.Long</className>
            <size>1</size>
            <required>true</required>
            <search>true</search>
            <list>true</list>
            <order>7</order>
        </attribute>
        <attribute>
            <name>esmeOidEstaMerc1</name>
            <sqlName>ESME_OID_ESTA_MERC_1</sqlName>
            <className>es.indra.belcorp.mso.BelEstadMerca</className>
            <size>12</size>
            <widget>
                <type>combo</type>
                <text>id</text>
            </widget>
            <required>false</required>
            <search>true</search>
            <list>true</list>
            <order>8</order>
        </attribute>
        <attribute>
            <name>esmeOidEstaMerc2</name>
            <sqlName>ESME_OID_ESTA_MERC_2</sqlName>
            <className>es.indra.belcorp.mso.BelEstadMerca</className>
            <size>12</size>
            <widget>
                <type>combo</type>
                <text>id</text>
            </widget>
            <required>false</required>
            <search>true</search>
            <list>true</list>
            <order>9</order>
        </attribute>
        <attribute>
            <name>codOper1</name>
            <sqlName>COD_OPER_1</sqlName>
            <className>java.lang.String</className>
            <size>1</size>
            <required>false</required>
            <search>true</search>
            <list>true</list>
            <order>10</order>
        </attribute>
        <attribute>
            <name>codOper2</name>
            <sqlName>COD_OPER_2</sqlName>
            <className>java.lang.String</className>
            <size>1</size>
            <required>false</required>
            <search>true</search>
            <list>true</list>
            <order>11</order>
        </attribute>
    </attributes>
</entity>
