<?xml version="1.0" encoding="UTF-8"?>
<!--
<entity xmlns:xsi="http://www.w3.org/2001/XMLSchema-instance"
	xsi:noNamespaceSchemaLocation="C:/mmg/resources/schemas/entity.xsd">
-->
<entity>
  <name>CalAtribEstadConta</name>
  <package>es.indra.belcorp.mso</package>
  <table>CAL_ATRIB_ESTAD_CONTA</table>
  <keyGenerator>CAL_ATEC_SEQ</keyGenerator>
  <attributes>
    <attribute>
      <name>id</name>
      <sqlName>OID_ATRI_ESTA_CONT</sqlName>
      <primaryKey>true</primaryKey>
      <className>java.lang.Long</className>
      <size>12</size>
      <required>true</required>
      <search>false</search>
      <list>false</list>
      <view>false</view>
      <modify>false</modify>
      <insert>false</insert>
      <order>1</order>
    </attribute>
    <attribute>
      <name>codAtri</name>
      <sqlName>COD_ATRI</sqlName>
      <className>java.lang.String</className>
      <size>2</size>
      <required>true</required>
      <insert>true</insert>
	  <search>true</search>
      <list>true</list>
   	  <view>true</view>
	  <modify>true</modify>
      <wrap>false</wrap>
	  <order>3</order>
	</attribute>
    <attribute>
      <name>tecoOidTipoEstaCont</name>
      <sqlName>TECO_OID_TIPO_ESTA_CONT</sqlName>
      <className>es.indra.belcorp.mso.CalTipoEstadConta</className>
      <size>12</size>
      <widget>
        <type>combo</type>
        <text>id</text>
      </widget>
      <required>true</required>
      <insert>true</insert>
	  <search>true</search>
      <list>true</list>
   	  <view>true</view>
	  <modify>true</modify>
      <wrap>false</wrap>
      <order>2</order>
    </attribute>

        <attribute>
            <name>Descripcion</name>
            <className>java.lang.String</className>
            <localizationOrder>1</localizationOrder>
            <orderBy>1</orderBy>
            <order>4</order>
            <required>true</required>
            <insert>true</insert>
            <search>true</search>
            <list>true</list>
            <view>true</view>
            <modify>true</modify>
            <choice>true</choice>
            <wrap>false</wrap>
            <size>40</size>
		</attribute>
  
  </attributes>

</entity>
