<?xml version="1.0" encoding="UTF-8"?>
<!--
<entity xmlns:xsi="http://www.w3.org/2001/XMLSchema-instance"
	xsi:noNamespaceSchemaLocation="C:/mmg/resources/schemas/entity.xsd">
-->
<entity>
  <name>CalGuias</name>
  <package>es.indra.belcorp.mso</package>
  <table>CAL_GUIAS</table>
  <keyGenerator>CAL_GUIA_SEQ</keyGenerator>
  <attributes>
    <attribute>
      <name>id</name>
      <sqlName>OID_GUIA</sqlName>
      <primaryKey>true</primaryKey>
      <className>java.lang.Long</className>
      <size>12</size>
      <required>true</required>
      <search>false</search>
      <list>false</list>
      <view>false</view>
      <modify>false</modify>
      <insert>false</insert>
	  <order>1</order>
    </attribute>
    <attribute>
      <name>codGuia</name>
      <sqlName>COD_GUIA</sqlName>
      <className>java.lang.String</className>
      <size>4</size>
      <required>true</required>
      <search>true</search>
      <list>true</list>
	  <insert>true</insert>
	  <order>2</order>
	  <modify>false</modify>
      <wrap>false</wrap>
	</attribute>
    <attribute>
      <name>valTitu</name>
      <sqlName>VAL_TITU</sqlName>
      <className>java.lang.String</className>
      <size>40</size>
      <required>true</required>
	  <insert>true</insert>
	  <search>true</search>
      <list>true</list>
      <view>true</view>
	  <modify>true</modify>
      <wrap>true</wrap>
	  <order>4</order>
    </attribute>
    <attribute>
      <name>fecInicVali</name>
      <sqlName>FEC_INIC_VALI</sqlName>
      <className>java.sql.Date</className>
      <size>7</size>
      <required>true</required>
	  <insert>true</insert>
	  <search>true</search>
	  <list>true</list>
      <view>true</view>
	  <modify>true</modify>
      <wrap>false</wrap>
	  <order>5</order>
    </attribute>
    <attribute>
      <name>fecFinVali</name>
      <sqlName>FEC_FIN_VALI</sqlName>
      <className>java.sql.Date</className>
      <size>7</size>
      <required>true</required>
	  <insert>true</insert>
	  <search>true</search>
      <list>true</list>
      <view>true</view>
	  <modify>true</modify>
      <wrap>true</wrap>
	  <order>6</order>
    </attribute>
    <attribute>
      <name>valDescGuia</name>
      <sqlName>VAL_DESC_GUIA</sqlName>
      <className>java.lang.String</className>
      <size>2000</size>
      <required>true</required>
	  <insert>true</insert>
	  <search>true</search>
      <list>true</list>
      <view>true</view>
	  <modify>true</modify>
	 <widget>
		<type>textArea</type>
		<width>100</width>
		<height>20</height>
	</widget>

	  <order>7</order>
    </attribute>

	<attribute>
      <name>paisOidPais</name>
      <sqlName>PAIS_OID_PAIS</sqlName>
      <className>es.indra.belcorp.mso.SegPaisView</className>
      <size>12</size>
      <widget>
        <type>combo</type>
        <text>id</text>
      </widget>
      <required>true</required>
	  <search>false</search>
	  <list>false</list>
	  <insert>false</insert>
	  <modify>false</modify>
	  <view>false</view>
	  <wrap>false</wrap>
	  <order>8</order>
	</attribute>

	
	
	<attribute>
      <name>dpteOidDepa</name>
      <sqlName>DPTE_OID_DEPA</sqlName>
      <className>es.indra.belcorp.mso.SegDeptoEmpre</className>
      <size>12</size>
      <widget>
        <type>combo</type>
        <text>id</text>
      </widget>
      <required>true</required>
      <search>true</search>
	  <insert>true</insert>
      <list>true</list>
      <view>true</view>
	  <modify>true</modify>
	  <order>3</order>
      <wrap>false</wrap>
    </attribute>
  </attributes>

    <actions>
        <action>
            <side>client</side>

            <scope>precreate</scope>

            <code>SegPaisViewData paisOculto = new SegPaisViewData();paisOculto.setId(new Long(MMGDruidaHelper.getUserDefaultCountry(this)));calGuias.setPaisOidPais(paisOculto);</code>
</action>

        <action>
            <side>client</side>

            <scope>postcreate</scope>

            <code>SegPaisViewData paisOculto = new SegPaisViewData();paisOculto.setId(new Long(MMGDruidaHelper.getUserDefaultCountry(this)));calGuias.setPaisOidPais(paisOculto);</code>
</action>

        <action>
            <side>client</side>

            <scope>preupdate</scope>

            <code>SegPaisViewData paisOculto = new SegPaisViewData();paisOculto.setId(new Long(MMGDruidaHelper.getUserDefaultCountry(this)));calGuias.setPaisOidPais(paisOculto);</code>
</action>

        <action>
            <side>client</side>

            <scope>postupdate</scope>

            <code>SegPaisViewData paisOculto = new SegPaisViewData();paisOculto.setId(new Long(MMGDruidaHelper.getUserDefaultCountry(this)));calGuias.setPaisOidPais(paisOculto);</code>
</action>

        <action>
            <side>client</side>

            <scope>prequery</scope>

            <code>SegPaisViewData paisOculto = new SegPaisViewData();paisOculto.setId(new Long(MMGDruidaHelper.getUserDefaultCountry(this)));calGuiasFrom.setPaisOidPais(paisOculto);calGuiasTo.setPaisOidPais((SegPaisViewData)paisOculto.clone());</code>

        </action>

        <action>
            <side>client</side>

            <scope>postquery</scope>

            <code>SegPaisViewData paisOculto = new SegPaisViewData();paisOculto.setId(new Long(MMGDruidaHelper.getUserDefaultCountry(this)));calGuiasFrom.setPaisOidPais(paisOculto);calGuiasTo.setPaisOidPais((SegPaisViewData)paisOculto.clone());</code>

        </action>
</actions>

</entity>
