<?xml version="1.0" encoding="UTF-8"?>
<!--
<entity xmlns:xsi="http://www.w3.org/2001/XMLSchema-instance"
	xsi:noNamespaceSchemaLocation="C:/mmg/resources/schemas/entity.xsd">
-->
<entity>
  <name>CalMotivTipoClien</name>
  <package>es.indra.belcorp.mso</package>
  <table>CAL_MOTIV_TIPO_CLIEN</table>
  <keyGenerator>CAL_MOTC_SEQ</keyGenerator>
  <attributes>
    <attribute>
      <name>id</name>
      <sqlName>OID_MOTI_TIPO_CLIE</sqlName>
      <primaryKey>true</primaryKey>
      <className>java.lang.Long</className>
      <size>12</size>
      <required>true</required>
      <search>false</search>
      <list>false</list>
      <view>false</view>
      <modify>false</modify>
      <insert>false</insert>
	  <order>1</order>
    </attribute>
    <attribute>
      <name>ticlOidTipoClie</name>
      <sqlName>TICL_OID_TIPO_CLIE</sqlName>
      <className>es.indra.belcorp.mso.MaeTipoClien</className>
      <size>12</size>
      <widget>
        <type>combo</type>
        <text>id</text>
      </widget>
      <required>true</required>
      <insert>true</insert>
	  <search>true</search>
      <list>true</list>
   	  <view>true</view>
	  <modify>true</modify>
      <wrap>false</wrap>
	  <order>3</order>
    </attribute>
    <attribute>
      <name>mocoOidMotiCont</name>
      <sqlName>MOCO_OID_MOTI_CONT</sqlName>
      <className>es.indra.belcorp.mso.CalMotivConta</className>
      <size>12</size>
      <widget>
        <type>combo</type>
        <text>id</text>
      </widget>
      <required>true</required>
      <insert>true</insert>
	  <search>true</search>
      <list>true</list>
   	  <view>true</view>
	  <modify>true</modify>
      <wrap>false</wrap>
	  <order>2</order>
    </attribute>
    <attribute>
      <name>paisOidPais</name>
      <sqlName>PAIS_OID_PAIS</sqlName>
      <className>es.indra.belcorp.mso.SegPaisView</className>
      <size>12</size>
      <widget>
        <type>combo</type>
        <text>id</text>
      </widget>
      <required>true</required>
	  <search>false</search>
	  <list>false</list>
	  <insert>false</insert>
	  <modify>false</modify>
	  <view>false</view>
	  <wrap>false</wrap>
	  <order>4</order>
    </attribute>
  </attributes>

    <actions>
        <action>
            <side>client</side>

            <scope>precreate</scope>

            <code>SegPaisViewData paisOculto = new SegPaisViewData();paisOculto.setId(new Long(MMGDruidaHelper.getUserDefaultCountry(this)));calMotivTipoClien.setPaisOidPais(paisOculto);</code>
</action>

        <action>
            <side>client</side>

            <scope>postcreate</scope>

            <code>SegPaisViewData paisOculto = new SegPaisViewData();paisOculto.setId(new Long(MMGDruidaHelper.getUserDefaultCountry(this)));calMotivTipoClien.setPaisOidPais(paisOculto);</code>
</action>

        <action>
            <side>client</side>

            <scope>preupdate</scope>

            <code>SegPaisViewData paisOculto = new SegPaisViewData();paisOculto.setId(new Long(MMGDruidaHelper.getUserDefaultCountry(this)));calMotivTipoClien.setPaisOidPais(paisOculto);</code>
</action>

        <action>
            <side>client</side>

            <scope>postupdate</scope>

            <code>SegPaisViewData paisOculto = new SegPaisViewData();paisOculto.setId(new Long(MMGDruidaHelper.getUserDefaultCountry(this)));calMotivTipoClien.setPaisOidPais(paisOculto);</code>
</action>

        <action>
            <side>client</side>

            <scope>prequery</scope>

            <code>SegPaisViewData paisOculto = new SegPaisViewData();paisOculto.setId(new Long(MMGDruidaHelper.getUserDefaultCountry(this)));calMotivTipoClienFrom.setPaisOidPais(paisOculto);calMotivTipoClienTo.setPaisOidPais((SegPaisViewData)paisOculto.clone());</code>

        </action>

        <action>
            <side>client</side>

            <scope>postquery</scope>

            <code>SegPaisViewData paisOculto = new SegPaisViewData();paisOculto.setId(new Long(MMGDruidaHelper.getUserDefaultCountry(this)));calMotivTipoClienFrom.setPaisOidPais(paisOculto);calMotivTipoClienTo.setPaisOidPais((SegPaisViewData)paisOculto.clone());</code>

        </action>
</actions>


</entity>
