<?xml version="1.0" encoding="UTF-8"?>
<!--
<entity xmlns:xsi="http://www.w3.org/2001/XMLSchema-instance"
	xsi:noNamespaceSchemaLocation="C:/mmg/resources/schemas/entity.xsd">
-->
<entity>
  <name>CalTipoGestiClien</name>
  <package>es.indra.belcorp.mso</package>
  <table>CAL_TIPO_GESTI_CLIEN</table>
  <keyGenerator>CAL_TGCL_SEQ</keyGenerator>
  <attributes>
    <attribute>
      <name>id</name>
      <sqlName>OID_TIPO_GEST_CLIE</sqlName>
      <primaryKey>true</primaryKey>
      <className>java.lang.Long</className>
      <size>12</size>
      <required>true</required>
      <search>false</search>
      <list>false</list>
      <view>false</view>
      <modify>false</modify>
      <insert>false</insert>
	  <order>1</order>
    </attribute>
    <attribute>
      <name>codGest</name>
      <sqlName>COD_GEST</sqlName>
      <className>java.lang.String</className>
      <size>2</size>
      <required>true</required>
      <insert>true</insert>
	  <search>true</search>
      <list>true</list>
   	  <view>true</view>
	  <modify>true</modify>
	  <order>2</order>
      <wrap>false</wrap>
    </attribute>
    <attribute>
      <name>valDesc</name>
      <sqlName>VAL_DESC</sqlName>
      <className>java.lang.String</className>
      <size>40</size>
      <required>true</required>
      <insert>true</insert>
	  <search>true</search>
      <list>true</list>
   	  <view>true</view>
	  <modify>true</modify>
	  <order>3</order>
      <wrap>false</wrap>
    </attribute>
  </attributes>
</entity>
