<?xml version="1.0" encoding="UTF-8"?>
<!--
<entity xmlns:xsi="http://www.w3.org/2001/XMLSchema-instance"
	xsi:noNamespaceSchemaLocation="C:/mmg/resources/schemas/entity.xsd">
-->
<entity>
	<name>CarAsignCodigConfi</name>
	<package>es.indra.belcorp.mso</package>
	<table>CAR_ASIGN_CODIG_CONFI</table>
	<keyGenerator>CAR_ASCC_SEQ</keyGenerator>
	<attributes>
		<attribute>
			<name>id</name>
			<sqlName>OID_ASIG_CODI_CONF</sqlName>
			<primaryKey>true</primaryKey>
			<className>java.lang.Long</className>
			<size>12</size>
			<required>true</required>
			<search>false</search>
			<list>false</list>
			<view>false</view>
			<modify>false</modify>
			<insert>false</insert>
			<order>1</order>
		</attribute>
		<attribute>
			<name>zsgvOidSubgVent</name>
			<sqlName>ZSGV_OID_SUBG_VENT</sqlName>
			<className>es.indra.belcorp.mso.ZonSubGerenVenta</className>
			<size>12</size>
			<widget>
				<type>combo</type>
				<text>id</text>
			</widget>
			<required>true</required>
			<search>true</search>
			<list>true</list>
			<order>2</order>
		</attribute>
		<attribute>
			<name>zorgOidRegi</name>
			<sqlName>ZORG_OID_REGI</sqlName>
			<className>es.indra.belcorp.mso.ZonRegio</className>
			<size>12</size>
			<widget>
				<type>combo</type>
				<text>id</text>
			</widget>
			<required>true</required>
			<search>true</search>
			<list>true</list>
			<order>3</order>
		</attribute>
		<attribute>
			<name>zzonOidZona</name>
			<sqlName>ZZON_OID_ZONA</sqlName>
			<className>es.indra.belcorp.mso.ZonZona</className>
			<size>12</size>
			<widget>
				<type>combo</type>
				<text>id</text>
			</widget>
			<required>true</required>
			<search>true</search>
			<list>true</list>
			<order>4</order>
		</attribute>
		<attribute>
			<name>grsoOidGrupSoli</name>
			<sqlName>GRSO_OID_GRUP_SOLI</sqlName>
			<className>es.indra.belcorp.mso.CarGrupoSolic</className>
			<size>12</size>
			<widget>
				<type>combo</type>
				<text>id</text>
			</widget>
			<required>true</required>
			<search>true</search>
			<list>true</list>
			<order>5</order>
		</attribute>
		<attribute>
			<name>niriOidNiveRies</name>
			<sqlName>NIRI_OID_NIVE_RIES</sqlName>
			<className>es.indra.belcorp.mso.CarNivelRiesg</className>
			<size>12</size>
			<widget>
				<type>combo</type>
				<text>id</text>
			</widget>
			<required>true</required>
			<search>true</search>
			<list>true</list>
			<order>6</order>
		</attribute>
		<attribute>
			<name>niriOidNiveRiesInici</name>
			<sqlName>NIRI_OID_NIVE_RIES_INICI</sqlName>
			<className>es.indra.belcorp.mso.CarNivelRiesg</className>
			<size>12</size>
			<widget>
				<type>combo</type>
				<text>id</text>
			</widget>
			<required>true</required>
			<search>true</search>
			<list>true</list>
			<order>7</order>
		</attribute>
		<attribute>
			<name>pacaOidParaCart</name>
			<sqlName>PACA_OID_PARA_CART</sqlName>
			<className>es.indra.belcorp.mso.CarParamCarte</className>
			<size>12</size>
			<widget>
				<type>combo</type>
				<text>id</text>
			</widget>
			<required>true</required>
			<search>true</search>
			<list>true</list>
			<order>8</order>
		</attribute>
		<attribute>
			<name>valLineCredInic</name>
			<sqlName>VAL_LINE_CRED_INIC</sqlName>
			<className>java.lang.Double</className>
			<size>12,2</size>
			<required>true</required>
			<search>true</search>
			<list>true</list>
			<order>9</order>
		</attribute>
	</attributes>
</entity>