<?xml version="1.0" encoding="UTF-8"?>
<!--
<entity xmlns:xsi="http://www.w3.org/2001/XMLSchema-instance"
	xsi:noNamespaceSchemaLocation="C:/mmg/resources/schemas/entity.xsd">
-->
<entity>
	<name>CarCodigAprob</name>
	<package>es.indra.belcorp.mso</package>
	<table>CAR_CODIG_APROB</table>
	<keyGenerator>CAR_COAP_SEQ</keyGenerator>
	<attributes>
		<attribute>
			<name>id</name>
			<sqlName>OID_CODI_APRO</sqlName>
			<primaryKey>true</primaryKey>
			<className>java.lang.Long</className>
			<size>12</size>
			<required>true</required>
			<search>false</search>
			<list>false</list>
			<view>false</view>
			<modify>false</modify>
			<insert>false</insert>
			<order>1</order>
		</attribute>
		<attribute>
			<name>codApro</name>
			<sqlName>COD_APRO</sqlName>
			<className>java.lang.String</className>
			<size>2</size>
			<required>true</required>
			<search>true</search>
			<list>true</list>
			<order>2</order>
			<insert>true</insert>
			<modify>true</modify>
			<view>true</view>
			<wrap>false</wrap>
			<uppercase>true</uppercase>
			<editable>false</editable>
		</attribute>
		<attribute>
			<name>Descripcion</name>
			<className>java.lang.String</className>
			<order>3</order>
			<orderBy>1</orderBy>
			<localizationOrder>1</localizationOrder>
			<required>true</required>
			<choice>true</choice>
			<size>30</size>
			<insert>true</insert>
			<search>true</search>
			<list>true</list>
			<modify>true</modify>
			<view>true</view>
		</attribute>
	</attributes>
</entity>