<?xml version="1.0" encoding="UTF-8"?>
<!--
<entity xmlns:xsi="http://www.w3.org/2001/XMLSchema-instance"
	xsi:noNamespaceSchemaLocation="C:/mmg/resources/schemas/entity.xsd">
-->
<entity>
	<name>CarGrupoSolic</name>
	<package>es.indra.belcorp.mso</package>
	<table>CAR_GRUPO_SOLIC</table>
	<keyGenerator>CAR_GRSO_SEQ</keyGenerator>
	<attributes>
		<attribute>
			<name>id</name>
			<sqlName>OID_GRUP_SOLI</sqlName>
			<primaryKey>true</primaryKey>
			<className>java.lang.Long</className>
			<size>12</size>
			<required>true</required>
			<search>false</search>
			<list>false</list>
			<view>false</view>
			<modify>false</modify>
			<insert>false</insert>
		</attribute>
		<attribute>
			<name>codGrupSoli</name>
			<sqlName>COD_GRUP_SOLI</sqlName>
			<className>java.lang.String</className>
			<size>2</size>
			<required>false</required>
			<search>true</search>
			<list>true</list>
		</attribute>
	</attributes>
</entity>