<?xml version="1.0" encoding="UTF-8"?>
<!--
<entity xmlns:xsi="http://www.w3.org/2001/XMLSchema-instance"
	xsi:noNamespaceSchemaLocation="C:/mmg/resources/schemas/entity.xsd">
-->
<entity>
    <name>CarIndicValid</name>
    <package>es.indra.belcorp.mso</package>
    <table>CAR_INDIC_VALID</table>
    <keyGenerator>CAR_INVA_SEQ</keyGenerator>
    <attributes>
        <attribute>
            <name>id</name>
            <sqlName>OID_INDI_VALI</sqlName>
            <primaryKey>true</primaryKey>
            <className>java.lang.Long</className>
            <size>12</size>
            <required>true</required>
            <search>false</search>
            <list>false</list>
            <view>false</view>
            <modify>false</modify>
            <insert>false</insert>
            <order>1</order>
        </attribute>
        <attribute>
            <name>codIndiVali</name>
            <sqlName>COD_INDI_VALI</sqlName>
            <className>java.lang.String</className>
            <size>1</size>
            <required>true</required>
            <search>true</search>
            <list>true</list>
            <order>2</order>
        </attribute>
    </attributes>
</entity>
