<?xml version="1.0" encoding="UTF-8"?>
<!--
<entity xmlns:xsi="http://www.w3.org/2001/XMLSchema-instance"
	xsi:noNamespaceSchemaLocation="C:/mmg/resources/schemas/entity.xsd">
-->
<entity>
    <name>CarIndicNivelJerar</name>
    <package>es.indra.belcorp.mso</package>
    <table>CAR_INDIC_NIVEL_JERAR</table>
    <keyGenerator>CAR_INIJ_SEQ</keyGenerator>
    <attributes>
        <attribute>
            <name>id</name>
            <sqlName>OID_INDI_NIVE_JERA</sqlName>
            <primaryKey>true</primaryKey>
            <className>java.lang.Long</className>
            <size>12</size>
            <required>true</required>
            <search>false</search>
            <list>false</list>
            <view>false</view>
            <modify>false</modify>
            <insert>false</insert>
            <order>1</order>
        </attribute>
        <attribute>
            <name>codIndiNiveJera</name>
            <sqlName>COD_INDI_NIVE_JERA</sqlName>
            <className>java.lang.String</className>
            <size>1</size>
            <required>true</required>
            <search>true</search>
            <list>true</list>
            <widget>
                <type>radioButton</type>
                <options>
                    <option>
                        <text>Activo</text>
                        <value>A</value>
                    </option>
                    <option>
                        <text>Inactivo</text>
                        <value>I</value>
                    </option>
                </options>
            </widget>
            <choice>true</choice>
            <order>2</order>
        </attribute>
    </attributes>
</entity>
