<?xml version="1.0" encoding="UTF-8"?>
<!--
<entity xmlns:xsi="http://www.w3.org/2001/XMLSchema-instance"
	xsi:noNamespaceSchemaLocation="C:/mmg/resources/schemas/entity.xsd">
-->
<entity>
    <name>CarJerar</name>

    <package>es.indra.belcorp.mso</package>

    <table>CAR_JERAR</table>

    <keyGenerator>CAR_JERA_SEQ</keyGenerator>

    <attributes>
        <attribute>
            <name>id</name>

            <sqlName>OID_JERA</sqlName>

            <primaryKey>true</primaryKey>

            <className>java.lang.Long</className>

            <size>12</size>

            <required>true</required>

            <search>false</search>

            <list>false</list>

            <view>false</view>

            <modify>false</modify>

            <insert>false</insert>

            <order>1</order>
</attribute>

        <attribute>
            <name>codJera</name>

            <sqlName>COD_JERA</sqlName>

            <className>java.lang.String</className>

            <size>2</size>

            <required>true</required>

            <search>true</search>

            <list>true</list>

            <view>true</view>

            <wrap>false</wrap>

            <order>2</order>

            <modify>true</modify>

            <insert>true</insert>

            <uppercase>true</uppercase>

            <editable>false</editable>
</attribute>

        <attribute>
            <name>numDias</name>

            <sqlName>NUM_DIAS</sqlName>

            <className>java.lang.Long</className>

            <size>2</size>

            <required>true</required>

            <search>true</search>

            <list>true</list>

            <modify>true</modify>

            <view>true</view>

            <wrap>false</wrap>

            <order>3</order>

            <insert>true</insert>
</attribute>

        <attribute>
            <name>valPorcMontMaxi</name>

            <sqlName>VAL_PORC_MONT_MAXI</sqlName>

            <className>java.lang.Double</className>

            <size>5,2</size>

            <required>true</required>

            <search>true</search>

            <list>true</list>

            <modify>true</modify>

            <view>true</view>

            <wrap>false</wrap>

            <order>5</order>

            <insert>true</insert>
</attribute>

        <attribute>
            <name>valPorcLineCred</name>

            <sqlName>VAL_PORC_LINE_CRED</sqlName>

            <className>java.lang.Double</className>

            <size>5,2</size>

            <required>true</required>

            <search>true</search>

            <list>true</list>

            <modify>true</modify>

            <view>true</view>

            <wrap>false</wrap>

            <order>4</order>

            <insert>true</insert>
</attribute>
</attributes>

</entity>
