<?xml version="1.0" encoding="UTF-8"?>
<!--
<entity xmlns:xsi="http://www.w3.org/2001/XMLSchema-instance"
	xsi:noNamespaceSchemaLocation="C:/mmg/resources/schemas/entity.xsd">
-->
<entity>
    <name>CarNivelRiesg</name>

    <package>es.indra.belcorp.mso</package>

    <table>CAR_NIVEL_RIESG</table>

    <keyGenerator>CAR_NIRI_SEQ</keyGenerator>

    <attributes>
        <attribute>
            <name>id</name>

            <sqlName>OID_NIVE_RIES</sqlName>

            <primaryKey>true</primaryKey>

            <className>java.lang.Long</className>

            <size>12</size>

            <required>true</required>

            <search>false</search>

            <list>false</list>

            <view>false</view>

            <modify>false</modify>

            <insert>false</insert>

            <order>1</order>
</attribute>

        <attribute>
            <name>codNiveRies</name>

            <sqlName>COD_NIVE_RIES</sqlName>

            <className>java.lang.String</className>

            <size>1</size>

            <required>true</required>

            <search>true</search>

            <list>true</list>

            <order>2</order>

            <modify>true</modify>

            <wrap>false</wrap>

            <view>true</view>

            <uppercase>true</uppercase>

            <editable>false</editable>
</attribute>

        <attribute>
            <name>Descripcion</name>

            <className>java.lang.String</className>

            <localizationOrder>1</localizationOrder>

            <orderBy>1</orderBy>

            <wrap>false</wrap>

            <order>3</order>

            <size>20</size>

            <required>true</required>

            <insert>true</insert>

            <search>true</search>

            <modify>true</modify>

            <view>true</view>

            <list>true</list>

            <choice>true</choice>
</attribute>
</attributes>

</entity>
