<?xml version="1.0" encoding="UTF-8"?>
<!--
<entity xmlns:xsi="http://www.w3.org/2001/XMLSchema-instance"
	xsi:noNamespaceSchemaLocation="C:/mmg/resources/schemas/entity.xsd">
-->
<entity>
    <name>CarNivelRedon</name>

    <package>es.indra.belcorp.mso</package>

    <table>CAR_NIVEL_REDON</table>

    <keyGenerator>CAR_NIRE_SEQ</keyGenerator>

    <attributes>
        <attribute>
            <name>id</name>

            <sqlName>OID_NIVE_REDO</sqlName>

            <primaryKey>true</primaryKey>

            <className>java.lang.Long</className>

            <size>12</size>

            <required>true</required>

            <search>false</search>

            <list>false</list>

            <view>false</view>

            <modify>false</modify>

            <insert>false</insert>

            <order>1</order>
</attribute>

        <attribute>
            <name>Descripcion</name>

            <className>java.lang.String</className>

            <orderBy>1</orderBy>

            <localizationOrder>1</localizationOrder>

            <choice>true</choice>

            <required>true</required>

            <size>40</size>

            <insert>true</insert>

            <modify>true</modify>

            <search>true</search>

            <order>2</order>

            <view>false</view>

        </attribute>
</attributes>

</entity>
