<?xml version="1.0" encoding="UTF-8"?>
<!--
<entity xmlns:xsi="http://www.w3.org/2001/XMLSchema-instance"
	xsi:noNamespaceSchemaLocation="C:/mmg/resources/schemas/entity.xsd">
-->
<entity>
    <name>CarParamCalcuLc</name>
	
    <package>es.indra.belcorp.mso</package>

    <table>CAR_PARAM_CALCU_LC</table>

    <keyGenerator>CAR_PCLC_SEQ</keyGenerator>

    <attributes>
        <attribute>
			
            <name>id</name>

            <sqlName>OID_PARA_CALC_LC</sqlName>

            <primaryKey>true</primaryKey>

            <className>java.lang.Long</className>

            <size>12</size>

            <required>true</required>

            <search>false</search>

            <list>false</list>

            <view>false</view>

            <modify>false</modify>

            <insert>false</insert>

            <order>1</order>
</attribute>

        <attribute>
            <name>niriOidNiveRies</name>

            <sqlName>NIRI_OID_NIVE_RIES</sqlName>

            <className>es.indra.belcorp.mso.CarNivelRiesg</className>

            <size>12</size>

            <widget>
                <type>combo</type>

                <text>id</text>
</widget>

            <required>false</required>

            <search>true</search>

            <list>true</list>

            <dependency>true</dependency>

            <modify>true</modify>

            <view>true</view>

            <wrap>false</wrap>

            <order>2</order>

            <editable>false</editable>
</attribute>

        <attribute>
            <name>valTope</name>

            <sqlName>VAL_TOPE</sqlName>

            <className>java.lang.Double</className>

            <size>12,2</size>

            <required>false</required>

            <search>true</search>

            <list>true</list>

            <order>3</order>

            <modify>true</modify>

            <view>true</view>

            <wrap>false</wrap>
</attribute>

        <attribute>
            <name>valFactCalc</name>

            <sqlName>VAL_FACT_CALC</sqlName>

            <className>java.lang.Double</className>

            <size>4,2</size>

            <required>false</required>

            <search>true</search>

            <list>true</list>

            <order>4</order>

            <modify>true</modify>

            <view>true</view>

            <wrap>false</wrap>
</attribute>

        <attribute>
            <name>indVariLineCred</name>

            <sqlName>IND_VARI_LINE_CRED</sqlName>

            <className>java.lang.String</className>

            <size>1</size>

            <required>false</required>

            <search>true</search>

            <list>true</list>

            <order>5</order>

            <modify>true</modify>

            <view>true</view>

            <wrap>false</wrap>

            <widget>
                <type>radioButton</type>

                <options>
                    <option>
                        <value>A</value>

                        <text>Aumentar LC</text>

                    </option>

                    <option>
                        <value>D</value>

                        <text>Disminuir LC</text>

                    </option>

                </options>

            </widget>
</attribute>
</attributes>
    <actions>
        <action>
            <side>client</side>
            <scope>precreate</scope>
            <code>
            <![CDATA[
                MareDTO param = new MareDTO();
                param.setProperty("niriOidNiveRies", carParamCalcuLc.getNiriOidNiveRies());
                param.setProperty("valTope", carParamCalcuLc.getValTope());
                MareBusinessID mid = new MareBusinessID("CARMMGPreInsertParamCalculoLC");
                Vector vec = new Vector();
                vec.add(param);
                vec.add(mid);
                DruidaConector dc = conectar("ConectorObjeto", vec);
            ]]>
            </code>
        </action>
        <action>
            <side>client</side>
            <scope>preupdate</scope>
            <code>
            <![CDATA[
                MareDTO param = new MareDTO();
                param.setProperty("niriOidNiveRies", carParamCalcuLc.getNiriOidNiveRies());
                param.setProperty("valTope", carParamCalcuLc.getValTope());
                param.setProperty("id", carParamCalcuLc.getId());
                MareBusinessID mid = new MareBusinessID("CARMMGPreUpdateParamCalculoLC");
                Vector vec = new Vector();
                vec.add(param);
                vec.add(mid);
                DruidaConector dc = conectar("ConectorObjeto", vec);
            ]]>
            </code>
		</action>
    </actions>

</entity>
