<?xml version="1.0" encoding="UTF-8"?>
<!--
<entity xmlns:xsi="http://www.w3.org/2001/XMLSchema-instance"
	xsi:noNamespaceSchemaLocation="C:/mmg/resources/schemas/entity.xsd">
-->
<entity>
	<name>CarParamCarte</name>
	<package>es.indra.belcorp.mso</package>
	<table>CAR_PARAM_CARTE</table>
	<keyGenerator>CAR_PACA_SEQ</keyGenerator>
	<attributes>
		<attribute>
			<name>id</name>
			<sqlName>OID_PARA_CART</sqlName>
			<primaryKey>true</primaryKey>
			<className>java.lang.Long</className>
			<size>12</size>
			<required>true</required>
			<search>false</search>
			<list>false</list>
			<view>false</view>
			<modify>false</modify>
			<insert>false</insert>
		</attribute>
		<attribute>
			<name>paisOidPais</name>
			<sqlName>PAIS_OID_PAIS</sqlName>
			<className>es.indra.belcorp.mso.SegPais</className>
			<size>12</size>
			<widget>
				<type>combo</type>
				<text>id</text>
			</widget>
			<required>true</required>
			<search>true</search>
			<list>true</list>
		</attribute>
		<attribute>
			<name>grsoOidGrupSoli</name>
			<sqlName>GRSO_OID_GRUP_SOLI</sqlName>
			<className>es.indra.belcorp.mso.CarGrupoSolic</className>
			<size>12</size>
			<widget>
				<type>combo</type>
				<text>id</text>
			</widget>
			<required>true</required>
			<search>true</search>
			<list>true</list>
		</attribute>
		<attribute>
			<name>niriOidNiveRies</name>
			<sqlName>NIRI_OID_NIVE_RIES</sqlName>
			<className>es.indra.belcorp.mso.CarNivelRiesg</className>
			<size>12</size>
			<widget>
				<type>combo</type>
				<text>id</text>
			</widget>
			<required>true</required>
			<search>true</search>
			<list>true</list>
		</attribute>
		<attribute>
			<name>codConf</name>
			<sqlName>COD_CONF</sqlName>
			<className>java.lang.String</className>
			<size>3</size>
			<required>true</required>
			<search>true</search>
			<list>true</list>
		</attribute>
		<attribute>
			<name>indDeudVenc</name>
			<sqlName>IND_DEUD_VENC</sqlName>
			<className>java.lang.Long</className>
			<size>1</size>
			<required>true</required>
			<search>true</search>
			<list>true</list>
		</attribute>
		<attribute>
			<name>numDiasDeudVenc</name>
			<sqlName>NUM_DIAS_DEUD_VENC</sqlName>
			<className>java.lang.Long</className>
			<size>3</size>
			<required>false</required>
			<search>true</search>
			<list>true</list>
		</attribute>
		<attribute>
			<name>indLineCred</name>
			<sqlName>IND_LINE_CRED</sqlName>
			<className>java.lang.Long</className>
			<size>1</size>
			<required>true</required>
			<search>true</search>
			<list>true</list>
		</attribute>
		<attribute>
			<name>fecVigeDesd</name>
			<sqlName>FEC_VIGE_DESD</sqlName>
			<className>java.sql.Date</className>
			<size>7</size>
			<required>false</required>
			<search>true</search>
			<list>true</list>
		</attribute>
		<attribute>
			<name>fecVigeHast</name>
			<sqlName>FEC_VIGE_HAST</sqlName>
			<className>java.sql.Date</className>
			<size>7</size>
			<required>false</required>
			<search>true</search>
			<list>true</list>
		</attribute>
		<attribute>
			<name>valPorcVali</name>
			<sqlName>VAL_PORC_VALI</sqlName>
			<className>java.lang.Double</className>
			<size>5,2</size>
			<required>false</required>
			<search>true</search>
			<list>true</list>
		</attribute>
		<attribute>
			<name>indMontMaxi</name>
			<sqlName>IND_MONT_MAXI</sqlName>
			<className>java.lang.Long</className>
			<size>1</size>
			<required>true</required>
			<search>true</search>
			<list>true</list>
		</attribute>
		<attribute>
			<name>valMontMaxiPerm</name>
			<sqlName>VAL_MONT_MAXI_PERM</sqlName>
			<className>java.lang.Double</className>
			<size>12,2</size>
			<required>false</required>
			<search>true</search>
			<list>true</list>
		</attribute>
		<attribute>
			<name>indPorcMaxi</name>
			<sqlName>IND_PORC_MAXI</sqlName>
			<className>java.lang.Long</className>
			<size>1</size>
			<required>true</required>
			<search>true</search>
			<list>true</list>
		</attribute>
		<attribute>
			<name>valPorc</name>
			<sqlName>VAL_PORC</sqlName>
			<className>java.lang.Double</className>
			<size>5,2</size>
			<required>false</required>
			<search>true</search>
			<list>true</list>
		</attribute>
		<attribute>
			<name>numDiasAdic</name>
			<sqlName>NUM_DIAS_ADIC</sqlName>
			<className>java.lang.Long</className>
			<size>3</size>
			<required>false</required>
			<search>true</search>
			<list>true</list>
		</attribute>
		<attribute>
			<name>invaOidIndiVali</name>
			<sqlName>INVA_OID_INDI_VALI</sqlName>
			<className>es.indra.belcorp.mso.CarIndicValid</className>
			<size>12</size>
			<widget>
				<type>combo</type>
				<text>id</text>
			</widget>
			<required>false</required>
			<search>true</search>
			<list>true</list>
		</attribute>
	</attributes>
</entity>