<?xml version="1.0" encoding="UTF-8"?>
<!--
<entity xmlns:xsi="http://www.w3.org/2001/XMLSchema-instance"
	xsi:noNamespaceSchemaLocation="C:/mmg/resources/schemas/entity.xsd">
-->
<entity>
    <name>CarParamNr</name>

    <package>es.indra.belcorp.mso</package>

    <table>CAR_PARAM_NR</table>

    <keyGenerator>CAR_PANR_SEQ</keyGenerator>

    <attributes>
        <attribute>
            <name>id</name>

            <sqlName>OID_PARA_NR</sqlName>

            <primaryKey>true</primaryKey>

            <className>java.lang.Long</className>

            <size>12</size>

            <required>true</required>

            <search>false</search>

            <list>false</list>

            <view>false</view>

            <modify>false</modify>

            <insert>false</insert>

            <order>1</order>
</attribute>

        <attribute>
            <name>niriOidNiveRies</name>

            <sqlName>NIRI_OID_NIVE_RIES</sqlName>

            <className>es.indra.belcorp.mso.CarNivelRiesg</className>

            <size>12</size>

            <widget>
                <type>combo</type>

                <text>id</text>
</widget>

            <required>true</required>

            <search>true</search>

            <list>true</list>

            <dependency>true</dependency>

            <modify>true</modify>

            <view>true</view>

            <wrap>false</wrap>

            <order>2</order>

            <editable>false</editable>
</attribute>

        <attribute>
            <name>valMini</name>

            <sqlName>VAL_MINI</sqlName>

            <className>java.lang.Double</className>

            <size>12,2</size>

            <required>true</required>

            <search>true</search>

            <list>true</list>

            <modify>true</modify>

            <view>true</view>

            <wrap>false</wrap>

            <order>3</order>
</attribute>

        <attribute>
            <name>valMaxi</name>

            <sqlName>VAL_MAXI</sqlName>

            <className>java.lang.Double</className>

            <size>12,2</size>

            <required>false</required>

            <search>true</search>

            <list>true</list>

            <modify>true</modify>

            <view>true</view>

            <wrap>false</wrap>

            <order>4</order>

            <haslogic>true</haslogic>

            <logic>
                <operation><![CDATA[>]]></operation>

                <descriptionOper>mayor</descriptionOper>

                <widgetRelated>valMini</widgetRelated>

            </logic>
</attribute>
</attributes>
    <actions>
        <action>
            <side>client</side>
            <scope>precreate</scope>
            <code>
                MareDTO param = new MareDTO();
                param.setProperty("valMini", carParamNr.getValMini());
                param.setProperty("valMaxi", carParamNr.getValMaxi());
                MareBusinessID mid = new MareBusinessID("CARMMGPreInsertSolapamientoParamNR");
                Vector vec = new Vector();
                vec.add(param);
                vec.add(mid);
                DruidaConector dc = conectar("ConectorObjeto", vec);
            </code>
        </action>
        <action>
            <side>client</side>
            <scope>preupdate</scope>
            <code>
                MareDTO param = new MareDTO();
                param.setProperty("valMini", carParamNr.getValMini());
                param.setProperty("valMaxi", carParamNr.getValMaxi());
                param.setProperty("id", carParamNr.getId());
                MareBusinessID mid = new MareBusinessID("CARMMGPreUpdateInsertSolapamientoParamNR");
                Vector vec = new Vector();
                vec.add(param);
                vec.add(mid);
                DruidaConector dc = conectar("ConectorObjeto", vec);
            </code>
        </action>
    </actions>

</entity>
