<?xml version="1.0" encoding="UTF-8"?>
<!--
<entity xmlns:xsi="http://www.w3.org/2001/XMLSchema-instance"
	xsi:noNamespaceSchemaLocation="C:/mmg/resources/schemas/entity.xsd">
-->
<entity>
    <name>CccBanco</name>
    <package>es.indra.belcorp.mso</package>
    <table>CCC_BANCO</table>
    <keyGenerator>CCC_CBAN_SEQ</keyGenerator>
    <attributes>
        <attribute>
            <name>id</name>
            <sqlName>OID_BANC</sqlName>
            <primaryKey>true</primaryKey>
            <className>java.lang.Long</className>
            <size>12</size>
            <required>true</required>
            <search>false</search>
            <list>false</list>
            <view>false</view>
            <modify>false</modify>
            <insert>false</insert>
            <order>1</order>
</attribute>
        <attribute>
            <name>paisOidPais</name>
            <sqlName>PAIS_OID_PAIS</sqlName>
            <className>es.indra.belcorp.mso.SegPaisView</className>
            <size>12</size>
            <widget>
               <type>combo</type>
                <text>id</text>
			</widget>
            <required>true</required>
            <search>false</search>
            <list>false</list>
            <insert>false</insert>
            <view>false</view>
            <modify>false</modify>
            <order>2</order>
            <editable>false</editable>
				</attribute>
        <attribute>
            <name>codBanc</name>
           	<sqlName>COD_BANC</sqlName>
            <className>java.lang.String</className>
            <size>4</size>
            <required>true</required>
            <search>true</search>
            <list>true</list>
            <insert>true</insert>
            <modify>true</modify>
            <view>true</view>
            <wrap>false</wrap>
            <order>3</order>
            <uppercase>true</uppercase>
            <editable>false</editable>
				</attribute>
        <attribute>
            <name>codBrio</name>
            <sqlName>COD_BRIO</sqlName>
            <className>java.lang.String</className>
            <size>6</size>
            <required>true</required>
            <search>true</search>
            <list>true</list>
            <order>5</order>
            <insert>true</insert>
            <modify>true</modify>
            <view>true</view>
            <wrap>false</wrap>
            <uppercase>true</uppercase>
            <editable>true</editable>
				</attribute>
        <attribute>
            <name>codSwifInfo</name>
            <sqlName>COD_SWIF_INFO</sqlName>
            <className>java.lang.String</className>
            <size>20</size>
            <required>false</required>
            <search>true</search>
            <list>true</list>
            <order>6</order>
            <insert>true</insert>
            <modify>true</modify>
            <wrap>true</wrap>
            <view>true</view>
            <uppercase>true</uppercase>
            <editable>true</editable>
				</attribute>
        <attribute>
            <name>desBanc</name>
            <sqlName>DES_BANC</sqlName>
      			<className>java.lang.String</className>
            <size>40</size>
            <required>true</required>
            <search>true</search>
            <list>true</list>
            <order>4</order>
            <modify>true</modify>
            <view>true</view>
            <insert>true</insert>
            <wrap>true</wrap>
            <choice>true</choice>
            <editable>true</editable>
				</attribute>	
        <attribute>
            <name>valObsBanc</name>
            <sqlName>VAL_OBS_BANC</sqlName>
            <className>java.lang.String</className>
            <size>100</size>
            <required>false</required>
            <search>false</search>
            <list>false</list>
            <order>7</order>
            <insert>true</insert>
            <modify>true</modify>
            <view>true</view>
            <widget>
                <type>textArea</type>
                <width>40</width>
                <height>3</height>
						</widget>
            <editable>true</editable>
</attribute>
</attributes>
    <actions>
        <action>
            <side>client</side>
            <scope>precreate</scope>
            <code>SegPaisViewData paisOculto = new SegPaisViewData();paisOculto.setId(new Long(MMGDruidaHelper.getUserDefaultCountry(this)));cccBanco.setPaisOidPais(paisOculto);</code>
				</action>
        <action>
            <side>client</side>
            <scope>postcreate</scope>
            <code>// este es el filtro de bancos del pais del usuario
        			SegPaisViewData paisOculto = new SegPaisViewData();paisOculto.setId(new Long(MMGDruidaHelper.getUserDefaultCountry(this)));cccBanco.setPaisOidPais(paisOculto);        			
        			
					SegPaisData spd= new SegPaisData();
					spd.setId(cccBanco.getPaisOidPais().getId());
					
        			es.indra.sicc.logicanegocio.ccc.UtilidadesMMGCCC utilMMGCCC= new es.indra.sicc.logicanegocio.ccc.UtilidadesMMGCCC();
        			utilMMGCCC.enviaMensaje (spd, cccBanco.getDesBanc());           
            </code>
				</action>
        <action>
            <side>client</side>
            <scope>prequery</scope>
            <code>SegPaisViewData paisOculto = new SegPaisViewData();paisOculto.setId(new Long(MMGDruidaHelper.getUserDefaultCountry(this)));cccBancoFrom.setPaisOidPais(paisOculto);cccBancoTo.setPaisOidPais((SegPaisViewData)paisOculto.clone());</code>
				</action>
        <action>
            <side>client</side>
            <scope>postquery</scope>
            <code>SegPaisViewData paisOculto = new SegPaisViewData();paisOculto.setId(new Long(MMGDruidaHelper.getUserDefaultCountry(this)));cccBancoFrom.setPaisOidPais(paisOculto);cccBancoTo.setPaisOidPais((SegPaisViewData)paisOculto.clone());</code>
				</action>
        <action>
            <side>client</side>
            <scope>preupdate</scope>
            <code>SegPaisViewData paisOculto = new SegPaisViewData();paisOculto.setId(new Long(MMGDruidaHelper.getUserDefaultCountry(this)));cccBanco.setPaisOidPais(paisOculto);</code>
				</action>
        <action>
            <scope>postupdate</scope>
            <side>client</side>
            <code>SegPaisViewData paisOculto = new SegPaisViewData();paisOculto.setId(new Long(MMGDruidaHelper.getUserDefaultCountry(this)));cccBanco.setPaisOidPais(paisOculto);</code>
				</action>
		</actions>
</entity>