<?xml version="1.0" encoding="UTF-8"?>
<!--
<entity xmlns:xsi="http://www.w3.org/2001/XMLSchema-instance"
	xsi:noNamespaceSchemaLocation="C:/mmg/resources/schemas/entity.xsd">
-->
<entity>
    <name>CccCuentCorriBancaView</name>

    <package>es.indra.belcorp.mso</package>

    <table>CCC_CUENT_CORRI_BANCA</table>

    <keyGenerator>CCC_CCBA_SEQ</keyGenerator>

    <attributes>
        <attribute>
            <name>id</name>

            <sqlName>OID_CUEN_CORR_BANC</sqlName>

            <primaryKey>true</primaryKey>

            <className>java.lang.Long</className>

            <size>12</size>

            <required>true</required>

            <search>false</search>

            <list>false</list>

            <view>false</view>

            <modify>false</modify>

            <insert>false</insert>

            <order>1</order>
		</attribute>

        <attribute>
            <name>desCc</name>

            <sqlName>DES_CC</sqlName>

            <className>java.lang.String</className>

            <size>40</size>

            <required>true</required>

            <search>true</search>

            <list>true</list>

            <wrap>true</wrap>
            <choice>true</choice>
            <insert>true</insert>

            <modify>true</modify>

            <view>true</view>

            <order>4</order>

            <uppercase>true</uppercase>
		</attribute>

	</attributes>

</entity>
