<?xml version="1.0" encoding="UTF-8"?>
<!--
<entity xmlns:xsi="http://www.w3.org/2001/XMLSchema-instance"
	xsi:noNamespaceSchemaLocation="C:/mmg/resources/schemas/entity.xsd">
-->
<entity>
    <name>CccCuentContaView</name>

    <package>es.indra.belcorp.mso</package>

    <table>CCC_CUENT_CONTA</table>

    <keyGenerator>CCC_CUCO_SEQ</keyGenerator>

    <attributes>
        <attribute>
            <name>id</name>

            <sqlName>OID_CUEN_CONT</sqlName>

            <primaryKey>true</primaryKey>

            <className>java.lang.Long</className>

            <size>12</size>

            <required>true</required>

            <search>false</search>

            <list>false</list>

            <view>false</view>

            <modify>false</modify>

            <insert>false</insert>

            <order>1</order>
</attribute>

        <!--attribute>
            <name>paisOidPais</name>

            <sqlName>PAIS_OID_PAIS</sqlName>

            <className>es.indra.belcorp.mso.SegPaisView</className>

            <size>12</size>

            <widget>
                <type>combo</type>

                <text>id</text>
</widget>

            <required>true</required>

            <search>false</search>

            <list>false</list>

            <order>2</order>

            <insert>false</insert>

            <modify>false</modify>

            <view>false</view>
</attribute-->

        <attribute>
            <name>codCuenCont</name>

            <sqlName>COD_CUEN_CONT</sqlName>

            <className>java.lang.String</className>

            <size>4</size>

            <required>true</required>

            <search>true</search>

            <list>true</list>

            <choice>true</choice>

            <order>3</order>

            <insert>true</insert>

            <modify>true</modify>

            <view>true</view>

            <wrap>false</wrap>

            <uppercase>true</uppercase>

            <editable>false</editable>
</attribute>

        <attribute>
            <name>codCuenSap</name>

            <sqlName>COD_CUEN_SAP</sqlName>

            <className>java.lang.String</className>

            <size>10</size>

            <required>true</required>

            <search>true</search>

            <list>true</list>

            <wrap>true</wrap>

            <insert>true</insert>

            <view>true</view>

            <modify>true</modify>

            <order>5</order>

            <uppercase>true</uppercase>
</attribute>

        <attribute>
            <name>valObse</name>

            <sqlName>VAL_OBSE</sqlName>

            <className>java.lang.String</className>

            <size>100</size>

            <required>false</required>

            <search>false</search>

            <list>false</list>

            <widget>
                <type>textArea</type>

                <width>40</width>

                <height>3</height>
</widget>

            <insert>true</insert>

            <modify>true</modify>

            <view>true</view>

            <order>6</order>
</attribute>

        <attribute>
            <name>Descripcion</name>

            <className>java.lang.String</className>

            <order>4</order>

            <orderBy>1</orderBy>

            <localizationOrder>1</localizationOrder>

            <size>30</size>

            <wrap>false</wrap>

            <insert>true</insert>

            <modify>true</modify>

            <search>true</search>

            <list>true</list>

            <view>true</view>

            <choice>true</choice>

            <required>true</required>
</attribute>
</attributes>

</entity>
