<?xml version="1.0" encoding="UTF-8"?>
<!--
<entity xmlns:xsi="http://www.w3.org/2001/XMLSchema-instance"
	xsi:noNamespaceSchemaLocation="C:/mmg/resources/schemas/entity.xsd">
-->
<entity>
    <name>CccCuentCorriBanca</name>

    <package>es.indra.belcorp.mso</package>

    <table>CCC_CUENT_CORRI_BANCA</table>

    <keyGenerator>CCC_CCBA_SEQ</keyGenerator>

    <attributes>
        <attribute>
            <name>id</name>

            <sqlName>OID_CUEN_CORR_BANC</sqlName>

            <primaryKey>true</primaryKey>

            <className>java.lang.Long</className>

            <size>12</size>

            <required>true</required>

            <search>false</search>

            <list>false</list>

            <view>false</view>

            <modify>false</modify>

            <insert>false</insert>

            <order>1</order>
</attribute>

        <attribute>
            <name>sociOidSoci</name>

            <sqlName>SOCI_OID_SOCI</sqlName>

            <className>es.indra.belcorp.mso.SegSocie</className>

            <size>12</size>

            <widget>
                <type>combo</type>

                <text>id</text>
</widget>

            <required>true</required>

            <search>true</search>

            <list>true</list>

            <order>2</order>

            <insert>true</insert>

            <modify>true</modify>

            <view>true</view>

            <wrap>false</wrap>

            <dependency>true</dependency>

            <uppercase>true</uppercase>
</attribute>

        <attribute>
            <name>sucuOidSucu</name>

            <sqlName>SUCU_OID_SUCU</sqlName>

            <className>es.indra.belcorp.mso.CccSucur</className>

            <size>12</size>

            <widget>
                <type>combo</type>

                <text>id</text>
</widget>

            <required>true</required>

            <search>true</search>

            <list>true</list>

            <dependency>true</dependency>

            <order>8</order>

            <modify>true</modify>

            <insert>true</insert>

            <view>true</view>

            <wrap>false</wrap>

            <uppercase>true</uppercase>
</attribute>

        <attribute>
            <name>cucoOidCcPnte</name>

            <sqlName>CUCO_OID_CC_PNTE</sqlName>

            <className>es.indra.belcorp.mso.CccCuentConta</className>

            <size>12</size>

            <widget>
                <type>combo</type>

                <text>id</text>
</widget>

            <required>true</required>

            <search>true</search>

            <list>true</list>

            <order>6</order>

            <insert>true</insert>

            <modify>true</modify>

            <view>true</view>

            <wrap>false</wrap>

            <dependency>true</dependency>

            <uppercase>true</uppercase>
</attribute>

        <attribute>
            <name>cucoOidCcTeso</name>

            <sqlName>CUCO_OID_CC_TESO</sqlName>

            <className>es.indra.belcorp.mso.CccCuentConta</className>

            <size>12</size>

            <widget>
                <type>combo</type>

                <text>id</text>
</widget>

            <required>true</required>

            <search>true</search>

            <list>true</list>

            <order>5</order>

            <insert>true</insert>

            <modify>true</modify>

            <view>true</view>

            <wrap>false</wrap>

            <dependency>true</dependency>

            <uppercase>true</uppercase>
</attribute>

        <attribute>
            <name>codCc</name>

            <sqlName>COD_CC</sqlName>

            <className>java.lang.String</className>

            <size>6</size>

            <required>true</required>

            <search>true</search>

            <list>true</list>

            <order>3</order>

            <modify>false</modify>

            <view>true</view>

            <insert>true</insert>

            <wrap>false</wrap>

            <uppercase>true</uppercase>
</attribute>

        <attribute>
            <name>codCcBanc</name>

            <sqlName>COD_CC_BANC</sqlName>

            <className>java.lang.String</className>

            <size>20</size>

            <required>true</required>

            <search>true</search>

            <list>true</list>

            <order>9</order>

            <insert>true</insert>

            <modify>true</modify>

            <view>true</view>

            <wrap>false</wrap>

            <uppercase>true</uppercase>
</attribute>

        <attribute>
            <name>desCc</name>

            <sqlName>DES_CC</sqlName>

            <className>java.lang.String</className>

            <size>40</size>

            <required>true</required>

            <search>true</search>

            <list>true</list>

            <wrap>true</wrap>

            <insert>true</insert>

            <modify>true</modify>

            <view>true</view>

            <order>4</order>

            <uppercase>true</uppercase>
</attribute>

        <attribute>
            <name>valNumeSwif</name>

            <sqlName>VAL_NUME_SWIF</sqlName>

            <className>java.lang.String</className>

            <size>40</size>

            <required>false</required>

            <search>false</search>

            <list>false</list>

            <wrap>true</wrap>

            <order>10</order>

            <modify>true</modify>

            <insert>true</insert>

            <view>true</view>

            <uppercase>true</uppercase>
</attribute>

        <attribute>
            <name>valDire</name>

            <sqlName>VAL_DIRE</sqlName>

            <className>java.lang.String</className>

            <size>40</size>

            <required>false</required>

            <search>false</search>

            <list>false</list>

            <order>11</order>

            <wrap>false</wrap>

            <insert>true</insert>

            <modify>true</modify>

            <view>true</view>

            <uppercase>true</uppercase>
</attribute>

        <attribute>
            <name>valCont</name>

            <sqlName>VAL_CONT</sqlName>

            <className>java.lang.String</className>

            <size>40</size>

            <required>false</required>

            <search>false</search>

            <list>false</list>

            <order>12</order>

            <modify>true</modify>

            <insert>true</insert>

            <view>true</view>

            <wrap>false</wrap>

            <uppercase>true</uppercase>
</attribute>

        <attribute>
            <name>valTele</name>

            <sqlName>VAL_TELE</sqlName>

            <className>java.lang.String</className>

            <size>30</size>

            <required>false</required>

            <search>false</search>

            <list>false</list>

            <order>13</order>

            <modify>true</modify>

            <view>true</view>

            <insert>true</insert>

            <wrap>true</wrap>

            <uppercase>true</uppercase>
</attribute>

        <attribute>
            <name>valObse</name>

            <sqlName>VAL_OBSE</sqlName>

            <className>java.lang.String</className>

            <size>100</size>

            <required>false</required>

            <search>false</search>

            <list>false</list>

            <order>14</order>

            <view>true</view>

            <widget>
                <type>textArea</type>

                <width>40</width>

                <height>3</height>
</widget>

            <modify>true</modify>

            <insert>true</insert>

            <uppercase>true</uppercase>
</attribute>

        <attribute>
            <name>paisOidPais</name>

            <sqlName>PAIS_OID_PAIS</sqlName>

            <className>es.indra.belcorp.mso.SegPaisView</className>

            <size>12</size>

            <widget>
                <type>combo</type>

                <text>id</text>
</widget>

            <required>true</required>

            <search>false</search>

            <list>false</list>

            <insert>false</insert>

            <modify>false</modify>

            <view>false</view>

            <wrap>false</wrap>

            <order>15</order>
</attribute>

</attributes>

    <actions>
        <action>
            <side>client</side>

            <scope>precreate</scope>

            <code>SegPaisViewData paisOculto = new SegPaisViewData();paisOculto.setId(new Long(MMGDruidaHelper.getUserDefaultCountry(this)));cccCuentCorriBanca.setPaisOidPais(paisOculto);</code>
</action>

        <action>
            <side>client</side>

            <scope>postcreate</scope>

            <code>SegPaisViewData paisOculto = new SegPaisViewData();paisOculto.setId(new Long(MMGDruidaHelper.getUserDefaultCountry(this)));cccCuentCorriBanca.setPaisOidPais(paisOculto);</code>
</action>

        <action>
            <side>client</side>

            <scope>preupdate</scope>

            <code>SegPaisViewData paisOculto = new SegPaisViewData();paisOculto.setId(new Long(MMGDruidaHelper.getUserDefaultCountry(this)));cccCuentCorriBanca.setPaisOidPais(paisOculto);</code>
</action>

        <action>
            <side>client</side>

            <scope>postupdate</scope>

            <code>SegPaisViewData paisOculto = new SegPaisViewData();paisOculto.setId(new Long(MMGDruidaHelper.getUserDefaultCountry(this)));cccCuentCorriBanca.setPaisOidPais(paisOculto);</code>
</action>

        <action>
            <side>client</side>

            <scope>prequery</scope>

            <code>SegPaisViewData paisOculto = new SegPaisViewData();paisOculto.setId(new Long(MMGDruidaHelper.getUserDefaultCountry(this)));cccCuentCorriBancaFrom.setPaisOidPais(paisOculto);cccCuentCorriBancaTo.setPaisOidPais((SegPaisViewData)paisOculto.clone());</code>
</action>

        <action>
            <side>client</side>

            <scope>postquery</scope>

            <code>SegPaisViewData paisOculto = new SegPaisViewData();paisOculto.setId(new Long(MMGDruidaHelper.getUserDefaultCountry(this)));cccCuentCorriBancaFrom.setPaisOidPais(paisOculto);cccCuentCorriBancaTo.setPaisOidPais((SegPaisViewData)paisOculto.clone());</code>
</action>
</actions>

</entity>
