<?xml version="1.0" encoding="UTF-8"?>
<!--
<entity xmlns:xsi="http://www.w3.org/2001/XMLSchema-instance"
	xsi:noNamespaceSchemaLocation="C:/mmg/resources/schemas/entity.xsd">
-->
<entity>
	<name>CccMarcaTipoAbono</name>
	<package>es.indra.belcorp.mso</package>
	<table>CCC_MARCA_TIPO_ABONO</table>
	<keyGenerator>CCC_MTAB_SEQ</keyGenerator>
	<attributes>
		<attribute>
			<name>id</name>
			<sqlName>OID_MARC_TIPO_ABON</sqlName>
			<primaryKey>true</primaryKey>
			<className>java.lang.Long</className>
			<size>12</size>
			<required>true</required>
			<search>false</search>
			<list>false</list>
			<view>false</view>
			<modify>false</modify>
			<insert>false</insert>
		</attribute>
		<attribute>
			<name>subpOidSubp</name>
			<sqlName>SUBP_OID_SUBP</sqlName>
			<className>es.indra.belcorp.mso.CccSubpr</className>
			<size>12</size>
			<widget>
				<type>combo</type>
				<text>id</text>
			</widget>
			<required>true</required>
			<search>true</search>
			<list>true</list>
		</attribute>
		<attribute>
			<name>tcabOidTipoCargAbon</name>
			<sqlName>TCAB_OID_TIPO_CARG_ABON</sqlName>
			<className>es.indra.belcorp.mso.CccTipoCargoAbono</className>
			<size>12</size>
			<widget>
				<type>combo</type>
				<text>id</text>
			</widget>
			<required>true</required>
			<search>true</search>
			<list>true</list>
		</attribute>
		<attribute>
			<name>valObse</name>
			<sqlName>VAL_OBSE</sqlName>
			<className>java.lang.String</className>
			<size>100</size>
			<required>false</required>
			<search>true</search>
			<list>true</list>
		</attribute>
		<attribute>
			<name>masiOidMarcSali</name>
			<sqlName>MASI_OID_MARC_SALI</sqlName>
			<className>es.indra.belcorp.mso.CccMarcaSitua</className>
			<size>12</size>
			<widget>
				<type>combo</type>
				<text>id</text>
			</widget>
			<required>false</required>
			<search>true</search>
			<list>true</list>
		</attribute>
	</attributes>
</entity>
