<?xml version="1.0" encoding="UTF-8"?>
<!--
<entity xmlns:xsi="http://www.w3.org/2001/XMLSchema-instance"
	xsi:noNamespaceSchemaLocation="C:/mmg/resources/schemas/entity.xsd">
-->
<entity>
	<name>CccMovimBanca</name>
	<package>es.indra.belcorp.mso</package>
	<table>CCC_MOVIM_BANCA</table>
	<keyGenerator>CCC_CMBA_SEQ</keyGenerator>
	<attributes>
		<attribute>
			<name>id</name>
			<sqlName>OID_MOVI_BANC</sqlName>
			<primaryKey>true</primaryKey>
			<className>java.lang.Long</className>
			<size>12</size>
			<required>true</required>
			<search>false</search>
			<list>false</list>
			<view>false</view>
			<modify>false</modify>
			<insert>false</insert>
		</attribute>
		<attribute>
			<name>sociOidSoci</name>
			<sqlName>SOCI_OID_SOCI</sqlName>
			<className>es.indra.belcorp.mso.SegSocie</className>
			<size>12</size>
			<widget>
				<type>combo</type>
				<text>id</text>
			</widget>
			<required>true</required>
			<search>true</search>
			<list>true</list>
		</attribute>
		<attribute>
			<name>subpOidMarcUlti</name>
			<sqlName>SUBP_OID_MARC_ULTI</sqlName>
			<className>es.indra.belcorp.mso.CccSubpr</className>
			<size>12</size>
			<widget>
				<type>combo</type>
				<text>id</text>
			</widget>
			<required>false</required>
			<search>true</search>
			<list>true</list>
		</attribute>
		<attribute>
			<name>subpOidMarcCrea</name>
			<sqlName>SUBP_OID_MARC_CREA</sqlName>
			<className>es.indra.belcorp.mso.CccSubpr</className>
			<size>12</size>
			<widget>
				<type>combo</type>
				<text>id</text>
			</widget>
			<required>false</required>
			<search>true</search>
			<list>true</list>
		</attribute>
		<attribute>
			<name>tcabOidAbonUlti</name>
			<sqlName>TCAB_OID_ABON_ULTI</sqlName>
			<className>es.indra.belcorp.mso.CccTipoCargoAbono</className>
			<size>12</size>
			<widget>
				<type>combo</type>
				<text>id</text>
			</widget>
			<required>false</required>
			<search>true</search>
			<list>true</list>
		</attribute>
		<attribute>
			<name>tcabOidAbonCrea</name>
			<sqlName>TCAB_OID_ABON_CREA</sqlName>
			<className>es.indra.belcorp.mso.CccTipoCargoAbono</className>
			<size>12</size>
			<widget>
				<type>combo</type>
				<text>id</text>
			</widget>
			<required>false</required>
			<search>true</search>
			<list>true</list>
		</attribute>
		<attribute>
			<name>ttraOidTipoTrans</name>
			<sqlName>TTRA_OID_TIPO_TRANS</sqlName>
			<className>es.indra.belcorp.mso.CccTipoTrans</className>
			<size>12</size>
			<widget>
				<type>combo</type>
				<text>id</text>
			</widget>
			<required>true</required>
			<search>true</search>
			<list>true</list>
		</attribute>
		<attribute>
			<name>ccbaOidCcBanc</name>
			<sqlName>CCBA_OID_CC_BANC</sqlName>
			<className>es.indra.belcorp.mso.CccCuentCorriBanca</className>
			<size>12</size>
			<widget>
				<type>combo</type>
				<text>id</text>
			</widget>
			<required>true</required>
			<search>true</search>
			<list>true</list>
		</attribute>
		<attribute>
			<name>numConsTran</name>
			<sqlName>NUM_CONS_TRAN</sqlName>
			<className>java.lang.Long</className>
			<size>10</size>
			<required>true</required>
			<search>true</search>
			<list>true</list>
		</attribute>
		<attribute>
			<name>numLote</name>
			<sqlName>NUM_LOTE</sqlName>
			<className>java.lang.Long</className>
			<size>5</size>
			<required>true</required>
			<search>true</search>
			<list>true</list>
		</attribute>
		<attribute>
			<name>codCons</name>
			<sqlName>COD_CONS</sqlName>
			<className>java.lang.String</className>
			<size>15</size>
			<required>false</required>
			<search>true</search>
			<list>true</list>
		</attribute>
		<attribute>
			<name>codConsReal</name>
			<sqlName>COD_CONS_REAL</sqlName>
			<className>java.lang.String</className>
			<size>15</size>
			<required>false</required>
			<search>true</search>
			<list>true</list>
		</attribute>
		<attribute>
			<name>codErro</name>
			<sqlName>COD_ERRO</sqlName>
			<className>java.lang.String</className>
			<size>2</size>
			<required>false</required>
			<search>true</search>
			<list>true</list>
		</attribute>
		<attribute>
			<name>valDigiCheqFact</name>
			<sqlName>VAL_DIGI_CHEQ_FACT</sqlName>
			<className>java.lang.Long</className>
			<size>2</size>
			<required>false</required>
			<search>true</search>
			<list>true</list>
		</attribute>
		<attribute>
			<name>valDocuApliAnio</name>
			<sqlName>VAL_DOCU_APLI_ANIO</sqlName>
			<className>java.lang.String</className>
			<size>2</size>
			<required>false</required>
			<search>true</search>
			<list>true</list>
		</attribute>
		<attribute>
			<name>valDocuApliMesSeri</name>
			<sqlName>VAL_DOCU_APLI_MES_SERI</sqlName>
			<className>java.lang.String</className>
			<size>2</size>
			<required>false</required>
			<search>true</search>
			<list>true</list>
		</attribute>
		<attribute>
			<name>valDocuApliNume</name>
			<sqlName>VAL_DOCU_APLI_NUME</sqlName>
			<className>java.lang.Long</className>
			<size>8</size>
			<required>false</required>
			<search>true</search>
			<list>true</list>
		</attribute>
		<attribute>
			<name>valDocuCreaAnio</name>
			<sqlName>VAL_DOCU_CREA_ANIO</sqlName>
			<className>java.lang.String</className>
			<size>2</size>
			<required>false</required>
			<search>true</search>
			<list>true</list>
		</attribute>
		<attribute>
			<name>valDocuCreaMesSeri</name>
			<sqlName>VAL_DOCU_CREA_MES_SERI</sqlName>
			<className>java.lang.String</className>
			<size>2</size>
			<required>false</required>
			<search>true</search>
			<list>true</list>
		</attribute>
		<attribute>
			<name>valDocuCreaNume</name>
			<sqlName>VAL_DOCU_CREA_NUME</sqlName>
			<className>java.lang.Long</className>
			<size>8</size>
			<required>false</required>
			<search>true</search>
			<list>true</list>
		</attribute>
		<attribute>
			<name>valEstaMoviPend</name>
			<sqlName>VAL_ESTA_MOVI_PEND</sqlName>
			<className>java.lang.String</className>
			<size>1</size>
			<required>false</required>
			<search>true</search>
			<list>true</list>
		</attribute>
		<attribute>
			<name>fecCont</name>
			<sqlName>FEC_CONT</sqlName>
			<className>java.sql.Date</className>
			<size>7</size>
			<required>false</required>
			<search>true</search>
			<list>true</list>
		</attribute>
		<attribute>
			<name>fecPago</name>
			<sqlName>FEC_PAGO</sqlName>
			<className>java.sql.Date</className>
			<size>7</size>
			<required>false</required>
			<search>true</search>
			<list>true</list>
		</attribute>
		<attribute>
			<name>fecProc</name>
			<sqlName>FEC_PROC</sqlName>
			<className>java.lang.String</className>
			<size>2</size>
			<required>false</required>
			<search>true</search>
			<list>true</list>
		</attribute>
		<attribute>
			<name>valHoraProc</name>
			<sqlName>VAL_HORA_PROC</sqlName>
			<className>java.lang.String</className>
			<size>2</size>
			<required>false</required>
			<search>true</search>
			<list>true</list>
		</attribute>
		<attribute>
			<name>valHoraNormAdic</name>
			<sqlName>VAL_HORA_NORM_ADIC</sqlName>
			<className>java.lang.String</className>
			<size>1</size>
			<required>false</required>
			<search>true</search>
			<list>true</list>
		</attribute>
		<attribute>
			<name>codIdenProc</name>
			<sqlName>COD_IDEN_PROC</sqlName>
			<className>java.lang.String</className>
			<size>1</size>
			<required>false</required>
			<search>true</search>
			<list>true</list>
		</attribute>
		<attribute>
			<name>impPago</name>
			<sqlName>IMP_PAGO</sqlName>
			<className>java.lang.Double</className>
			<size>15,2</size>
			<required>false</required>
			<search>true</search>
			<list>true</list>
		</attribute>
		<attribute>
			<name>valNombOfic</name>
			<sqlName>VAL_NOMB_OFIC</sqlName>
			<className>java.lang.String</className>
			<size>30</size>
			<required>false</required>
			<search>true</search>
			<list>true</list>
		</attribute>
		<attribute>
			<name>numCupo</name>
			<sqlName>NUM_CUPO</sqlName>
			<className>java.lang.Long</className>
			<size>8</size>
			<required>false</required>
			<search>true</search>
			<list>true</list>
		</attribute>
		<attribute>
			<name>valNumeDocu</name>
			<sqlName>VAL_NUME_DOCU</sqlName>
			<className>java.lang.String</className>
			<size>15</size>
			<required>false</required>
			<search>true</search>
			<list>true</list>
		</attribute>
		<attribute>
			<name>numFactBole</name>
			<sqlName>NUM_FACT_BOLE</sqlName>
			<className>java.lang.Long</className>
			<size>8</size>
			<required>false</required>
			<search>true</search>
			<list>true</list>
		</attribute>
		<attribute>
			<name>valNumeLoteCont</name>
			<sqlName>VAL_NUME_LOTE_CONT</sqlName>
			<className>java.lang.String</className>
			<size>20</size>
			<required>false</required>
			<search>true</search>
			<list>true</list>
		</attribute>
		<attribute>
			<name>valObse</name>
			<sqlName>VAL_OBSE</sqlName>
			<className>java.lang.String</className>
			<size>100</size>
			<required>false</required>
			<search>true</search>
			<list>true</list>
		</attribute>
		<attribute>
			<name>codOficReca</name>
			<sqlName>COD_OFIC_RECA</sqlName>
			<className>java.lang.Long</className>
			<size>5</size>
			<required>false</required>
			<search>true</search>
			<list>true</list>
		</attribute>
		<attribute>
			<name>valUsuaProc</name>
			<sqlName>VAL_USUA_PROC</sqlName>
			<className>java.lang.String</className>
			<size>10</size>
			<required>false</required>
			<search>true</search>
			<list>true</list>
		</attribute>
		<attribute>
			<name>fecMoviApli</name>
			<sqlName>FEC_MOVI_APLI</sqlName>
			<className>java.sql.Date</className>
			<size>7</size>
			<required>false</required>
			<search>true</search>
			<list>true</list>
		</attribute>
	</attributes>
</entity>