<?xml version="1.0" encoding="UTF-8"?>
<!--
<entity xmlns:xsi="http://www.w3.org/2001/XMLSchema-instance"
	xsi:noNamespaceSchemaLocation="C:/mmg/resources/schemas/entity.xsd">
-->
<entity>
    <name>CccMarcaSitua</name>

    <package>es.indra.belcorp.mso</package>

    <table>CCC_MARCA_SITUA</table>

    <keyGenerator>CCC_MASI_SEQ</keyGenerator>

    <attributes>
        <attribute>
            <name>id</name>

            <sqlName>OID_MARC_SITU</sqlName>

            <primaryKey>true</primaryKey>

            <className>java.lang.Long</className>

            <size>12</size>

            <required>true</required>

            <search>false</search>

            <list>false</list>

            <view>false</view>

            <modify>false</modify>

            <insert>false</insert>

            <order>1</order>
</attribute>

        <attribute>
            <name>paisOidPais</name>

            <sqlName>PAIS_OID_PAIS</sqlName>

            <className>es.indra.belcorp.mso.SegPaisView</className>

            <size>12</size>

            <widget>
                <type>combo</type>

                <text>id</text>
</widget>

            <required>true</required>

            <search>false</search>

            <list>false</list>

            <insert>false</insert>

            <modify>false</modify>

            <view>false</view>

            <order>2</order>
</attribute>

        <attribute>
            <name>codMarcSitu</name>

            <sqlName>COD_MARC_SITU</sqlName>

            <className>java.lang.String</className>

            <size>2</size>

            <required>true</required>

            <search>true</search>

            <list>true</list>

            <order>3</order>

            <insert>true</insert>

            <view>true</view>

            <modify>true</modify>

            <wrap>false</wrap>

            <uppercase>true</uppercase>

            <editable>false</editable>
</attribute>

        <attribute>
            <name>valObse</name>

            <sqlName>VAL_OBSE</sqlName>

            <className>java.lang.String</className>

            <size>100</size>

            <required>false</required>

            <search>false</search>

            <list>false</list>

            <insert>true</insert>

            <view>true</view>

            <modify>true</modify>

            <order>6</order>

            <widget>
                <type>textArea</type>

                <width>40</width>

                <height>3</height>
</widget>
</attribute>

        <attribute>
            <name>indCuenCast</name>

            <sqlName>IND_CUEN_CAST</sqlName>

            <className>java.lang.String</className>

            <size>1</size>

            <required>true</required>

            <search>true</search>

            <list>true</list>

            <insert>true</insert>

            <view>true</view>

            <modify>true</modify>

            <wrap>true</wrap>

            <order>5</order>

            <widget>
                <type>radioButton</type>

                <options>
                    <option>
                        <value>1</value>

                        <text>Si</text>
</option>

                    <option>
                        <value>0</value>

                        <text>No</text>
</option>
</options>
</widget>
</attribute>

        <attribute>
            <name>Descripcion</name>

            <className>java.lang.String</className>

            <choice>true</choice>

            <orderBy>1</orderBy>

            <localizationOrder>1</localizationOrder>

            <wrap>false</wrap>

            <order>4</order>

            <insert>true</insert>

            <modify>true</modify>

            <search>true</search>

            <list>true</list>

            <size>30</size>

            <required>true</required>
</attribute>
</attributes>

    <actions>
        <action>
            <side>client</side>

            <scope>precreate</scope>

            <code>SegPaisViewData paisOculto = new SegPaisViewData();paisOculto.setId(new Long(MMGDruidaHelper.getUserDefaultCountry(this)));cccMarcaSitua.setPaisOidPais(paisOculto);</code>
</action>

        <action>
            <side>client</side>

            <scope>postcreate</scope>

            <code>SegPaisViewData paisOculto = new SegPaisViewData();paisOculto.setId(new Long(MMGDruidaHelper.getUserDefaultCountry(this)));cccMarcaSitua.setPaisOidPais(paisOculto);</code>
</action>

        <action>
            <side>client</side>

            <scope>prequery</scope>

            <code>SegPaisViewData paisOculto = new SegPaisViewData();paisOculto.setId(new Long(MMGDruidaHelper.getUserDefaultCountry(this)));cccMarcaSituaFrom.setPaisOidPais(paisOculto);cccMarcaSituaTo.setPaisOidPais((SegPaisViewData)paisOculto.clone());</code>
</action>

        <action>
            <side>client</side>

            <scope>postquery</scope>

            <code>SegPaisViewData paisOculto = new SegPaisViewData();paisOculto.setId(new Long(MMGDruidaHelper.getUserDefaultCountry(this)));cccMarcaSituaFrom.setPaisOidPais(paisOculto);cccMarcaSituaTo.setPaisOidPais((SegPaisViewData)paisOculto.clone());</code>
</action>

        <action>
            <side>client</side>

            <scope>preupdate</scope>

            <code>SegPaisViewData paisOculto = new SegPaisViewData();paisOculto.setId(new Long(MMGDruidaHelper.getUserDefaultCountry(this)));cccMarcaSitua.setPaisOidPais(paisOculto);</code>
</action>

        <action>
            <side>client</side>

            <scope>postupdate</scope>

            <code>SegPaisViewData paisOculto = new SegPaisViewData();paisOculto.setId(new Long(MMGDruidaHelper.getUserDefaultCountry(this)));cccMarcaSitua.setPaisOidPais(paisOculto);</code>
</action>
</actions>

</entity>
