<?xml version="1.0" encoding="UTF-8"?>
<!--
<entity xmlns:xsi="http://www.w3.org/2001/XMLSchema-instance"
	xsi:noNamespaceSchemaLocation="C:/mmg/resources/schemas/entity.xsd">
-->
<entity>
    <name>CccProce</name>

    <package>es.indra.belcorp.mso</package>

    <table>CCC_PROCE</table>

    <keyGenerator>CCC_CCPR_SEQ</keyGenerator>

    <attributes>
        <attribute>
            <name>id</name>

            <sqlName>OID_PROC</sqlName>

            <primaryKey>true</primaryKey>

            <className>java.lang.Long</className>

            <size>12</size>

            <required>true</required>

            <search>false</search>

            <list>false</list>

            <view>false</view>

            <modify>false</modify>

            <insert>false</insert>

            <order>1</order>
</attribute>

        <attribute>
            <name>paisOidPais</name>

            <sqlName>PAIS_OID_PAIS</sqlName>

            <className>es.indra.belcorp.mso.SegPaisView</className>

            <size>12</size>

            <widget>
                <type>combo</type>

                <text>id</text>
</widget>

            <required>true</required>

            <search>false</search>

            <list>false</list>

            <order>2</order>

            <insert>false</insert>

            <modify>false</modify>

            <view>false</view>
</attribute>

        <attribute>
            <name>codProc</name>

            <sqlName>COD_PROC</sqlName>

            <className>java.lang.String</className>

            <size>6</size>

            <required>true</required>

            <search>true</search>

            <list>true</list>

            <wrap>false</wrap>

            <order>3</order>

            <uppercase>true</uppercase>
</attribute>

        <attribute>
            <name>desProc</name>

            <sqlName>DES_PROC</sqlName>

            <className>java.lang.String</className>

            <size>40</size>

            <required>true</required>

            <search>true</search>

            <list>true</list>

            <choice>true</choice>

            <wrap>false</wrap>

            <order>4</order>
</attribute>

        <attribute>
            <name>valObse</name>

            <sqlName>VAL_OBSE</sqlName>

            <className>java.lang.String</className>

            <size>100</size>

            <required>false</required>

            <search>false</search>

            <list>true</list>

            <order>6</order>

            <widget>
                <type>textArea</type>

                <width>40</width>

                <height>3</height>
</widget>
</attribute>

        <attribute>
            <name>indCvDire</name>

            <sqlName>IND_CV_DIRE</sqlName>

            <className>java.lang.Boolean</className>

            <size>1</size>

            <required>false</required>

            <search>false</search>

            <list>false</list>

            <order>5</order>

            <uppercase>true</uppercase>

            <widget>
                <type>checkbox</type>

                <options>
                    <option>
                        <value>1</value>

                        <text>Si</text>
</option>

                    <option>
                        <value>0</value>

                        <text>No</text>
</option>
</options>
</widget>

            <wrap>true</wrap>

            <view>false</view>
</attribute>
</attributes>

    <actions>
        <action>
            <side>client</side>

            <scope>prequery</scope>

            <code>SegPaisViewData paisOculto = new SegPaisViewData();paisOculto.setId(new Long(MMGDruidaHelper.getUserDefaultCountry(this)));paisOculto.setId(new Long(MMGDruidaHelper.getUserDefaultCountry(this)));</code>
</action>

        <action>
            <side>client</side>

            <scope>postquery</scope>

            <code>SegPaisViewData paisOculto = new SegPaisViewData();paisOculto.setId(new Long(MMGDruidaHelper.getUserDefaultCountry(this)));paisOculto.setId(new Long(MMGDruidaHelper.getUserDefaultCountry(this)));</code>
</action>
</actions>

</entity>
