<?xml version="1.0" encoding="UTF-8"?>
<!--
<entity xmlns:xsi="http://www.w3.org/2001/XMLSchema-instance"
	xsi:noNamespaceSchemaLocation="C:/mmg/resources/schemas/entity.xsd">
-->
<entity>
    <name>CccParamConta</name>

    <package>es.indra.belcorp.mso</package>

    <table>CCC_PARAM_CONTA</table>

    <keyGenerator>CCC_PACO_SEQ</keyGenerator>

    <attributes>
        <attribute>
            <name>id</name>

            <sqlName>OID_PARA_CONT</sqlName>

            <primaryKey>true</primaryKey>

            <className>java.lang.Long</className>

            <size>12</size>

            <required>true</required>

            <search>false</search>

            <list>false</list>

            <view>false</view>

            <modify>false</modify>

            <insert>false</insert>

            <order>1</order>
</attribute>

        <attribute>
            <name>subpOidSubp</name>

            <sqlName>SUBP_OID_SUBP</sqlName>

            <className>es.indra.belcorp.mso.CccSubpr</className>

            <size>12</size>

            <widget>
                <type>combo</type>

                <text>id</text>
</widget>

            <required>true</required>

            <search>true</search>

            <list>true</list>

            <dependency>true</dependency>

            <insert>true</insert>

            <modify>true</modify>

            <view>true</view>

            <order>3</order>

            <wrap>false</wrap>
</attribute>

        <attribute>
            <name>valDebeHabe</name>

            <sqlName>VAL_DEBE_HABE</sqlName>

            <className>java.lang.String</className>

            <size>1</size>

            <required>true</required>

            <search>true</search>

            <list>true</list>

            <modify>true</modify>

            <view>true</view>

            <insert>true</insert>

            <widget>
                <type>radioButton</type>

                <options>
                    <option>
                        <value>D</value>

                        <text>Debe</text>
</option>

                    <option>
                        <value>H</value>

                        <text>Haber</text>
</option>
</options>
</widget>

            <order>4</order>

            <wrap>true</wrap>
</attribute>

        <attribute>
            <name>valObteCuen</name>

            <sqlName>VAL_OBTE_CUEN</sqlName>

            <className>java.lang.String</className>

            <size>30</size>

            <required>false</required>

            <search>false</search>

            <list>true</list>

            <insert>true</insert>

            <modify>true</modify>

            <view>true</view>

            <widget>
                <type>combo</type>

                <options>
                    <option>
                        <value>D</value>

                        <text>Cuenta Directa</text>
</option>

                    <option>
                        <value>B</value>

                        <text>Cuenta Banco</text>
</option>

                    <option>
                        <value>P</value>

                        <text>Cuenta Puente banco</text>
</option>

                    <option>
                        <value>T</value>

                        <text>Cuenta Tipo abono/cargo</text>
</option>

                    <option>
                        <value>C</value>

                        <text>Cuenta Cuota anterior</text>
</option>

                    <option>
                        <value>N</value>

                        <text>Cuenta cuota Nueva</text>
</option>
</options>
</widget>

            <order>5</order>

            <wrap>false</wrap>
</attribute>

        <attribute>
            <name>valTextApun</name>

            <sqlName>VAL_TEXT_APUN</sqlName>

            <className>java.lang.String</className>

            <size>40</size>

            <required>true</required>

            <search>false</search>

            <list>true</list>

            <order>7</order>

            <insert>true</insert>

            <modify>true</modify>

            <view>true</view>

            <wrap>false</wrap>
</attribute>

        <attribute>
            <name>valObse</name>

            <sqlName>VAL_OBSE</sqlName>

            <className>java.lang.String</className>

            <size>100</size>

            <required>false</required>

            <search>false</search>

            <list>false</list>

            <insert>false</insert>

            <modify>false</modify>

            <view>false</view>

            <order>9</order>

            <wrap>false</wrap>
</attribute>

        <attribute>
            <name>indConcFech</name>

            <sqlName>IND_CONC_FECH</sqlName>

            <className>java.lang.String</className>

            <size>1</size>

            <required>true</required>

            <search>false</search>

            <list>false</list>

            <insert>true</insert>

            <modify>true</modify>

            <view>true</view>

            <wrap>false</wrap>

            <order>8</order>

            <widget>
                <type>radioButton</type>

                <options>
                    <option>
                        <value>1</value>

                        <text>Si</text>
</option>

                    <option>
                        <value>0</value>

                        <text>No</text>
</option>
</options>
</widget>
</attribute>

        <attribute>
            <name>cucoOidCuenContDire</name>

            <sqlName>CUCO_OID_CUEN_CONT_DIRE</sqlName>

            <className>es.indra.belcorp.mso.CccCuentContaView</className>

            <size>12</size>

            <widget>
                <type>combo</type>

                <text>id</text>
</widget>

            <required>false</required>

            <search>false</search>

            <list>false</list>

<!--            <dependency>false</dependency>-->

            <insert>true</insert>

            <view>true</view>

            <modify>true</modify>

            <wrap>false</wrap>

            <order>6</order>
</attribute>
</attributes>

</entity>
