<?xml version="1.0" encoding="UTF-8"?>
<!--
<entity xmlns:xsi="http://www.w3.org/2001/XMLSchema-instance"
	xsi:noNamespaceSchemaLocation="C:/mmg/resources/schemas/entity.xsd">
-->
<entity>
    <name>CccSucur</name>

    <package>es.indra.belcorp.mso</package>

    <table>CCC_SUCUR</table>

    <keyGenerator>CCC_SUCU_SEQ</keyGenerator>

    <attributes>
        <attribute>
            <name>id</name>

            <sqlName>OID_SUCU</sqlName>

            <primaryKey>true</primaryKey>

            <className>java.lang.Long</className>

            <size>12</size>

            <required>true</required>

            <search>false</search>

            <list>false</list>

            <view>false</view>

            <modify>false</modify>

            <insert>false</insert>

            <order>1</order>
</attribute>

        <attribute>
            <name>cbanOidBanc</name>

            <sqlName>CBAN_OID_BANC</sqlName>

            <className>es.indra.belcorp.mso.CccBanco</className>

            <size>12</size>

            <widget>
                <type>combo</type>

                <text>id</text>
</widget>

            <required>true</required>

            <search>true</search>

            <list>true</list>

            <dependency>true</dependency>

            <order>2</order>

            <insert>true</insert>

            <modify>true</modify>

            <view>true</view>

            <wrap>false</wrap>

            <editable>false</editable>
</attribute>

        <attribute>
            <name>codSucu</name>

            <sqlName>COD_SUCU</sqlName>

            <className>java.lang.String</className>

            <size>4</size>

            <required>true</required>

            <search>true</search>

            <list>true</list>

            <choice>true</choice>

            <order>3</order>

            <insert>true</insert>

            <modify>true</modify>

            <view>true</view>

            <wrap>false</wrap>

            <uppercase>true</uppercase>

            <editable>false</editable>
</attribute>

        <attribute>
            <name>valDire</name>

            <sqlName>VAL_DIRE</sqlName>

            <className>java.lang.String</className>

            <size>40</size>

            <required>true</required>

            <search>false</search>

            <list>true</list>

            <order>4</order>

            <insert>true</insert>

            <modify>true</modify>

            <view>true</view>

            <wrap>true</wrap>
</attribute>

        <attribute>
            <name>valCont</name>

            <sqlName>VAL_CONT</sqlName>

            <className>java.lang.String</className>

            <size>40</size>

            <required>false</required>

            <search>false</search>

            <list>false</list>

            <order>8</order>

            <insert>true</insert>

            <modify>true</modify>

            <view>true</view>

            <wrap>false</wrap>
</attribute>

        <attribute>
            <name>valTfno</name>

            <sqlName>VAL_TFNO</sqlName>

            <className>java.lang.String</className>

            <size>30</size>

            <required>false</required>

            <search>false</search>

            <list>false</list>

            <order>9</order>

            <wrap>true</wrap>

            <insert>true</insert>

            <modify>true</modify>

            <view>true</view>
</attribute>

        <attribute>
            <name>valObse</name>

            <sqlName>VAL_OBSE</sqlName>

            <className>java.lang.String</className>

            <size>100</size>

            <required>false</required>

            <search>false</search>

            <list>false</list>

            <order>10</order>

            <insert>true</insert>

            <modify>true</modify>

            <view>true</view>

            <widget>
                <type>textArea</type>

                <width>40</width>

                <height>3</height>
</widget>
</attribute>

        <attribute>
            <name>valCiud</name>

            <sqlName>VAL_CIUD</sqlName>

            <className>java.lang.String</className>

            <size>40</size>

            <required>false</required>

            <search>false</search>

            <list>true</list>

            <insert>true</insert>

            <view>true</view>

            <modify>true</modify>

            <wrap>false</wrap>

            <order>5</order>
</attribute>

        <attribute>
            <name>valDepa</name>

            <sqlName>VAL_DEPA</sqlName>

            <className>java.lang.String</className>

            <size>40</size>

            <required>false</required>

            <search>false</search>

            <list>false</list>

            <order>6</order>

            <insert>true</insert>

            <modify>true</modify>

            <view>true</view>

            <wrap>false</wrap>
</attribute>

        <attribute>
            <name>valDist</name>

            <sqlName>VAL_DIST</sqlName>

            <className>java.lang.String</className>

            <size>40</size>

            <required>false</required>

            <search>false</search>

            <list>false</list>

            <order>7</order>

            <insert>true</insert>

            <modify>true</modify>

            <view>true</view>

            <wrap>true</wrap>
</attribute>
</attributes>

</entity>
