<?xml version="1.0" encoding="UTF-8"?>
<!--
<entity xmlns:xsi="http://www.w3.org/2001/XMLSchema-instance"
	xsi:noNamespaceSchemaLocation="C:/mmg/resources/schemas/entity.xsd">
-->
<entity>
    <name>CccSubpr</name>

    <package>es.indra.belcorp.mso</package>

    <table>CCC_SUBPR</table>

    <keyGenerator>CCC_SUBP_SEQ</keyGenerator>

    <attributes>
        <attribute>
            <name>id</name>

            <sqlName>OID_SUBP</sqlName>

            <primaryKey>true</primaryKey>

            <className>java.lang.Long</className>

            <size>12</size>

            <required>true</required>

            <search>false</search>

            <list>false</list>

            <view>false</view>

            <modify>false</modify>

            <insert>false</insert>

            <order>1</order>
</attribute>

        <attribute>
            <name>ccprOidProc</name>

            <sqlName>CCPR_OID_PROC</sqlName>

            <className>es.indra.belcorp.mso.CccProce</className>

            <size>12</size>

            <widget>
                <type>combo</type>

                <text>id</text>
</widget>

            <required>true</required>

            <search>true</search>

            <list>true</list>

            <dependency>true</dependency>

            <view>true</view>

            <modify>true</modify>

            <wrap>false</wrap>

            <order>2</order>

            <insert>true</insert>

            <editable>false</editable>
</attribute>

        <attribute>
            <name>codSubp</name>

            <sqlName>COD_SUBP</sqlName>

            <className>java.lang.Long</className>

            <size>1</size>

            <required>true</required>

            <search>true</search>

            <list>true</list>

            <order>3</order>

            <wrap>false</wrap>

            <view>true</view>

            <modify>true</modify>

            <insert>true</insert>

            <editable>false</editable>
</attribute>

        <attribute>
            <name>desSubp</name>

            <sqlName>DES_SUBP</sqlName>

            <className>java.lang.String</className>

            <size>40</size>

            <required>true</required>

            <search>false</search>

            <list>true</list>

            <wrap>true</wrap>

            <order>5</order>

            <insert>true</insert>

            <modify>false</modify>

            <view>true</view>

            <choice>true</choice>
</attribute>

        <attribute>
            <name>valIndiGestMarc</name>

            <sqlName>VAL_INDI_GEST_MARC</sqlName>

            <className>java.lang.Boolean</className>

            <size>1</size>

            <required>false</required>

            <search>false</search>

            <list>true</list>

            <widget>
                <type>checkbox</type>
</widget>

            <modify>true</modify>

            <view>true</view>

            <insert>true</insert>

            <order>6</order>

            <wrap>false</wrap>
</attribute>

        <attribute>
            <name>valIndiActuCuot</name>

            <sqlName>VAL_INDI_ACTU_CUOT</sqlName>

            <className>java.lang.Boolean</className>

            <size>1</size>

            <required>false</required>

            <search>false</search>

            <list>true</list>

            <widget>
                <type>checkbox</type>
</widget>

            <modify>true</modify>

            <view>true</view>

            <wrap>false</wrap>

            <insert>true</insert>

            <order>7</order>
</attribute>

        <attribute>
            <name>valIndiTipoAbon</name>

            <sqlName>VAL_INDI_TIPO_ABON</sqlName>

            <className>java.lang.Boolean</className>

            <size>1</size>

            <required>false</required>

            <search>false</search>

            <list>true</list>

            <widget>
                <type>checkbox</type>
</widget>

            <insert>true</insert>

            <view>true</view>

            <modify>true</modify>

            <wrap>false</wrap>

            <order>8</order>
</attribute>

        <attribute>
            <name>valIndiCons</name>

            <sqlName>VAL_INDI_CONS</sqlName>

            <className>java.lang.String</className>

            <size>1</size>

            <required>true</required>

            <search>false</search>

            <list>true</list>

            <widget>
                <type>radioButton</type>

                <options>
                    <option>
                        <text>Debe</text>

                        <value>D</value>
</option>

                    <option>
                        <text>Haber</text>

                        <value>H</value>
</option>

                    <option>
                        <text>Ambos</text>

                        <value>A</value>
</option>

                    <option>
                        <text>No aplica</text>

                        <value>N</value>
</option>
</options>
</widget>

            <order>9</order>

            <insert>true</insert>

            <view>true</view>

            <modify>true</modify>

            <wrap>true</wrap>
</attribute>

        <attribute>
            <name>valObse</name>

            <sqlName>VAL_OBSE</sqlName>

            <className>java.lang.String</className>

            <size>100</size>

            <required>false</required>

            <search>false</search>

            <list>false</list>

            <order>10</order>

            <view>true</view>

            <insert>true</insert>

            <modify>true</modify>

            <widget>
                <type>textArea</type>

                <width>40</width>

                <height>3</height>
</widget>
</attribute>
</attributes>

</entity>
