<?xml version="1.0" encoding="UTF-8"?>
<!--
<entity xmlns:xsi="http://www.w3.org/2001/XMLSchema-instance"
	xsi:noNamespaceSchemaLocation="C:/mmg/resources/schemas/entity.xsd">
-->
<entity>
    <name>CccTipoError</name>
    <package>es.indra.belcorp.mso</package>
    <table>CCC_TIPO_ERROR</table>
    <keyGenerator>CCC_TIER_SEQ</keyGenerator>
    <attributes>
        <attribute>
            <name>id</name>
            <sqlName>OID_ERRO</sqlName>
            <primaryKey>true</primaryKey>
            <className>java.lang.Long</className>
            <size>12</size>
            <required>true</required>
            <search>false</search>
            <list>false</list>
            <view>false</view>
            <modify>false</modify>
            <insert>false</insert>
            <order>1</order>
        </attribute>
        <attribute>
            <name>codErro</name>
            <sqlName>COD_ERRO</sqlName>
            <className>java.lang.String</className>
            <size>2</size>
            <required>true</required>
            <search>true</search>
            <list>true</list>
            <wrap>false</wrap>
            <view>true</view>
            <uppercase>true</uppercase>
            <order>2</order>
        </attribute>
        <attribute>
            <name>Descripcion</name>
            <className>java.lang.String</className>
            <order>3</order>
            <localizationOrder>1</localizationOrder>
            <orderBy>1</orderBy>
            <size>30</size>
            <search>true</search>
            <list>true</list>
            <required>true</required>
            <choice>true</choice>
            <view>true</view>
        </attribute>
    </attributes>
</entity>
