<?xml version="1.0" encoding="UTF-8"?>
<!--
<entity xmlns:xsi="http://www.w3.org/2001/XMLSchema-instance"
	xsi:noNamespaceSchemaLocation="C:/mmg/resources/schemas/entity.xsd">
-->
<entity>
    <name>CccTipoAbonoSubpr</name>

    <package>es.indra.belcorp.mso</package>

    <table>CCC_TIPO_ABONO_SUBPR</table>

    <keyGenerator>CCC_TASP_SEQ</keyGenerator>

    <attributes>
        <attribute>
            <name>id</name>

            <sqlName>OID_TIPO_ABON_SUBP</sqlName>

            <primaryKey>true</primaryKey>

            <className>java.lang.Long</className>

            <size>12</size>

            <required>true</required>

            <search>false</search>

            <list>false</list>

            <view>false</view>

            <modify>false</modify>

            <insert>false</insert>

            <order>1</order>
</attribute>

        <attribute>
            <name>subpOidSubp</name>

            <sqlName>SUBP_OID_SUBP</sqlName>

            <className>es.indra.belcorp.mso.CccSubpr</className>

            <size>12</size>

            <widget>
                <type>combo</type>

                <text>id</text>
</widget>

            <required>true</required>

            <search>true</search>

            <list>true</list>

            <dependency>true</dependency>

            <order>3</order>

            <wrap>true</wrap>

            <modify>true</modify>

            <view>true</view>
</attribute>

        <attribute>
            <name>cucoOidCuenCont</name>

            <sqlName>CUCO_OID_CUEN_CONT</sqlName>

            <className>es.indra.belcorp.mso.CccCuentConta</className>

            <size>12</size>

            <widget>
                <type>combo</type>

                <text>id</text>
</widget>

            <required>true</required>

            <search>true</search>

            <list>true</list>

            <dependency>true</dependency>

            <wrap>false</wrap>

            <modify>true</modify>

            <order>5</order>

            <view>true</view>
</attribute>

        <attribute>
            <name>tcabOidTcab</name>

            <sqlName>TCAB_OID_TCAB</sqlName>

            <className>es.indra.belcorp.mso.CccTipoCargoAbono</className>

            <size>12</size>

            <widget>
                <type>combo</type>

                <text>id</text>
</widget>

            <required>true</required>

            <search>true</search>

            <list>true</list>

            <dependency>true</dependency>

            <wrap>false</wrap>

            <modify>true</modify>

            <order>4</order>

            <view>true</view>
</attribute>
</attributes>

</entity>
