<?xml version="1.0" encoding="UTF-8"?>
<!--
<entity xmlns:xsi="http://www.w3.org/2001/XMLSchema-instance"
	xsi:noNamespaceSchemaLocation="C:/mmg/resources/schemas/entity.xsd">
-->
<entity>
    <name>CccTipoTrans</name>

    <package>es.indra.belcorp.mso</package>

    <table>CCC_TIPO_TRANS</table>

    <keyGenerator>CCC_TTRA_SEQ</keyGenerator>

    <attributes>
        <attribute>
            <name>id</name>

            <sqlName>OID_TIPO_TRAN</sqlName>

            <primaryKey>true</primaryKey>

            <className>java.lang.Long</className>

            <size>12</size>

            <required>true</required>

            <search>false</search>

            <list>false</list>

            <view>false</view>

            <modify>false</modify>

            <insert>false</insert>

            <order>1</order>
</attribute>

        <attribute>
            <name>paisOidPais</name>

            <sqlName>PAIS_OID_PAIS</sqlName>

            <className>es.indra.belcorp.mso.SegPaisView</className>

            <size>12</size>

            <widget>
                <type>combo</type>

                <text>id</text>
</widget>

            <required>true</required>

            <search>false</search>

            <list>false</list>

            <insert>false</insert>

            <modify>false</modify>

            <view>false</view>

            <order>2</order>
</attribute>

        <attribute>
            <name>codTipoTran</name>

            <sqlName>COD_TIPO_TRAN</sqlName>

            <className>java.lang.String</className>

            <size>5</size>

            <required>true</required>

            <search>true</search>

            <list>true</list>

            <insert>true</insert>

            <modify>true</modify>

            <order>3</order>

            <wrap>false</wrap>

            <view>true</view>

            <uppercase>true</uppercase>

            <editable>false</editable>
</attribute>

        <attribute>
            <name>codTipoTranCheq</name>

            <sqlName>COD_TIPO_TRAN_CHEQ</sqlName>

            <className>java.lang.String</className>

            <size>1</size>

            <required>true</required>

            <search>true</search>

            <list>true</list>

            <insert>true</insert>

            <modify>true</modify>

            <wrap>false</wrap>

            <order>5</order>

            <widget>
                <type>radioButton</type>

                <options>
                    <option>
                        <value>S</value>

                        <text>Si</text>
</option>

                    <option>
                        <value>N</value>

                        <text>No</text>
</option>
</options>
</widget>

            <view>true</view>
</attribute>

        <attribute>
            <name>Descripcion</name>

            <className>java.lang.String</className>

            <order>4</order>

            <localizationOrder>1</localizationOrder>

            <orderBy>1</orderBy>

            <choice>true</choice>

            <insert>true</insert>

            <modify>true</modify>

            <list>true</list>

            <search>true</search>

            <wrap>false</wrap>

            <required>true</required>

            <view>true</view>
</attribute>
</attributes>

    <actions>
        <action>
            <side>client</side>

            <scope>precreate</scope>

            <code>SegPaisViewData paisOculto = new SegPaisViewData();paisOculto.setId(new Long(MMGDruidaHelper.getUserDefaultCountry(this)));cccTipoTrans.setPaisOidPais(paisOculto);</code>
</action>

        <action>
            <side>client</side>

            <scope>postcreate</scope>

            <code>SegPaisViewData paisOculto = new SegPaisViewData();paisOculto.setId(new Long(MMGDruidaHelper.getUserDefaultCountry(this)));cccTipoTrans.setPaisOidPais(paisOculto);</code>
</action>

        <action>
            <side>client</side>

            <scope>preupdate</scope>

            <code>SegPaisViewData paisOculto = new SegPaisViewData();paisOculto.setId(new Long(MMGDruidaHelper.getUserDefaultCountry(this)));cccTipoTrans.setPaisOidPais(paisOculto);</code>
</action>

        <action>
            <side>client</side>

            <scope>postupdate</scope>

            <code>SegPaisViewData paisOculto = new SegPaisViewData();paisOculto.setId(new Long(MMGDruidaHelper.getUserDefaultCountry(this)));cccTipoTrans.setPaisOidPais(paisOculto);</code>
</action>

        <action>
            <side>client</side>

            <scope>prequery</scope>

            <code>SegPaisViewData paisOculto = new SegPaisViewData();paisOculto.setId(new Long(MMGDruidaHelper.getUserDefaultCountry(this)));cccTipoTransFrom.setPaisOidPais(paisOculto);cccTipoTransTo.setPaisOidPais((SegPaisViewData)paisOculto.clone());</code>
</action>

        <action>
            <side>client</side>

            <scope>postquery</scope>

            <code>SegPaisViewData paisOculto = new SegPaisViewData();paisOculto.setId(new Long(MMGDruidaHelper.getUserDefaultCountry(this)));cccTipoTransFrom.setPaisOidPais(paisOculto);cccTipoTransTo.setPaisOidPais((SegPaisViewData)paisOculto.clone());</code>
</action>
</actions>

</entity>
