<?xml version="1.0" encoding="UTF-8"?>
<!--
<entity xmlns:xsi="http://www.w3.org/2001/XMLSchema-instance"
	xsi:noNamespaceSchemaLocation="C:/mmg/resources/schemas/entity.xsd">
-->
<entity>
    <name>CobArgum</name>
    <package>es.indra.belcorp.mso</package>
    <table>COB_ARGUM</table>
    <keyGenerator>COB_ARGU_SEQ</keyGenerator>
    <attributes>
        <attribute>
            <name>id</name>
            <sqlName>OID_ARGU</sqlName>
            <primaryKey>true</primaryKey>
            <className>java.lang.Long</className>
            <size>12</size>
            <required>true</required>
            <search>false</search>
            <list>false</list>
            <view>false</view>
            <modify>false</modify>        
            <insert>false</insert>
            <order>1</order>
        </attribute>
        <attribute>
            <name>codArgu</name>
            <sqlName>COD_ARGU</sqlName>
            <className>java.lang.String</className>
            <size>4</size>
            <required>true</required>
            <insert>true</insert>
            <search>true</search>
            <list>true</list>
            <view>true</view>
            <modify>true</modify>
            <order>2</order>
        </attribute>
        <attribute>
            <name>valDesc</name>
            <sqlName>VAL_DESC</sqlName>
            <className>java.lang.String</className>
            <size>40</size>
            <required>true</required>
            <insert>true</insert>
            <search>true</search>
            <list>true</list>
            <view>true</view>
            <modify>true</modify>
            <order>3</order>
        </attribute>
        <attribute>
            <name>valObse</name>
            <sqlName>VAL_OBSE</sqlName>
            <className>java.lang.String</className>
            <size>100</size>
            <required>false</required>
            <insert>true</insert>
            <search>true</search>
            <list>false</list>
            <view>true</view>
            <modify>true</modify>
            <order>4</order>
        </attribute>
        <attribute>
            <name>paisOidPais</name>
            <sqlName>PAIS_OID_PAIS</sqlName>
            <className>es.indra.belcorp.mso.SegPaisView</className>
            <size>12</size>
            <widget>
                <type>combo</type>
                <text>id</text>
            </widget>
            <required>true</required>
            <search>false</search>
            <list>false</list>
            <insert>false</insert>
            <modify>false</modify>
            <view>false</view>
            <wrap>false</wrap>
            <order>5</order>
        </attribute>
    </attributes>
    <actions>
        <action>
            <side>client</side>
            <scope>precreate</scope>
            <code>
                <![CDATA[
                SegPaisViewData paisOculto = new SegPaisViewData();
                paisOculto.setId(new Long(MMGDruidaHelper.getUserDefaultCountry(this)));
                cobArgum.setPaisOidPais(paisOculto);
               ]]>
            </code>
        </action>
        <action>
            <side>client</side>
            <scope>postcreate</scope>
            <code><![CDATA[
                SegPaisViewData paisOculto = new SegPaisViewData();
                paisOculto.setId(new Long(MMGDruidaHelper.getUserDefaultCountry(this)));
                cobArgum.setPaisOidPais(paisOculto);
                ]]>
            </code>
        </action>
        <action>
            <side>client</side>
            <scope>preupdate</scope>
            <code><![CDATA[
                SegPaisViewData paisOculto = new SegPaisViewData();
                paisOculto.setId(new Long(MMGDruidaHelper.getUserDefaultCountry(this)));
                cobArgum.setPaisOidPais(paisOculto);
                ]]>
            </code>
        </action>
        <action>
            <side>client</side>
            <scope>postupdate</scope>
            <code><![CDATA[
                SegPaisViewData paisOculto = new SegPaisViewData();
                paisOculto.setId(new Long(MMGDruidaHelper.getUserDefaultCountry(this)));
                cobArgum.setPaisOidPais(paisOculto);
                ]]></code>
        </action>
        <action>
            <side>client</side>
            <scope>prequery</scope>
            <code><![CDATA[
                SegPaisViewData paisOculto = new SegPaisViewData();
                paisOculto.setId(new Long(MMGDruidaHelper.getUserDefaultCountry(this)));
                cobArgumFrom.setPaisOidPais(paisOculto);
                cobArgumTo.setPaisOidPais((SegPaisViewData)paisOculto.clone());
                ]]>
            </code>
        </action>
        <action>
            <side>client</side>
            <scope>postquery</scope>
            <code><![CDATA[
                SegPaisViewData paisOculto = new SegPaisViewData();
                paisOculto.setId(new Long(MMGDruidaHelper.getUserDefaultCountry(this)));
                cobArgumFrom.setPaisOidPais(paisOculto);
                cobArgumTo.setPaisOidPais((SegPaisViewData)paisOculto.clone());
                ]]>
            </code>
        </action>
    </actions>
</entity>
