<?xml version="1.0" encoding="UTF-8"?>
<entity xmlns:xsi="http://www.w3.org/2001/XMLSchema-instance"
	xsi:noNamespaceSchemaLocation="C:/mmg/resources/schemas/entity.xsd">
    <name>CobAccioCobra</name>
    <package>es.indra.belcorp.mso</package>
    <table>COB_ACCIO_COBRA</table>
    <keyGenerator>COB_ACCO_SEQ</keyGenerator>
    <attributes>
        <attribute>
            <name>id</name>
            <sqlName>OID_ACCI_COBR</sqlName>
            <primaryKey>true</primaryKey>
            <className>java.lang.Long</className>
            <size>12</size>
            <required>true</required>
            <search>false</search>
            <list>false</list>
            <view>false</view>
            <modify>false</modify>
            <insert>false</insert>
            <order>1</order>
        </attribute>
        <attribute>
            <name>codAcciCobr</name>
            <sqlName>COD_ACCI_COBR</sqlName>
            <className>java.lang.String</className>
            <size>2</size>
            <required>true</required>
            <search>true</search>
            <list>true</list>
            <insert>true</insert>
            <modify>true</modify>
            <view>true</view>
            <wrap>false</wrap>
            <order>2</order>
        </attribute>
        <attribute>
            <name>valDesc</name>
            <sqlName>VAL_DESC</sqlName>
            <className>java.lang.String</className>
            <size>40</size>
            <required>true</required>
            <search>true</search>
            <list>true</list>
            <insert>true</insert>
            <modify>true</modify>
            <view>true</view>
            <wrap>false</wrap>
            <order>3</order>
        </attribute>
        <attribute>
            <name>indFechHoraSegu</name>
            <sqlName>IND_FECH_HORA_SEGU</sqlName>
            <className>java.lang.Long</className>
            <size>1</size>
            <required>false</required>
            <search>false</search>
            <list>false</list>
            <insert>true</insert>
            <modify>true</modify>
            <view>true</view>
            <widget>
                <type>radioButton</type>
                <options>
                    <option>
                        <value>1</value>
                        <text>Si</text>
                    </option>
                    <option>
                        <value>0</value>
                        <text>No</text>
                    </option>
                </options>
            </widget>
            <order>4</order>
        </attribute>
        <attribute>
            <name>indFechImpoComp</name>
            <sqlName>IND_FECH_IMPO_COMP</sqlName>
            <className>java.lang.Long</className>
            <size>1</size>
            <required>false</required>
            <search>false</search>
            <list>false</list>
            <modify>true</modify>
            <view>true</view>
            <widget>
                <type>radioButton</type>
                <options>
                    <option>
                        <value>1</value>
                        <text>Si</text>
                    </option>
                    <option>
                        <value>0</value>
                        <text>No</text>
                    </option>
                </options>
            </widget>
            <order>5</order>
        </attribute>
        <attribute>
            <name>indFechHoraNuevSegu</name>
            <sqlName>IND_FECH_HORA_NUEV_SEGU</sqlName>
            <className>java.lang.Long</className>
            <size>1</size>
            <required>false</required>
            <search>false</search>
            <list>false</list>
            <modify>true</modify>
            <view>true</view>
            <widget>
                <type>radioButton</type>
                <options>
                    <option>
                        <value>1</value>
                        <text>Si</text>
                    </option>
                    <option>
                        <value>0</value>
                        <text>No</text>
                    </option>
                </options>
            </widget>
            <order>6</order>
        </attribute>
        <attribute>
            <name>indAporPrue</name>
            <sqlName>IND_APOR_PRUE</sqlName>
            <className>java.lang.Long</className>
            <size>1</size>
            <required>false</required>
            <search>false</search>
            <list>false</list>
            <modify>true</modify>
            <view>true</view>
            <widget>
                <type>radioButton</type>
                <options>
                    <option>
                        <value>1</value>
                        <text>Si</text>
                    </option>
                    <option>
                        <value>0</value>
                        <text>No</text>
                    </option>
                </options>
            </widget>
            <order>7</order>
        </attribute>
        <attribute>
            <name>indDescPrue</name>
            <sqlName>IND_DESC_PRUE</sqlName>
            <className>java.lang.Long</className>
            <size>1</size>
            <required>false</required>
            <search>false</search>
            <list>false</list>
            <modify>true</modify>
            <view>true</view>
            <widget>
                <type>radioButton</type>
                <options>
                    <option>
                        <value>1</value>
                        <text>Si</text>
                    </option>
                    <option>
                        <value>0</value>
                        <text>No</text>
                    </option>
                </options>
            </widget>
            <order>8</order>
        </attribute>
        <attribute>
            <name>indNumeDocuSopo</name>
            <sqlName>IND_NUME_DOCU_SOPO</sqlName>
            <className>java.lang.Long</className>
            <size>1</size>
            <required>false</required>
            <search>false</search>
            <list>false</list>
            <modify>true</modify>
            <view>true</view>
            <widget>
                <type>radioButton</type>
                <options>
                    <option>
                        <value>1</value>
                        <text>Si</text>
                    </option>
                    <option>
                        <value>0</value>
                        <text>No</text>
                    </option>
                </options>
            </widget>
            <order>9</order>
        </attribute>
        <attribute>
            <name>indTipoDocuPago</name>
            <sqlName>IND_TIPO_DOCU_PAGO</sqlName>
            <className>java.lang.Long</className>
            <size>1</size>
            <required>false</required>
            <search>false</search>
            <list>false</list>
            <modify>true</modify>
            <view>true</view>
            <widget>
                <type>radioButton</type>
                <options>
                    <option>
                        <value>1</value>
                        <text>Si</text>
                    </option>
                    <option>
                        <value>0</value>
                        <text>No</text>
                    </option>
                </options>
            </widget>
            <order>10</order>
        </attribute>
        <attribute>
            <name>indBancSucu</name>
            <sqlName>IND_BANC_SUCU</sqlName>
            <className>java.lang.Long</className>
            <size>1</size>
            <required>false</required>
            <search>false</search>
            <list>false</list>
            <modify>true</modify>
            <view>true</view>
            <widget>
                <type>radioButton</type>
                <options>
                    <option>
                        <value>1</value>
                        <text>Si</text>
                    </option>
                    <option>
                        <value>0</value>
                        <text>No</text>
                    </option>
                </options>
            </widget>
            <order>11</order>
        </attribute>
        <attribute>
            <name>indNuevDire</name>
            <sqlName>IND_NUEV_DIRE</sqlName>
            <className>java.lang.Long</className>
            <size>1</size>
            <required>false</required>
            <search>false</search>
            <list>false</list>
            <order>12</order>
        </attribute>
        <attribute>
            <name>indNuevTelf</name>
            <sqlName>IND_NUEV_TELF</sqlName>
            <className>java.lang.Long</className>
            <size>1</size>
            <required>false</required>
            <search>false</search>
            <list>false</list>
            <modify>true</modify>
            <view>true</view>
            <widget>
                <type>radioButton</type>
                <options>
                    <option>
                        <value>1</value>
                        <text>Si</text>
                    </option>
                    <option>
                        <value>0</value>
                        <text>No</text>
                    </option>
                </options>
            </widget>
            <order>13</order>
        </attribute>
        <attribute>
            <name>indPasaAdmi</name>
            <sqlName>IND_PASA_ADMI</sqlName>
            <className>java.lang.Long</className>
            <size>1</size>
            <required>false</required>
            <search>false</search>
            <list>false</list>
            <modify>true</modify>
            <view>true</view>
            <widget>
                <type>radioButton</type>
                <options>
                    <option>
                        <value>1</value>
                        <text>Si</text>
                    </option>
                    <option>
                        <value>0</value>
                        <text>No</text>
                    </option>
                </options>
            </widget>
            <order>14</order>
        </attribute>
        <attribute>
            <name>indPetiBloqAdmi</name>
            <sqlName>IND_PETI_BLOQ_ADMI</sqlName>
            <className>java.lang.Long</className>
            <size>1</size>
            <required>false</required>
            <search>false</search>
            <list>false</list>
            <modify>true</modify>
            <view>true</view>
            <widget>
                <type>radioButton</type>
                <options>
                    <option>
                        <value>1</value>
                        <text>Si</text>
                    </option>
                    <option>
                        <value>0</value>
                        <text>No</text>
                    </option>
                </options>
            </widget>
            <order>15</order>
        </attribute>
        <attribute>
            <name>indPetiDesbAdmi</name>
            <sqlName>IND_PETI_DESB_ADMI</sqlName>
            <className>java.lang.Long</className>
            <size>1</size>
            <required>false</required>
            <search>false</search>
            <list>false</list>
            <modify>true</modify>
            <view>true</view>
            <widget>
                <type>radioButton</type>
                <options>
                    <option>
                        <value>1</value>
                        <text>Si</text>
                    </option>
                    <option>
                        <value>0</value>
                        <text>No</text>
                    </option>
                </options>
            </widget>
            <order>16</order>
        </attribute>
        <attribute>
            <name>indAcciMensReco</name>
            <sqlName>IND_ACCI_MENS_RECO</sqlName>
            <className>java.lang.Long</className>
            <size>1</size>
            <required>false</required>
            <search>false</search>
            <list>false</list>
            <modify>true</modify>
            <view>true</view>
            <widget>
                <type>radioButton</type>
                <options>
                    <option>
                        <value>1</value>
                        <text>Si</text>
                    </option>
                    <option>
                        <value>0</value>
                        <text>No</text>
                    </option>
                </options>
            </widget>
            <order>17</order>
        </attribute>
        <attribute>
            <name>indObse</name>
            <sqlName>IND_OBSE</sqlName>
            <className>java.lang.Long</className>
            <size>1</size>
            <required>false</required>
            <search>false</search>
            <list>false</list>
            <modify>true</modify>
            <view>true</view>
            <widget>
                <type>radioButton</type>
                <options>
                    <option>
                        <value>1</value>
                        <text>Si</text>
                    </option>
                    <option>
                        <value>0</value>
                        <text>No</text>
                    </option>
                </options>
            </widget>
            <order>18</order>
        </attribute>
        <attribute>
            <name>valObse</name>
            <sqlName>VAL_OBSE</sqlName>
            <className>java.lang.Long</className>
            <size>1</size>
            <required>false</required>
            <search>false</search>
            <list>false</list>
            <modify>true</modify>
            <view>true</view>
            <order>19</order>
        </attribute>
        <attribute>
            <name>paisOidPais</name>
            <sqlName>PAIS_OID_PAIS</sqlName>
            <className>es.indra.belcorp.mso.SegPaisView</className>
            <size>12</size>
            <widget>
                <type>combo</type>
                <text>id</text>
            </widget>
            <required>true</required>
            <search>false</search>
            <list>false</list>
            <insert>false</insert>
            <modify>false</modify>
            <view>false</view>
            <wrap>false</wrap>
            <order>20</order>
        </attribute>
        <attribute>
            <name>saccOidSubtAcci</name>
            <sqlName>SACC_OID_SUBT_ACCI</sqlName>
            <className>es.indra.belcorp.mso.CobSubtiAccio</className>
            <size>12</size>
            <widget>
                <type>combo</type>
                <text>id</text>
            </widget>
            <required>true</required>
            <search>false</search>
            <list>false</list>
            <modify>true</modify>
            <view>true</view>
            <order>21</order>
        </attribute>
    </attributes>
    <actions>
        <action>
            <side>client</side>
            <scope>precreate</scope>
            <code>
                <![CDATA[
                SegPaisViewData paisOculto = new SegPaisViewData();
                paisOculto.setId(new Long(MMGDruidaHelper.getUserDefaultCountry(this)));
                cobAccioCobra.setPaisOidPais(paisOculto);
               ]]>
            </code>
        </action>
        <action>
            <side>client</side>
            <scope>postcreate</scope>
            <code><![CDATA[
                SegPaisViewData paisOculto = new SegPaisViewData();
                paisOculto.setId(new Long(MMGDruidaHelper.getUserDefaultCountry(this)));
                cobAccioCobra.setPaisOidPais(paisOculto);
                ]]>
            </code>
        </action>
        <action>
            <side>client</side>
            <scope>preupdate</scope>
            <code><![CDATA[
                SegPaisViewData paisOculto = new SegPaisViewData();
                paisOculto.setId(new Long(MMGDruidaHelper.getUserDefaultCountry(this)));
                cobAccioCobra.setPaisOidPais(paisOculto);
                ]]>
            </code>
        </action>
        <action>
            <side>client</side>
            <scope>postupdate</scope>
            <code><![CDATA[
                SegPaisViewData paisOculto = new SegPaisViewData();
                paisOculto.setId(new Long(MMGDruidaHelper.getUserDefaultCountry(this)));
                cobAccioCobra.setPaisOidPais(paisOculto);
                ]]></code>
        </action>
        <action>
            <side>client</side>
            <scope>prequery</scope>
            <code><![CDATA[
                SegPaisViewData paisOculto = new SegPaisViewData();
                paisOculto.setId(new Long(MMGDruidaHelper.getUserDefaultCountry(this)));
                cobAccioCobraFrom.setPaisOidPais(paisOculto);
                cobAccioCobraTo.setPaisOidPais((SegPaisViewData)paisOculto.clone());
                ]]>
            </code>
        </action>
        <action>
            <side>client</side>
            <scope>postquery</scope>
            <code><![CDATA[
                SegPaisViewData paisOculto = new SegPaisViewData();
                paisOculto.setId(new Long(MMGDruidaHelper.getUserDefaultCountry(this)));
                cobAccioCobraFrom.setPaisOidPais(paisOculto);
                cobAccioCobraTo.setPaisOidPais((SegPaisViewData)paisOculto.clone());
                ]]>
            </code>
        </action>
    </actions>
</entity>
