<?xml version="1.0" encoding="UTF-8"?>
<!--
<entity xmlns:xsi="http://www.w3.org/2001/XMLSchema-instance"
	xsi:noNamespaceSchemaLocation="C:/mmg/resources/schemas/entity.xsd">
-->
<entity>
    <name>CobEscalLiqui</name>
    <package>es.indra.belcorp.mso</package>
    <table>COB_ESCAL_LIQUI</table>
    <keyGenerator>COB_ESLI_SEQ</keyGenerator>
    <attributes>
        <attribute>
            <name>id</name>
            <sqlName>OID_ESCA_LIQU_COBR</sqlName>
            <primaryKey>true</primaryKey>
            <className>java.lang.Long</className>
            <size>12</size>
            <required>true</required>
            <search>false</search>
            <list>false</list>
            <view>false</view>
            <modify>false</modify>
            <insert>false</insert>
            <order>1</order>
        </attribute>
        <attribute>
            <name>numOrdeEsca</name>
            <sqlName>NUM_ORDE_ESCA</sqlName>
            <className>java.lang.Long</className>
            <size>2</size>
            <required>true</required>
            <insert>true</insert>
            <search>true</search>
            <list>true</list>
            <wrap>false</wrap>
            <order>2</order>
        </attribute>
        <attribute>
            <name>impRangDesdImpo</name>
            <sqlName>IMP_RANG_DESD_IMPO</sqlName>
            <className>java.lang.Double</className>
            <size>12,2</size>
            <required>false</required>
            <insert>true</insert>
            <search>true</search>
            <list>true</list>
            <wrap>false</wrap>
            <order>3</order>
        </attribute>
        <attribute>
            <name>impRangHastImpo</name>
            <sqlName>IMP_RANG_HAST_IMPO</sqlName>
            <className>java.lang.Double</className>
            <size>12,2</size>
            <insert>true</insert>
            <required>false</required>
            <search>true</search>
            <list>true</list>
            <wrap>false</wrap>
            <haslogic>true</haslogic>
            <logic>
                <operation><![CDATA[>]]></operation>
                <descriptionOper>mayor</descriptionOper>
                <widgetRelated>impRangDesdImpo</widgetRelated>
            </logic>            
            <order>4</order>
        </attribute>
        <attribute>
            <name>valRangDesdPorc</name>
            <sqlName>VAL_RANG_DESD_PORC</sqlName>
            <className>java.lang.Double</className>
            <size>5,2</size>
            <required>false</required>
            <search>true</search>
            <list>true</list>
            <order>5</order>
        </attribute>
        <attribute>
            <name>valRangHastPorc</name>
            <sqlName>VAL_RANG_HAST_PORC</sqlName>
            <className>java.lang.Double</className>
            <size>5,2</size>
            <required>false</required>
            <search>true</search>
            <list>true</list>
            <haslogic>true</haslogic>
            <logic>
                <operation><![CDATA[>]]></operation>
                <descriptionOper>mayor</descriptionOper>
                <widgetRelated>valRangHastPorc</widgetRelated>
            </logic>
            <order>6</order>
        </attribute>
        <attribute>
            <name>impComiPorc</name>
            <sqlName>IMP_COMI_PORC</sqlName>
            <className>java.lang.Double</className>
            <size>5,2</size>
            <required>true</required>
            <search>false</search>
            <list>true</list>
            <order>7</order>
        </attribute>
        <attribute>
            <name>impComiImpo</name>
            <sqlName>IMP_COMI_IMPO</sqlName>
            <className>java.lang.Double</className>
            <size>12,2</size>
            <required>true</required>
            <search>false</search>
            <list>true</list>
            <order>8</order>
        </attribute>
        <attribute>
            <name>valObse</name>
            <sqlName>VAL_OBSE</sqlName>
            <className>java.lang.String</className>
            <size>100</size>
            <required>false</required>
            <search>false</search>
            <list>true</list>
            <order>9</order>
        </attribute>
        <attribute>
            <name>melcOidMetoLiquCobr</name>
            <sqlName>MELC_OID_METO_LIQU_COBR</sqlName>
            <className>es.indra.belcorp.mso.CobMetodLiqui</className>
            <size>12</size>
            <widget>
                <type>combo</type>
                <text>id</text>
            </widget>
            <required>true</required>
            <insert>true</insert>
            <search>true</search>
            <list>true</list>
            <order>10</order>
        </attribute>
    </attributes>
</entity>
