<?xml version="1.0" encoding="UTF-8"?>
<!--
<entity xmlns:xsi="http://www.w3.org/2001/XMLSchema-instance"
	xsi:noNamespaceSchemaLocation="C:/mmg/resources/schemas/entity.xsd">
-->
<entity>
    <name>CobEstadGrupoUsuar</name>
    <package>es.indra.belcorp.mso</package>
    <table>COB_ESTAD_GRUPO_USUAR</table>
    <keyGenerator>COB_ESGR_SEQ</keyGenerator>
    <attributes>
        <attribute>
            <name>id</name>
            <sqlName>OID_ESTA_GRUP_USUA</sqlName>
            <primaryKey>true</primaryKey>
            <className>java.lang.Long</className>
            <size>12</size>
            <required>true</required>
            <search>false</search>
            <list>false</list>
            <view>false</view>
            <modify>false</modify>
            <insert>false</insert>
            <order>1</order>
        </attribute>
        <attribute>
            <name>codEstaGrupUsua</name>
            <sqlName>COD_ESTA_GRUP_USUA</sqlName>
            <className>java.lang.String</className>
            <size>1</size>
            <required>true</required>
            <search>true</search>
            <list>true</list>
            <order>2</order>
        </attribute>
		<attribute>
			<name>Descripcion</name>
			<className>java.lang.String</className>
			<order>3</order>
			<localizationOrder>1</localizationOrder>
			<orderBy>1</orderBy>
			<modify>true</modify>
			<insert>true</insert>
			<search>false</search>
			<list>false</list>
			<view>true</view>
			<required>true</required>
			<wrap>false</wrap>
			<size>50</size>
			<uppercase>true</uppercase>
		</attribute>
    </attributes>
</entity>
