<?xml version="1.0" encoding="UTF-8"?>
<!--
<entity xmlns:xsi="http://www.w3.org/2001/XMLSchema-instance"
	xsi:noNamespaceSchemaLocation="C:/mmg/resources/schemas/entity.xsd">
-->
<entity>
    <name>CobEtapaDeudaTipoCargo</name>
    <package>es.indra.belcorp.mso</package>
    <table>COB_ETAPA_DEUDA_TIPO_CARGO</table>
    <keyGenerator>COB_EDTC_SEQ</keyGenerator>
    <attributes>
        <attribute>
            <name>id</name>
            <sqlName>OID_ETAP_DEUD_TIPO_CARG</sqlName>
            <primaryKey>true</primaryKey>
            <className>java.lang.Long</className>
            <size>12</size>
            <required>true</required>
            <search>false</search>
            <list>false</list>
            <view>false</view>
            <modify>false</modify>
            <insert>false</insert>
            <order>1</order>
        </attribute>
        <attribute>
            <name>valDesc</name>
            <sqlName>VAL_DESC</sqlName>
            <className>java.lang.String</className>
            <size>100</size>
            <required>false</required>
            <search>true</search>
            <list>true</list>
            <order>2</order>
        </attribute>
        <attribute>
            <name>tcabOidTipoCargAbon</name>
            <sqlName>TCAB_OID_TIPO_CARG_ABON</sqlName>
            <className>es.indra.belcorp.mso.CccTipoCargoAbono</className>
            <size>12</size>
            <widget>
                <type>combo</type>
                <text>id</text>
            </widget>
            <required>true</required>
            <search>true</search>
            <list>true</list>
            <order>3</order>
        </attribute>
        <attribute>
            <name>etdeOidEtapDeud</name>
            <sqlName>ETDE_OID_ETAP_DEUD</sqlName>
            <className>es.indra.belcorp.mso.CobEtapaDeuda</className>
            <size>12</size>
            <widget>
                <type>combo</type>
                <text>id</text>
            </widget>
            <required>true</required>
            <search>true</search>
            <list>true</list>
            <order>4</order>
        </attribute>
    </attributes>
</entity>
