<?xml version="1.0" encoding="UTF-8"?>
<!--
<entity xmlns:xsi="http://www.w3.org/2001/XMLSchema-instance"
	xsi:noNamespaceSchemaLocation="C:/mmg/resources/schemas/entity.xsd">
-->
<entity>
    <name>CobGrupoUsuarCobra</name>
    <package>es.indra.belcorp.mso</package>
    <table>COB_GRUPO_USUAR_COBRA</table>
    <keyGenerator>COB_GUCO_SEQ</keyGenerator>
    <attributes>
        <attribute>
            <name>id</name>
            <sqlName>OID_GRUP_USUA_COBR</sqlName>
            <primaryKey>true</primaryKey>
            <className>java.lang.Long</className>
            <size>12</size>
            <required>true</required>
            <search>false</search>
            <list>false</list>
            <view>false</view>
            <modify>false</modify>
            <insert>false</insert>
            <order>1</order>
        </attribute>
        <attribute>
            <name>codGrupUsua</name>
            <sqlName>COD_GRUP_USUA</sqlName>
            <className>java.lang.Long</className>
            <size>10</size>
            <required>true</required>
            <search>true</search>
            <modify>true</modify>
            <editable>false</editable>
            <list>true</list>
            <order>2</order>
        </attribute>
        <attribute>
            <name>valDesc</name>
            <sqlName>VAL_DESC</sqlName>
            <className>java.lang.String</className>
            <size>40</size>
            <required>true</required>
            <search>true</search>
            <list>true</list>
            <order>3</order>
        </attribute>
        <attribute>
            <name>fecUltiEsta</name>
            <sqlName>FEC_ULTI_ESTA</sqlName>
            <className>java.sql.Date</className>
            <size>7</size>
            <required>false</required>
            <search>false</search>
            <list>false</list>
            <order>4</order>
        </attribute>
        <attribute>
            <name>indUsuaExte</name>
            <sqlName>IND_USUA_EXTE</sqlName>
            <className>java.lang.Long</className>
            <size>1</size>
            <required>false</required>
            <order>5</order>
        </attribute>
        <attribute>
            <name>valTurnHoraEntr</name>
            <sqlName>VAL_TURN_HORA_ENTR</sqlName>
            <className>java.lang.String</className>
            <size>20</size>
            <required>false</required>
            <order>6</order>
        </attribute>
        <attribute>
            <name>valTurnHoraSali</name>
            <sqlName>VAL_TURN_HORA_SALI</sqlName>
            <className>java.lang.String</className>
            <size>20</size>
            <required>false</required>
            <order>7</order>
        </attribute>
        <attribute>
            <name>valObse</name>
            <sqlName>VAL_OBSE</sqlName>
            <className>java.lang.String</className>
            <size>100</size>
            <required>false</required>
            <order>8</order>
        </attribute>
        <attribute>
            <name>paisOidPais</name>
            <sqlName>PAIS_OID_PAIS</sqlName>
            <className>es.indra.belcorp.mso.SegPaisView</className>
            <size>12</size>
            <widget>
                <type>combo</type>
                <text>id</text>
            </widget>
            <required>true</required>
            <search>false</search>
            <list>false</list>
            <insert>false</insert>
            <modify>false</modify>
            <view>false</view>
            <wrap>false</wrap>
            <order>9</order>
        </attribute>
        <attribute>
            <name>esgrOidEstaGrupUsua</name>
            <sqlName>ESGR_OID_ESTA_GRUP_USUA</sqlName>
            <className>es.indra.belcorp.mso.CobEstadGrupoUsuar</className>
            <size>12</size>
            <widget>
                <type>combo</type>
                <text>id</text>
            </widget>
            <required>false</required>
            <search>true</search>
            <list>true</list>
            <order>10</order>
        </attribute>
    </attributes>
    <actions>
        <action>
            <side>client</side>
            <scope>precreate</scope>
            <code><![CDATA[
                SegPaisViewData paisOculto = new SegPaisViewData();
                paisOculto.setId(new Long(MMGDruidaHelper.getUserDefaultCountry(this)));
                cobGrupoUsuarCobra.setPaisOidPais(paisOculto);
                java.text.SimpleDateFormat format = new java.text.SimpleDateFormat("dd/MM/yyyy");
                java.sql.Date fecha = new java.sql.Date(format.parse("01/01/3000").getTime());
                cobGrupoUsuarCobra.setFecUltiEsta(fecha);
                ]]>
            </code>
        </action>
        <action>
            <side>client</side>
            <scope>postcreate</scope>
            <code><![CDATA[
                SegPaisViewData paisOculto = new SegPaisViewData();
                paisOculto.setId(new Long(MMGDruidaHelper.getUserDefaultCountry(this)));
                cobGrupoUsuarCobra.setPaisOidPais(paisOculto);
                ]]>
            </code>
        </action>
        <action>
            <side>client</side>
            <scope>preupdate</scope>
            <code><![CDATA[
                SegPaisViewData paisOculto = new SegPaisViewData();
                paisOculto.setId(new Long(MMGDruidaHelper.getUserDefaultCountry(this)));
                cobGrupoUsuarCobra.setPaisOidPais(paisOculto);
                ]]>
            </code>
        </action>
        <action>
            <side>client</side>
            <scope>postupdate</scope>
            <code><![CDATA[
                SegPaisViewData paisOculto = new SegPaisViewData();
                paisOculto.setId(new Long(MMGDruidaHelper.getUserDefaultCountry(this)));
                cobGrupoUsuarCobra.setPaisOidPais(paisOculto);
                ]]>
            </code>
        </action>
        <action>
            <side>client</side>
            <scope>prequery</scope>
            <code><![CDATA[
                SegPaisViewData paisOculto = new SegPaisViewData();
                paisOculto.setId(new Long(MMGDruidaHelper.getUserDefaultCountry(this)));
                cobGrupoUsuarCobraFrom.setPaisOidPais(paisOculto);
                cobGrupoUsuarCobraTo.setPaisOidPais((SegPaisViewData)paisOculto.clone());
                ]]>
            </code>
        </action>
        <action>
            <side>client</side>
            <scope>postquery</scope>
            <code><![CDATA[
                SegPaisViewData paisOculto = new SegPaisViewData();
                paisOculto.setId(new Long(MMGDruidaHelper.getUserDefaultCountry(this)));
                cobGrupoUsuarCobraFrom.setPaisOidPais(paisOculto);
                cobGrupoUsuarCobraTo.setPaisOidPais((SegPaisViewData)paisOculto.clone());
                ]]>
            </code>
        </action>
    </actions>
</entity>
