<?xml version="1.0" encoding="UTF-8"?>
<!--
<entity xmlns:xsi="http://www.w3.org/2001/XMLSchema-instance"
	xsi:noNamespaceSchemaLocation="C:/mmg/resources/schemas/entity.xsd">
-->
<entity>
    <name>CobGuionArgumCabec</name>
    <package>es.indra.belcorp.mso</package>
    <table>COB_GUION_ARGUM_CABEC</table>
    <keyGenerator>COB_GACA_SEQ</keyGenerator>
    <attributes>
        <attribute>
            <name>id</name>
            <sqlName>OID_GUIO_ARGU_CABE</sqlName>
            <primaryKey>true</primaryKey>
            <className>java.lang.Long</className>
            <size>12</size>
            <required>true</required>
            <search>false</search>
            <list>false</list>
            <view>false</view>
            <modify>false</modify>
            <insert>false</insert>
            <order>1</order>
        </attribute>
        <attribute>
            <name>codGuiaArgu</name>
            <sqlName>COD_GUIA_ARGU</sqlName>
            <className>java.lang.String</className>
            <size>4</size>
            <required>true</required>
            <modify>true</modify>
            <editable>false</editable>
            <search>true</search>
            <list>true</list>
            <order>2</order>
        </attribute>
        <attribute>
            <name>valObse</name>
            <sqlName>VAL_OBSE</sqlName>
            <className>java.lang.String</className>
            <size>4000</size>
            <required>false</required>
            <search>false</search>
            <list>false</list>
            <order>3</order>
        </attribute>
        <attribute>
            <name>paisOidPais</name>
            <sqlName>PAIS_OID_PAIS</sqlName>
            <className>es.indra.belcorp.mso.SegPaisView</className>
            <size>12</size>
            <widget>
                <type>combo</type>
                <text>id</text>
            </widget>
            <required>true</required>
            <search>false</search>
            <list>false</list>
            <insert>false</insert>
            <modify>false</modify>
            <view>false</view>
            <wrap>false</wrap>
            <order>4</order>
        </attribute>
        <attribute>
            <name>Descripcion</name>
            <className>java.lang.String</className>
            <order>5</order>
            <localizationOrder>1</localizationOrder>
            <orderBy>1</orderBy>
            <modify>true</modify>
            <insert>true</insert>
            <search>true</search>
            <list>true</list>
            <view>true</view>
            <required>true</required>
            <wrap>false</wrap>
            <size>50</size>
            <uppercase>true</uppercase>
        </attribute>
    </attributes>
    <actions>
        <action>
            <side>client</side>
            <scope>precreate</scope>
            <code><![CDATA[
                SegPaisViewData paisOculto = new SegPaisViewData();
                paisOculto.setId(new Long(MMGDruidaHelper.getUserDefaultCountry(this)));
                cobGuionArgumCabec.setPaisOidPais(paisOculto);
                ]]></code>
        </action>
        <action>
            <side>client</side>
            <scope>postcreate</scope>
            <code><![CDATA[
                    SegPaisViewData paisOculto = new SegPaisViewData();
                paisOculto.setId(new Long(MMGDruidaHelper.getUserDefaultCountry(this)));
                cobGuionArgumCabec.setPaisOidPais(paisOculto);
                ]]></code>
        </action>
        <action>
            <side>client</side>
            <scope>preupdate</scope>
            <code><![CDATA[
                    SegPaisViewData paisOculto = new SegPaisViewData();
                    paisOculto.setId(new Long(MMGDruidaHelper.getUserDefaultCountry(this)));
                    cobGuionArgumCabec.setPaisOidPais(paisOculto);
                ]]></code>
        </action>
        <action>
            <side>client</side>
            <scope>postupdate</scope>
            <code><![CDATA[
                SegPaisViewData paisOculto = new SegPaisViewData();
                paisOculto.setId(new Long(MMGDruidaHelper.getUserDefaultCountry(this)));
                cobGuionArgumCabec.setPaisOidPais(paisOculto);
                ]]></code>
        </action>
        <action>
            <side>client</side>
            <scope>prequery</scope>
            <code><![CDATA[
                SegPaisViewData paisOculto = new SegPaisViewData();
                paisOculto.setId(new Long(MMGDruidaHelper.getUserDefaultCountry(this)));
                cobGuionArgumCabecFrom.setPaisOidPais(paisOculto);
                cobGuionArgumCabecTo.setPaisOidPais((SegPaisViewData)paisOculto.clone());
                ]]></code>
        </action>
        <action>
            <side>client</side>
            <scope>postquery</scope>
            <code><![CDATA[
                SegPaisViewData paisOculto = new SegPaisViewData();
                paisOculto.setId(new Long(MMGDruidaHelper.getUserDefaultCountry(this)));
                cobGuionArgumCabecFrom.setPaisOidPais(paisOculto);
                cobGuionArgumCabecTo.setPaisOidPais((SegPaisViewData)paisOculto.clone());
                ]]></code>
        </action>
    </actions>
</entity>
