<?xml version="1.0" encoding="UTF-8"?>
<!--
<entity xmlns:xsi="http://www.w3.org/2001/XMLSchema-instance"
	xsi:noNamespaceSchemaLocation="C:/mmg/resources/schemas/entity.xsd">
-->
<entity>
    <name>CobGuionArgumDetal</name>
    <package>es.indra.belcorp.mso</package>
    <table>COB_GUION_ARGUM_DETAL</table>
    <keyGenerator>COB_GADE_SEQ</keyGenerator>
    <attributes>
        <attribute>
            <name>id</name>
            <sqlName>OID_GUIO_ARGU_DETA</sqlName>
            <primaryKey>true</primaryKey>
            <className>java.lang.Long</className>
            <size>12</size>
            <required>true</required>
            <search>false</search>
            <list>false</list>
            <view>false</view>
            <modify>false</modify>
            <insert>false</insert>
            <order>1</order>
        </attribute>
        <attribute>
            <name>numOrdeArgu</name>
            <sqlName>NUM_ORDE_ARGU</sqlName>
            <className>java.lang.Long</className>
            <size>3</size>
            <required>true</required>
            <search>false</search>
            <list>true</list>
            <order>2</order>
        </attribute>
        <attribute>
            <name>indValoDefe</name>
            <sqlName>IND_VALO_DEFE</sqlName>
            <className>java.lang.Long</className>
            <size>1</size>
            <required>true</required>
            <search>false</search>
            <list>false</list>
            <widget>
                <type>radioButton</type>
                <options>
                    <option>
                        <value>0</value>
                        <text>No</text>
                    </option>
                    <option>
                        <value>1</value>
                        <text>Si</text>
                    </option>                    
                </options>                
            </widget>
            <order>3</order>
        </attribute>
        <attribute>
            <name>indActiAtriObse</name>
            <sqlName>IND_ACTI_ATRI_OBSE</sqlName>
            <className>java.lang.Long</className>
            <size>1</size>
            <insert>false</insert>
            <required>true</required>
            <search>false</search>
            <list>false</list>
            <widget>
                <type>radioButton</type>
                <options>
                    <option>
                        <value>0</value>
                        <text>No</text>
                    </option>
                    <option>
                        <value>1</value>
                        <text>Si</text>
                    </option>
                </options>
            </widget>
            <order>4</order>
        </attribute>
        <attribute>
            <name>valObse</name>
            <sqlName>VAL_OBSE</sqlName>
            <className>java.lang.String</className>
            <size>100</size>
            <insert>false</insert>
            <required>false</required>
            <search>false</search>
            <list>false</list>
            <order>5</order>
        </attribute>
        <attribute>
            <name>arguOidArgu</name>
            <sqlName>ARGU_OID_ARGU</sqlName>
            <className>es.indra.belcorp.mso.CobArgum</className>
            <size>12</size>
            <widget>
                <type>combo</type>
                <text>id</text>
            </widget>
            <required>true</required>
            <search>true</search>
            <list>true</list>
            <order>6</order>
        </attribute>
        <attribute>
            <name>gacaOidGuioArguCabe</name>
            <sqlName>GACA_OID_GUIO_ARGU_CABE</sqlName>
            <className>es.indra.belcorp.mso.CobGuionArgumCabec</className>
            <size>12</size>
            <widget>
                <type>combo</type>
                <text>id</text>
            </widget>
            <required>true</required>
            <search>true</search>
            <list>true</list>
            <order>7</order>
        </attribute>
        <attribute>
            <name>obvoOidArguObliVolu</name>
            <sqlName>OBVO_OID_ARGU_OBLI_VOLU</sqlName>
            <className>es.indra.belcorp.mso.CobArgumObligVolun</className>
            <size>12</size>
            <widget>
                <type>combo</type>
                <text>id</text>
            </widget>
            <required>true</required>
            <search>true</search>
            <list>false</list>
            <order>8</order>
        </attribute>
    </attributes>
</entity>
