<?xml version="1.0" encoding="UTF-8"?>
<!--
<entity xmlns:xsi="http://www.w3.org/2001/XMLSchema-instance"
	xsi:noNamespaceSchemaLocation="C:/mmg/resources/schemas/entity.xsd">
-->
<entity>
    <name>CobMotivIncob</name>
    <package>es.indra.belcorp.mso</package>
    <table>COB_MOTIV_INCOB</table>
    <keyGenerator>COB_MONO_SEQ</keyGenerator>
    <attributes>
        <attribute>
            <name>id</name>
            <sqlName>OID_MOTI_COBR</sqlName>
            <primaryKey>true</primaryKey>
            <className>java.lang.Long</className>
            <size>12</size>
            <required>true</required>
            <search>false</search>
            <list>false</list>
            <view>false</view>
            <modify>false</modify>
            <insert>false</insert>
            <order>1</order>
        </attribute>
        <attribute>
            <name>codMotiCobr</name>
            <sqlName>COD_MOTI_COBR</sqlName>
            <className>java.lang.String</className>
            <size>2</size>
            <required>true</required>
            <search>true</search>
            <list>true</list>
            <modify>true</modify>
            <editable>false</editable>
            <order>2</order>
        </attribute>
        <attribute>
            <name>valDescMotiCobr</name>
            <sqlName>VAL_DESC_MOTI_COBR</sqlName>
            <className>java.lang.String</className>
            <size>40</size>
            <required>true</required>
            <search>true</search>
            <list>true</list>
            <order>3</order>
        </attribute>
        <attribute>
            <name>paisOidPais</name>
            <sqlName>PAIS_OID_PAIS</sqlName>
            <className>es.indra.belcorp.mso.SegPaisView</className>
            <size>12</size>
            <widget>
                <type>combo</type>
                <text>id</text>
            </widget>
            <required>true</required>
            <search>false</search>
            <list>false</list>
            <insert>false</insert>
            <modify>false</modify>
            <view>false</view>
            <wrap>false</wrap>
            <order>4</order>
        </attribute>
    </attributes>
    <actions>
        <action>
            <side>client</side>
            <scope>precreate</scope>
            <code><![CDATA[
                SegPaisViewData paisOculto = new SegPaisViewData();
                paisOculto.setId(new Long(MMGDruidaHelper.getUserDefaultCountry(this)));
                cobMotivIncob.setPaisOidPais(paisOculto);
                ]]></code>
        </action>
        <action>
            <side>client</side>
            <scope>postcreate</scope>
            <code><![CDATA[
                SegPaisViewData paisOculto = new SegPaisViewData();
                paisOculto.setId(new Long(MMGDruidaHelper.getUserDefaultCountry(this)));
                cobMotivIncob.setPaisOidPais(paisOculto);
                ]]></code>
        </action>
        <action>
            <side>client</side>
            <scope>preupdate</scope>
            <code><![CDATA[
                SegPaisViewData paisOculto = new SegPaisViewData();
                paisOculto.setId(new Long(MMGDruidaHelper.getUserDefaultCountry(this)));
                cobMotivIncob.setPaisOidPais(paisOculto);
                ]]></code>
        </action>
        <action>
            <side>client</side>
            <scope>postupdate</scope>
            <code><![CDATA[
                SegPaisViewData paisOculto = new SegPaisViewData();
                paisOculto.setId(new Long(MMGDruidaHelper.getUserDefaultCountry(this)));
                cobMotivIncob.setPaisOidPais(paisOculto);
                ]]></code>
        </action>
        <action>
            <side>client</side>
            <scope>prequery</scope>
            <code><![CDATA[
                SegPaisViewData paisOculto = new SegPaisViewData();
                paisOculto.setId(new Long(MMGDruidaHelper.getUserDefaultCountry(this)));
                cobMotivIncobFrom.setPaisOidPais(paisOculto);
                cobMotivIncobTo.setPaisOidPais((SegPaisViewData)paisOculto.clone());
                ]]></code>
        </action>
        <action>
            <side>client</side>
            <scope>postquery</scope>
            <code><![CDATA[
                SegPaisViewData paisOculto = new SegPaisViewData();
                paisOculto.setId(new Long(MMGDruidaHelper.getUserDefaultCountry(this)));
                cobMotivIncobFrom.setPaisOidPais(paisOculto);
                cobMotivIncobTo.setPaisOidPais((SegPaisViewData)paisOculto.clone());
                ]]></code>
        </action>
    </actions>
</entity>
