<?xml version="1.0" encoding="UTF-8"?>
<!--
<entity xmlns:xsi="http://www.w3.org/2001/XMLSchema-instance"
	xsi:noNamespaceSchemaLocation="C:/mmg/resources/schemas/entity.xsd">
-->
<entity>
    <name>CobMetodLiqui</name>
    <package>es.indra.belcorp.mso</package>
    <table>COB_METOD_LIQUI</table>
    <keyGenerator>COB_MELC_SEQ</keyGenerator>
    <attributes>
        <attribute>
            <name>id</name>
            <sqlName>OID_METO_LIQU_COBR</sqlName>
            <primaryKey>true</primaryKey>
            <className>java.lang.Long</className>
            <size>12</size>
            <required>true</required>
            <search>false</search>
            <list>false</list>
            <view>false</view>
            <modify>false</modify>
            <insert>false</insert>
            <order>1</order>
        </attribute>
        <attribute>
            <name>codMetoLiqu</name>
            <sqlName>COD_METO_LIQU</sqlName>
            <className>java.lang.String</className>
            <size>4</size>
            <required>true</required>
            <search>true</search>
            <list>true</list>
            <modify>true</modify>
            <editable>false</editable>
            <order>2</order>
        </attribute>
        <attribute>
            <name>valDescMetoLiqu</name>
            <sqlName>VAL_DESC_METO_LIQU</sqlName>
            <className>java.lang.String</className>
            <size>40</size>
            <required>true</required>
            <search>true</search>
            <list>true</list>
            <order>3</order>
        </attribute>
        <attribute>
            <name>indLiqu</name>
            <sqlName>IND_LIQU</sqlName>
            <className>java.lang.Long</className>
            <size>1</size>
            <required>true</required>
            <search>true</search>
            <list>false</list>
            <widget>
                <type>radioButton</type>
                <options>
                    <option>
                        <value>0</value>
                        <text>No</text>
                    </option>
                    <option>
                        <value>1</value>
                        <text>Si</text>
                    </option>
                </options>
            </widget>
            <order>4</order>
        </attribute>
        <attribute>
            <name>indLiquGrupUsua</name>
            <sqlName>IND_LIQU_GRUP_USUA</sqlName>
            <className>java.lang.Long</className>
            <size>1</size>
            <required>true</required>
            <search>true</search>
            <list>false</list>
            <widget>
                <type>radioButton</type>
                <options>
                    <option>
                        <value>0</value>
                        <text>No</text>
                    </option>
                    <option>
                        <value>1</value>
                        <text>Si</text>
                    </option>
                </options>
            </widget>
            <order>5</order>
        </attribute>
        <attribute>
            <name>valObse</name>
            <sqlName>VAL_OBSE</sqlName>
            <className>java.lang.String</className>
            <size>100</size>
            <required>false</required>
            <search>true</search>
            <list>false</list>
            <view>false</view>
            <order>6</order>
        </attribute>
        <attribute>
            <name>paisOidPais</name>
            <sqlName>PAIS_OID_PAIS</sqlName>
            <className>es.indra.belcorp.mso.SegPaisView</className>
            <size>12</size>
            <widget>
                <type>combo</type>
                <text>id</text>
            </widget>
            <required>true</required>
            <search>false</search>
            <list>false</list>
            <insert>false</insert>
            <modify>false</modify>
            <view>false</view>
            <wrap>false</wrap>
            <order>7</order>
        </attribute>
        <attribute>
            <name>baesOidBaseEsca</name>
            <sqlName>BAES_OID_BASE_ESCA</sqlName>
            <className>es.indra.belcorp.mso.CobBaseEscal</className>
            <size>12</size>
            <widget>
                <type>combo</type>
                <text>id</text>
            </widget>
            <required>true</required>
            <search>true</search>
            <list>false</list>
            <view>false</view>
            <order>8</order>
        </attribute>
    </attributes>
    <actions>
        <action>
            <side>client</side>
            <scope>precreate</scope>
            <code><![CDATA[
                SegPaisViewData paisOculto = new SegPaisViewData();
                paisOculto.setId(new Long(MMGDruidaHelper.getUserDefaultCountry(this)));
                cobMetodLiqui.setPaisOidPais(paisOculto);
                ]]></code>
        </action>
        <action>
            <side>client</side>
            <scope>postcreate</scope>
            <code><![CDATA[
                SegPaisViewData paisOculto = new SegPaisViewData();
                paisOculto.setId(new Long(MMGDruidaHelper.getUserDefaultCountry(this)));
                cobMetodLiqui.setPaisOidPais(paisOculto);
                ]]></code>
        </action>
        <action>
            <side>client</side>
            <scope>preupdate</scope>
            <code><![CDATA[
                SegPaisViewData paisOculto = new SegPaisViewData();
                paisOculto.setId(new Long(MMGDruidaHelper.getUserDefaultCountry(this)));
                cobMetodLiqui.setPaisOidPais(paisOculto);
                ]]></code>
        </action>
        <action>
            <side>client</side>
            <scope>postupdate</scope>
            <code><![CDATA[
                SegPaisViewData paisOculto = new SegPaisViewData();
                paisOculto.setId(new Long(MMGDruidaHelper.getUserDefaultCountry(this)));
                cobMetodLiqui.setPaisOidPais(paisOculto);
                ]]></code>
        </action>
        <action>
            <side>client</side>
            <scope>prequery</scope>
            <code><![CDATA[
                SegPaisViewData paisOculto = new SegPaisViewData();
                paisOculto.setId(new Long(MMGDruidaHelper.getUserDefaultCountry(this)));
                cobMetodLiquiFrom.setPaisOidPais(paisOculto);
                cobMetodLiquiTo.setPaisOidPais((SegPaisViewData)paisOculto.clone());
                ]]></code>
        </action>
        <action>
            <side>client</side>
            <scope>postquery</scope>
            <code><![CDATA[
                SegPaisViewData paisOculto = new SegPaisViewData();
                paisOculto.setId(new Long(MMGDruidaHelper.getUserDefaultCountry(this)));
                cobMetodLiquiFrom.setPaisOidPais(paisOculto);
                cobMetodLiquiTo.setPaisOidPais((SegPaisViewData)paisOculto.clone());
                ]]></code>
        </action>
    </actions>
</entity>
