<?xml version="1.0" encoding="UTF-8"?>
<!--
<entity xmlns:xsi="http://www.w3.org/2001/XMLSchema-instance"
	xsi:noNamespaceSchemaLocation="C:/mmg/resources/schemas/entity.xsd">
-->
<entity>
    <name>CobUsuarCobraView</name>
    <package>es.indra.belcorp.mso</package>
    <table>COB_USUAR_COBRA</table>
    <keyGenerator>COB_USCO_SEQ</keyGenerator>
    <attributes>
        <attribute>
            <name>id</name>
            <sqlName>OID_USUA_COBR</sqlName>
            <primaryKey>true</primaryKey>
            <className>java.lang.Long</className>
            <size>12</size>
            <required>true</required>
            <search>false</search>
            <list>false</list>
            <view>false</view>
            <modify>false</modify>
            <insert>false</insert>
            <order>1</order>
        </attribute>
        <attribute>
            <name>fecUltiEsta</name>
            <sqlName>FEC_ULTI_ESTA</sqlName>
            <className>java.sql.Date</className>
            <size>7</size>
            <required>false</required>
            <search>true</search>
            <list>true</list>
            <order>2</order>
        </attribute>
        <attribute>
            <name>indJefeCobr</name>
            <sqlName>IND_JEFE_COBR</sqlName>
            <className>java.lang.Long</className>
            <size>1</size>
            <required>false</required>
            <search>true</search>
            <list>true</list>
            <order>3</order>
        </attribute>
        <attribute>
            <name>indUsuaSupe</name>
            <sqlName>IND_USUA_SUPE</sqlName>
            <className>java.lang.Long</className>
            <size>1</size>
            <required>false</required>
            <search>true</search>
            <list>true</list>
            <order>4</order>
        </attribute>
        <attribute>
            <name>indUsuaExte</name>
            <sqlName>IND_USUA_EXTE</sqlName>
            <className>java.lang.Long</className>
            <size>1</size>
            <required>false</required>
            <search>true</search>
            <list>true</list>
            <order>5</order>
        </attribute>
        <attribute>
            <name>valTurnHoraEntr</name>
            <sqlName>VAL_TURN_HORA_ENTR</sqlName>
            <className>java.lang.String</className>
            <size>20</size>
            <required>false</required>
            <search>true</search>
            <list>true</list>
            <order>6</order>
        </attribute>
        <attribute>
            <name>valTurnHoraSali</name>
            <sqlName>VAL_TURN_HORA_SALI</sqlName>
            <className>java.lang.String</className>
            <size>20</size>
            <required>false</required>
            <search>true</search>
            <list>true</list>
            <order>7</order>
        </attribute>
        <attribute>
            <name>valObse</name>
            <sqlName>VAL_OBSE</sqlName>
            <className>java.lang.String</className>
            <size>100</size>
            <required>false</required>
            <search>true</search>
            <list>true</list>
            <order>8</order>
        </attribute>
    </attributes>
</entity>
