<?xml version="1.0" encoding="UTF-8"?>
<!--
<entity xmlns:xsi="http://www.w3.org/2001/XMLSchema-instance"
	xsi:noNamespaceSchemaLocation="C:/mmg/resources/schemas/entity.xsd">
-->
<entity>
    <name>CobUsuarEtapaCobraDetal</name>
    <package>es.indra.belcorp.mso</package>
    <table>COB_USUAR_ETAPA_COBRA_DETAL</table>
    <keyGenerator>COB_UECD_SEQ</keyGenerator>
    <attributes>
        <attribute>
            <name>id</name>
            <sqlName>OID_USUA_ETAP_COBR_DETA</sqlName>
            <primaryKey>true</primaryKey>
            <className>java.lang.Long</className>
            <size>12</size>
            <required>true</required>
            <search>false</search>
            <list>false</list>
            <view>false</view>
            <modify>false</modify>
            <insert>false</insert>
            <order>1</order>
        </attribute>
        <attribute>
            <name>codUsuaCobr</name>
            <sqlName>COD_USUA_COBR</sqlName>
            <className>java.lang.String</className>
            <size>20</size>
            <required>true</required>
            <search>true</search>
            <list>true</list>
            <order>2</order>
        </attribute>
        <attribute>
            <name>codEtapDeud</name>
            <sqlName>COD_ETAP_DEUD</sqlName>
            <className>java.lang.String</className>
            <size>4</size>
            <required>true</required>
            <search>true</search>
            <list>true</list>
            <order>3</order>
        </attribute>
        <attribute>
            <name>valTipoCarg</name>
            <sqlName>VAL_TIPO_CARG</sqlName>
            <className>java.lang.String</className>
            <size>3</size>
            <required>true</required>
            <search>true</search>
            <list>true</list>
            <order>4</order>
        </attribute>
        <attribute>
            <name>zsccOidSecc</name>
            <sqlName>ZSCC_OID_SECC</sqlName>
            <className>es.indra.belcorp.mso.ZonSecciView</className>
            <size>12</size>
            <widget>
                <type>combo</type>
                <text>id</text>
            </widget>
            <required>false</required>
            <search>true</search>
            <list>true</list>
            <order>5</order>
        </attribute>
        <attribute>
            <name>zzonOidZona</name>
            <sqlName>ZZON_OID_ZONA</sqlName>
            <className>es.indra.belcorp.mso.ZonZonaView</className>
            <size>12</size>
            <widget>
                <type>combo</type>
                <text>id</text>
            </widget>
            <required>false</required>
            <search>true</search>
            <list>true</list>
            <order>6</order>
        </attribute>
        <attribute>
            <name>terrOidTerr</name>
            <sqlName>TERR_OID_TERR</sqlName>
            <className>es.indra.belcorp.mso.ZonTerriView</className>
            <size>12</size>
            <widget>
                <type>combo</type>
                <text>id</text>
            </widget>
            <required>false</required>
            <search>true</search>
            <list>true</list>
            <order>7</order>
        </attribute>
        <attribute>
            <name>zsgvOidSubgVent</name>
            <sqlName>ZSGV_OID_SUBG_VENT</sqlName>
            <className>es.indra.belcorp.mso.ZonSubGerenVentaView</className>
            <size>12</size>
            <widget>
                <type>combo</type>
                <text>id</text>
            </widget>
            <required>true</required>
            <search>true</search>
            <list>true</list>
            <order>8</order>
        </attribute>
        <attribute>
            <name>zorgOidRegi</name>
            <sqlName>ZORG_OID_REGI</sqlName>
            <className>es.indra.belcorp.mso.ZonRegioView</className>
            <size>12</size>
            <widget>
                <type>combo</type>
                <text>id</text>
            </widget>
            <required>false</required>
            <search>true</search>
            <list>true</list>
            <order>9</order>
        </attribute>
        <attribute>
            <name>edtcOidEtapDeudTipoCarg</name>
            <sqlName>EDTC_OID_ETAP_DEUD_TIPO_CARG</sqlName>
            <className>es.indra.belcorp.mso.CobEtapaDeudaTipoCargo</className>
            <size>12</size>
            <widget>
                <type>combo</type>
                <text>id</text>
            </widget>
            <required>true</required>
            <search>true</search>
            <list>true</list>
            <order>10</order>
        </attribute>
        <attribute>
            <name>ueccOidUsuaEtapCobr</name>
            <sqlName>UECC_OID_USUA_ETAP_COBR</sqlName>
            <className>es.indra.belcorp.mso.CobUsuarEtapaCobraCabec</className>
            <size>12</size>
            <widget>
                <type>combo</type>
                <text>id</text>
            </widget>
            <required>true</required>
            <search>true</search>
            <list>true</list>
            <order>11</order>
        </attribute>
        <attribute>
            <name>melcOidMetoLiquCobr</name>
            <sqlName>MELC_OID_METO_LIQU_COBR</sqlName>
            <className>es.indra.belcorp.mso.CobMetodLiqui</className>
            <size>12</size>
            <widget>
                <type>combo</type>
                <text>id</text>
            </widget>
            <required>false</required>
            <search>true</search>
            <list>true</list>
            <order>12</order>
        </attribute>
        <attribute>
            <name>eucoOidEstaUsuaEtapCobr</name>
            <sqlName>EUCO_OID_ESTA_USUA_ETAP_COBR</sqlName>
            <className>es.indra.belcorp.mso.CobEstadUsuarEtapaCobra</className>
            <size>12</size>
            <widget>
                <type>combo</type>
                <text>id</text>
            </widget>
            <required>false</required>
            <search>true</search>
            <list>true</list>
            <order>13</order>
        </attribute>
        <attribute>
            <name>gacaOidGuioArguCabe</name>
            <sqlName>GACA_OID_GUIO_ARGU_CABE</sqlName>
            <className>es.indra.belcorp.mso.CobGuionArgumCabec</className>
            <size>12</size>
            <widget>
                <type>combo</type>
                <text>id</text>
            </widget>
            <required>false</required>
            <search>true</search>
            <list>true</list>
            <order>14</order>
        </attribute>
    </attributes>
</entity>
