<?xml version="1.0" encoding="UTF-8"?>
<!--
<entity xmlns:xsi="http://www.w3.org/2001/XMLSchema-instance"
	xsi:noNamespaceSchemaLocation="C:/mmg/resources/schemas/entity.xsd">
-->
<entity>
    <name>CobUsuarGrupoUsuar</name>
    <package>es.indra.belcorp.mso</package>
    <table>COB_USUAR_GRUPO_USUAR</table>
    <keyGenerator>COB_UGUC_SEQ</keyGenerator>
    <attributes>
        <attribute>
            <name>id</name>
            <sqlName>OID_USUA_GRUP_USUA</sqlName>
            <primaryKey>true</primaryKey>
            <className>java.lang.Long</className>
            <size>12</size>
            <required>true</required>
            <search>false</search>
            <list>false</list>
            <view>false</view>
            <modify>false</modify>
            <insert>false</insert>
            <order>1</order>
        </attribute>
        <attribute>
            <name>valObse</name>
            <sqlName>VAL_OBSE</sqlName>
            <className>java.lang.String</className>
            <size>100</size>
            <insert>false</insert>
            <required>false</required>
            <search>true</search>
            <list>false</list>
            <order>2</order>
        </attribute>
        <attribute>
            <name>uscoOidUsuaCobr</name>
            <sqlName>USCO_OID_USUA_COBR</sqlName>
            <className>es.indra.belcorp.mso.CobUsuarCobraView</className>
            <size>12</size>
            <widget>
                <type>combo</type>
                <text>id</text>
            </widget>
            <required>true</required>
            <search>true</search>
            <list>true</list>
            <order>3</order>
        </attribute>
        <attribute>
            <name>gucoOidGrupUsuaCobr</name>
            <sqlName>GUCO_OID_GRUP_USUA_COBR</sqlName>
            <className>es.indra.belcorp.mso.CobGrupoUsuarCobra</className>
            <size>12</size>
            <widget>
                <type>combo</type>
                <text>id</text>
            </widget>
            <required>true</required>
            <search>true</search>
            <list>true</list>
            <order>4</order>
        </attribute>
    </attributes>
</entity>
