<?xml version="1.0" encoding="UTF-8"?>
<!--
<entity xmlns:xsi="http://www.w3.org/2001/XMLSchema-instance"
	xsi:noNamespaceSchemaLocation="C:/mmg/resources/schemas/entity.xsd">
-->
<entity>
    <name>CobValorArgum</name>
    <package>es.indra.belcorp.mso</package>
    <table>COB_VALOR_ARGUM</table>
    <keyGenerator>COB_VAAR_SEQ</keyGenerator>
    <attributes>
        <attribute>
            <name>id</name>
            <sqlName>OID_VALO_ARGU</sqlName>
            <primaryKey>true</primaryKey>
            <className>java.lang.Long</className>
            <size>12</size>
            <required>true</required>
            <search>false</search>
            <list>false</list>
            <view>false</view>
            <modify>false</modify>
            <insert>false</insert>
            <order>1</order>
        </attribute>
        <attribute>
            <name>valArgu</name>
            <sqlName>VAL_ARGU</sqlName>
            <className>java.lang.String</className>
            <size>4</size>
            <required>true</required>
            <search>true</search>
            <list>false</list>
            <order>2</order>
        </attribute>
        <attribute>
            <name>valDescValoArgu</name>
            <sqlName>VAL_DESC_VALO_ARGU</sqlName>
            <className>java.lang.String</className>
            <size>40</size>
            <required>true</required>
            <search>true</search>
            <list>false</list>
            <order>3</order>
        </attribute>
<!-- Inc. 12846
        <attribute>
            <name>indValoDefe</name>
            <sqlName>IND_VALO_DEFE</sqlName>
            <className>java.lang.Long</className>
            <size>1</size>
            <required>true</required>
            <search>false</search>
            <list>false</list>
            <insert>false</insert>
            <modify>false</modify>
        </attribute>
-->        
        <attribute>
            <name>valObse</name>
            <sqlName>VAL_OBSE</sqlName>
            <className>java.lang.String</className>
            <size>100</size>
            <required>false</required>
            <search>true</search>
            <list>false</list>
            <order>4</order>
        </attribute>
        <attribute>
            <name>arguOidArgu</name>
            <sqlName>ARGU_OID_ARGU</sqlName>
            <className>es.indra.belcorp.mso.CobArgum</className>
            <size>12</size>
            <widget>
                <type>combo</type>
                <text>id</text>
            </widget>
            <required>true</required>
            <search>true</search>
            <list>true</list>
            <editable>false</editable>
            <order>5</order>
        </attribute>
    </attributes>
</entity>
