<?xml version="1.0" encoding="UTF-8"?>
<!--
<entity xmlns:xsi="http://www.w3.org/2001/XMLSchema-instance"
	xsi:noNamespaceSchemaLocation="C:/mmg/resources/schemas/entity.xsd">
-->
<entity>
    <name>ComConge</name>
    <package>es.indra.belcorp.mso</package>
    <table>COM_CONGE</table>
    <keyGenerator>COM_CONG_SEQ</keyGenerator>
    <attributes>
        <attribute>
            <name>id</name>
            <sqlName>OID_CONG</sqlName>
            <primaryKey>true</primaryKey>
            <className>java.lang.Long</className>
            <size>12</size>
            <required>true</required>
            <search>false</search>
            <list>false</list>
            <view>false</view>
            <modify>false</modify>
            <insert>false</insert>
            <order>1</order>
        </attribute>
        <attribute>
            <name>codCong</name>
            <sqlName>COD_CONG</sqlName>
            <className>java.lang.Long</className>
            <size>6</size>
            <insert>false</insert>
            <modify>false</modify>
            <required>true</required>
            <search>false</search>
            <list>false</list>
            <order>2</order>
        </attribute>
        <attribute>
            <name>fecDesd</name>
            <sqlName>FEC_DESD</sqlName>
            <className>java.sql.Date</className>
            <size>10</size>
            <required>true</required>
            <search>true</search>
            <list>true</list>
            <order>3</order>
        </attribute>
        <attribute>
            <name>fecHast</name>
            <sqlName>FEC_HAST</sqlName>
            <className>java.sql.Date</className>
            <size>10</size>
            <required>true</required>
            <search>true</search>
            <list>true</list>
            <haslogic>true</haslogic>
            <logic>
                <operation><![CDATA[>]]></operation>
                <descriptionOper>mayor</descriptionOper>
                <widgetRelated>fecDesd</widgetRelated>
            </logic>
            <order>4</order>
        </attribute>
        <attribute>
            <name>impCong</name>
            <sqlName>IMP_CONG</sqlName>
            <className>java.lang.Double</className>
            <size>12,2</size>
            <required>true</required>
            <search>true</search>
            <list>true</list>
            <order>5</order>
        </attribute>
        <attribute>
            <name>indDescAuto</name>
            <sqlName>IND_DESC_AUTO</sqlName>
            <className>java.lang.Long</className>
            <size>1</size>
            <required>true</required>
            <search>true</search>
            <list>true</list>
            <widget>
                <type>radioButton</type>
				<options>
					<option>
						<value>0</value>
						<text>No</text>
					</option>
					<option>
						<value>1</value>
						<text>Si</text>
					</option>
				</options>
            </widget>
            <order>6</order>
        </attribute>
        <attribute>
            <name>clieOidClie</name>
            <sqlName>CLIE_OID_CLIE</sqlName>
            <className>es.indra.belcorp.mso.MaeClien</className>
            <size>12</size>
            <widget>
                <type>combo</type>
                <text>id</text>
            </widget>
            <required>true</required>
            <search>true</search>
            <list>true</list>
            <order>7</order>
        </attribute>
        <attribute>
            <name>Vigentes</name>
            <className>java.lang.Boolean</className>
            <size>1</size>
            <list>false</list>
            <insert>false</insert>
            <modify>false</modify>
            <search>true</search>
            <widget>
				<type>checkbox</type>
            </widget>
            <order>8</order>
        </attribute>
    </attributes>
    <actions>
        <action>
                <side>client</side>
                <scope>precreate</scope>
            <code>
				<![CDATA[
         		comConge.setCodCong(new Long((int)((System.currentTimeMillis()/1000)%1000000)));
                ]]></code>
        </action>
    </actions>
</entity>
