<?xml version="1.0" encoding="UTF-8"?>
<!--
<entity xmlns:xsi="http://www.w3.org/2001/XMLSchema-instance"
	xsi:noNamespaceSchemaLocation="C:/mmg/resources/schemas/entity.xsd">
-->
<entity>
    <name>ComEstadComis</name>
    <package>es.indra.belcorp.mso</package>
    <table>COM_ESTAD_COMIS</table>
    <enabledOperations>
        <insert>false</insert>
        <delete>false</delete>
        <modify>true</modify>
        <search>true</search>
        <view>true</view>
    </enabledOperations>
    <keyGenerator>COM_CECO_SEQ</keyGenerator>
    <attributes>
        <attribute>
            <name>id</name>
            <sqlName>OID_ESTA_COMI</sqlName>
            <primaryKey>true</primaryKey>
            <className>java.lang.Long</className>
            <size>12</size>
            <required>true</required>
            <search>false</search>
            <list>false</list>
            <view>false</view>
            <modify>false</modify>
            <insert>false</insert>
            <order>1</order>
        </attribute>
        <attribute>
            <name>codEstaComi</name>
            <sqlName>COD_ESTA_COMI</sqlName>
            <className>java.lang.String</className>
            <size>2</size>
            <required>true</required>
            <editable>false</editable>
            <search>true</search>
            <list>true</list>
            <order>2</order>
        </attribute>
        <attribute>
            <name>Descripcion</name>
            <className>java.lang.String</className>
            <order>3</order>
            <localizationOrder>1</localizationOrder>
            <orderBy>1</orderBy>
            <modify>true</modify>
            <insert>true</insert>
            <search>true</search>
            <list>false</list>
            <view>true</view>
            <required>true</required>
            <wrap>false</wrap>
            <size>50</size>
            <uppercase>true</uppercase>
        </attribute>
    </attributes>
</entity>
