<?xml version="1.0" encoding="UTF-8"?>
<!--
<entity xmlns:xsi="http://www.w3.org/2001/XMLSchema-instance"
	xsi:noNamespaceSchemaLocation="C:/mmg/resources/schemas/entity.xsd">
-->
<entity>
    <name>ComTipoClienComisCabec</name>
    <package>es.indra.belcorp.mso</package>
    <table>COM_TIPO_CLIEN_COMIS_CABEC</table>
    <keyGenerator>COM_TCCC_SEQ</keyGenerator>
    <attributes>
        <attribute>
            <name>id</name>
            <sqlName>OID_TIPO_CLIE_COMI_CABE</sqlName>
            <primaryKey>true</primaryKey>
            <className>java.lang.Long</className>
            <size>12</size>
            <required>true</required>
            <search>false</search>
            <list>false</list>
            <view>false</view>
            <modify>false</modify>
            <insert>false</insert>
            <order>1</order>
        </attribute>
        <attribute>
            <name>codClas</name>
            <sqlName>COD_CLAS</sqlName>
            <className>java.lang.String</className>
            <size>1</size>
            <required>false</required>
            <modify>false</modify>
            <search>true</search>
            <list>true</list>
            <widget>
                <type>combo</type>
                <options>
                    <option>
                        <value>G</value>
                        <text>Gerente</text>
                    </option>
                </options>
            </widget>
            <order>2</order>
        </attribute>
        <attribute>
            <name>codSubc</name>
            <sqlName>COD_SUBC</sqlName>
            <className>java.lang.Long</className>
            <size>2</size>
            <required>false</required>
            <editable>false</editable>
            <search>true</search>            
            <list>true</list>
            <order>3</order>
        </attribute>
        <attribute>
            <name>paisOidPais</name>
            <sqlName>PAIS_OID_PAIS</sqlName>
            <className>es.indra.belcorp.mso.SegPaisView</className>
            <size>12</size>
            <widget>
                <type>combo</type>
                <text>id</text>
            </widget>
            <required>true</required>
            <list>false</list>
            <insert>false</insert>
            <modify>false</modify>
            <view>false</view>
            <search>false</search>
            <order>4</order>
        </attribute>
        <attribute>
            <name>Descripcion</name>
            <className>java.lang.String</className>
            <order>5</order>
            <localizationOrder>1</localizationOrder>
            <orderBy>1</orderBy>
            <modify>true</modify>
            <insert>true</insert>
            <search>true</search>
            <list>false</list>
            <view>true</view>
            <required>true</required>
            <wrap>false</wrap>
            <size>50</size>
            <uppercase>true</uppercase>
        </attribute>
    </attributes>
    <actions>
        <action>
            <code><![CDATA[
                SegPaisViewData paisOculto = new SegPaisViewData();
                paisOculto.setId(new Long(MMGDruidaHelper.getUserDefaultCountry(this)));
                comTipoClienComisCabec.setPaisOidPais(paisOculto);
                ]]></code>
            <side>client</side>
            <scope>precreate</scope>
        </action>
        <action>
            <side>client</side>
            <scope>postcreate</scope>
            <code><![CDATA[
                SegPaisViewData paisOculto = new SegPaisViewData();
                paisOculto.setId(new Long(MMGDruidaHelper.getUserDefaultCountry(this)));
                comTipoClienComisCabec.setPaisOidPais(paisOculto);
                ]]></code>
        </action>
        <action>
            <side>client</side>
            <scope>preupdate</scope>
            <code><![CDATA[
                SegPaisViewData paisOculto = new SegPaisViewData();
                paisOculto.setId(new Long(MMGDruidaHelper.getUserDefaultCountry(this)));
                comTipoClienComisCabec.setPaisOidPais(paisOculto);
                ]]></code>
        </action>
        <action>
            <side>client</side>
            <scope>postupdate</scope>
            <code><![CDATA[
                SegPaisViewData paisOculto = new SegPaisViewData();
                paisOculto.setId(new Long(MMGDruidaHelper.getUserDefaultCountry(this)));
                comTipoClienComisCabec.setPaisOidPais(paisOculto);
                ]]></code>
        </action>
        <action>
            <side>client</side>
            <scope>prequery</scope>
            <code><![CDATA[
                SegPaisViewData paisOculto = new SegPaisViewData();
                paisOculto.setId(new Long(MMGDruidaHelper.getUserDefaultCountry(this)));
                comTipoClienComisCabecFrom.setPaisOidPais(paisOculto);comTipoClienComisCabecTo.setPaisOidPais((SegPaisViewData)paisOculto.clone());]]></code>
        </action>
        <action>
            <side>client</side>
            <scope>postquery</scope>
            <code><![CDATA[
                SegPaisViewData paisOculto = new SegPaisViewData();
                paisOculto.setId(new Long(MMGDruidaHelper.getUserDefaultCountry(this)));
                comTipoClienComisCabecFrom.setPaisOidPais(paisOculto);
                comTipoClienComisCabecTo.setPaisOidPais((SegPaisViewData)paisOculto.clone());
                ]]></code>
        </action>
    </actions>
</entity>
