<?xml version="1.0" encoding="UTF-8"?>
<!--
<entity xmlns:xsi="http://www.w3.org/2001/XMLSchema-instance"
	xsi:noNamespaceSchemaLocation="C:/mmg/resources/schemas/entity.xsd">
-->
<entity>
    <name>ComTipoClienComisDetal</name>
    <package>es.indra.belcorp.mso</package>
    <table>COM_TIPO_CLIEN_COMIS_DETAL</table>
    <keyGenerator>COM_TCCD_SEQ</keyGenerator>
    <attributes>
        <attribute>
            <name>id</name>
            <sqlName>OID_TIPO_CLIE_COMI_DETA</sqlName>
            <primaryKey>true</primaryKey>
            <className>java.lang.Long</className>
            <size>12</size>
            <required>true</required>
            <search>false</search>
            <list>false</list>
            <view>false</view>
            <modify>false</modify>
            <insert>false</insert>
            <order>1</order>
        </attribute>
        <attribute>
            <name>codTipoClieComi</name>
            <sqlName>COD_TIPO_CLIE_COMI</sqlName>
            <className>java.lang.Long</className>
            <size>4</size>
            <required>true</required>
            <search>true</search>
            <editable>false</editable>
            <list>true</list>
            <order>2</order>
        </attribute>
        <attribute>
            <name>clasOidClas</name>
            <sqlName>CLAS_OID_CLAS</sqlName>
            <className>es.indra.belcorp.mso.MaeClasi</className>
            <size>12</size>
            <widget>
                <type>combo</type>
                <text>id</text>
            </widget>
            <required>true</required>
            <search>true</search>
            <list>true</list>
            <editable>false</editable>
            <order>3</order>
        </attribute>
        <attribute>
            <name>tcccOidTipoClieComiCabe</name>
            <sqlName>TCCC_OID_TIPO_CLIE_COMI_CABE</sqlName>
            <className>java.lang.Long</className>
            <size>12</size>
            <required>true</required>
            <search>true</search>
            <list>true</list>
            <editable>false</editable>
            <order>4</order>
        </attribute>
        <attribute>
            <name>tcccPaisOidPais</name>
            <sqlName>TCCC_PAIS_OID_PAIS</sqlName>
            <className>java.lang.Long</className>
            <size>12</size>
            <required>true</required>
            <list>false</list>
            <insert>false</insert>
            <modify>false</modify>
            <view>false</view>
            <search>false</search>
            <order>5</order>
        </attribute>
        <attribute>
            <name>Descripcion</name>
            <className>java.lang.String</className>
            <order>6</order>
            <localizationOrder>1</localizationOrder>
            <orderBy>1</orderBy>
            <modify>true</modify>
            <insert>true</insert>
            <search>true</search>
            <list>false</list>
            <view>true</view>
            <required>true</required>
            <wrap>false</wrap>
            <size>50</size>
            <uppercase>true</uppercase>
        </attribute>
    </attributes>
    <actions>
        <action>
            <code><![CDATA[
                SegPaisViewData paisOculto = new SegPaisViewData();
                paisOculto.setId(new Long(MMGDruidaHelper.getUserDefaultCountry(this)));
                comTipoClienComisDetal.setTcccPaisOidPais(paisOculto.getId());
                ]]></code>
            <side>client</side>
            <scope>precreate</scope>
        </action>
        <action>
            <side>client</side>
            <scope>postcreate</scope>
            <code><![CDATA[
                SegPaisViewData paisOculto = new SegPaisViewData();
                paisOculto.setId(new Long(MMGDruidaHelper.getUserDefaultCountry(this)));
                comTipoClienComisDetal.setTcccPaisOidPais(paisOculto.getId());
                ]]></code>
        </action>
        <action>
            <side>client</side>
            <scope>preupdate</scope>
            <code><![CDATA[
                SegPaisViewData paisOculto = new SegPaisViewData();
                paisOculto.setId(new Long(MMGDruidaHelper.getUserDefaultCountry(this)));
                comTipoClienComisDetal.setTcccPaisOidPais(paisOculto.getId());
                ]]></code>
        </action>
        <action>
            <side>client</side>
            <scope>postupdate</scope>
            <code><![CDATA[
                SegPaisViewData paisOculto = new SegPaisViewData();
                paisOculto.setId(new Long(MMGDruidaHelper.getUserDefaultCountry(this)));
                comTipoClienComisDetal.setTcccPaisOidPais(paisOculto.getId());
                ]]></code>
        </action>
        <action>
            <side>client</side>
            <scope>prequery</scope>
            <code><![CDATA[
                SegPaisViewData paisOculto = new SegPaisViewData();
                paisOculto.setId(new Long(MMGDruidaHelper.getUserDefaultCountry(this)));
                comTipoClienComisDetalFrom.setTcccPaisOidPais(paisOculto.getId());
                comTipoClienComisDetalTo.setTcccPaisOidPais(paisOculto.getId());
                ]]></code>
        </action>
        <action>
            <side>client</side>
            <scope>postquery</scope>
            <code><![CDATA[
                SegPaisViewData paisOculto = new SegPaisViewData();
                paisOculto.setId(new Long(MMGDruidaHelper.getUserDefaultCountry(this)));
                comTipoClienComisDetalFrom.setTcccPaisOidPais(paisOculto.getId());
                comTipoClienComisDetalTo.setTcccPaisOidPais(paisOculto.getId());
                ]]></code>
        </action>
    </actions>
</entity>
