<?xml version="1.0" encoding="UTF-8"?>
<entity>
	<name>CraActiv</name>
	<package>es.indra.belcorp.mso</package>
	<table>CRA_ACTIV</table>
	<keyGenerator>CRA_CACT_SEQ</keyGenerator>
	<attributes>
		<attribute>
			<name>id</name>
			<sqlName>OID_ACTI</sqlName>
			<primaryKey>true</primaryKey>
			<className>java.lang.Long</className>
			<size>12</size>
			<required>true</required>
			<search>false</search>
			<list>false</list>
			<view>false</view>
			<modify>false</modify>
			<insert>false</insert>
			<order>1</order>
		</attribute>
		<attribute>
			<name>codActi</name>
			<sqlName>COD_ACTI</sqlName>
			<className>java.lang.String</className>
			<size>2</size>
			<required>true</required>
			<search>true</search>
			<list>true</list>
			<order>2</order>
		</attribute>
		<attribute>
			<name>numDiasDesp</name>
			<sqlName>NUM_DIAS_DESP</sqlName>
			<className>java.lang.Long</className>
			<size>5</size>
			<required>false</required>
			<search>true</search>
			<list>true</list>
			<order>3</order>
		</attribute>
		<attribute>
			<name>numCampAnte</name>
			<sqlName>NUM_CAMP_ANTE</sqlName>
			<className>java.lang.Long</className>
			<size>2</size>
			<required>false</required>
			<search>true</search>
			<list>true</list>
			<order>4</order>
		</attribute>
		<attribute>
			<name>indEbel</name>
			<sqlName>IND_EBEL</sqlName>
			<className>java.lang.Long</className>
			<size>1</size>
			<required>true</required>
			<search>true</search>
			<list>true</list>
			<order>5</order>
		</attribute>
		<attribute>
			<name>indFest</name>
			<sqlName>IND_FEST</sqlName>
			<className>java.lang.Long</className>
			<size>1</size>
			<required>false</required>
			<search>true</search>
			<list>true</list>
			<order>6</order>
		</attribute>
		<attribute>
			<name>indLabo</name>
			<sqlName>IND_LABO</sqlName>
			<className>java.lang.Long</className>
			<size>1</size>
			<required>false</required>
			<search>true</search>
			<list>true</list>
			<order>7</order>
		</attribute>
		<attribute>
			<name>Descripcion</name>
			<className>java.lang.String</className>
			<order>8</order>
			<localizationOrder>1</localizationOrder>
			<orderBy>1</orderBy>
			<modify>true</modify>
			<insert>true</insert>
			<search>false</search>
			<list>false</list>
			<view>true</view>
			<required>true</required>
			<wrap>false</wrap>
			<size>50</size>
			<uppercase>true</uppercase>
		</attribute>
	</attributes>
</entity>
