<?xml version="1.0" encoding="UTF-8"?>
<!--
<entity xmlns:xsi="http://www.w3.org/2001/XMLSchema-instance"
	xsi:noNamespaceSchemaLocation="C:/mmg/resources/schemas/entity.xsd">
-->
<entity>
	<name>CraPerio</name>
	<package>es.indra.belcorp.mso</package>
	<table>CRA_PERIO</table>
	<keyGenerator>CRA_PERD_SEQ</keyGenerator>
	<attributes>
		<attribute>
			<name>id</name>
			<sqlName>OID_PERI</sqlName>
			<primaryKey>true</primaryKey>
			<className>java.lang.Long</className>
			<size>12</size>
			<required>true</required>
			<search>false</search>
			<list>false</list>
			<view>false</view>
			<modify>false</modify>
			<insert>false</insert>
		</attribute>
		<attribute>
			<name>marcOidMarc</name>
			<sqlName>MARC_OID_MARC</sqlName>
			<className>es.indra.belcorp.mso.SegMarca</className>
			<size>12</size>
			<widget>
				<type>combo</type>
				<text>id</text>
			</widget>
			<required>true</required>
			<search>true</search>
			<list>true</list>
		</attribute>
		<attribute>
			<name>canaOidCana</name>
			<sqlName>CANA_OID_CANA</sqlName>
			<className>es.indra.belcorp.mso.SegCanal</className>
			<size>12</size>
			<widget>
				<type>combo</type>
				<text>id</text>
			</widget>
			<required>true</required>
			<search>true</search>
			<list>true</list>
		</attribute>
		<attribute>
			<name>paisOidPais</name>
			<sqlName>PAIS_OID_PAIS</sqlName>
			<className>es.indra.belcorp.mso.SegPais</className>
			<size>12</size>
			<widget>
				<type>combo</type>
				<text>id</text>
			</widget>
			<required>true</required>
			<search>true</search>
			<list>true</list>
		</attribute>
		<attribute>
			<name>acceOidAcce</name>
			<sqlName>ACCE_OID_ACCE</sqlName>
			<className>es.indra.belcorp.mso.SegAcces</className>
			<size>12</size>
			<widget>
				<type>combo</type>
				<text>id</text>
			</widget>
			<required>false</required>
			<search>true</search>
			<list>true</list>
		</attribute>
		<attribute>
			<name>periOidPeri</name>
			<sqlName>PERI_OID_PERI</sqlName>
			<className>es.indra.belcorp.mso.SegPerioCorpo</className>
			<size>12</size>
			<widget>
				<type>combo</type>
				<text>id</text>
			</widget>
			<required>true</required>
			<search>true</search>
			<list>true</list>
		</attribute>
		<attribute>
			<name>fecInic</name>
			<sqlName>FEC_INIC</sqlName>
			<className>java.sql.Date</className>
			<size>7</size>
			<required>true</required>
			<search>true</search>
			<list>true</list>
		</attribute>
		<attribute>
			<name>fecFina</name>
			<sqlName>FEC_FINA</sqlName>
			<className>java.sql.Date</className>
			<size>7</size>
			<required>true</required>
			<search>true</search>
			<list>true</list>
		</attribute>
		<attribute>
			<name>valEsta</name>
			<sqlName>VAL_ESTA</sqlName>
			<className>java.lang.Long</className>
			<size>1</size>
			<required>true</required>
			<search>true</search>
			<list>true</list>
		</attribute>
		<attribute>
			<name>valNombPeri</name>
			<sqlName>VAL_NOMB_PERI</sqlName>
			<className>java.lang.String</className>
			<size>40</size>
			<required>true</required>
			<search>true</search>
			<list>true</list>
		</attribute>
		<attribute>
			<name>indPeriCort</name>
			<sqlName>IND_PERI_CORT</sqlName>
			<className>java.lang.Long</className>
			<size>1</size>
			<required>false</required>
			<search>true</search>
			<list>true</list>
		</attribute>
		<attribute>
			<name>indPeriCruc</name>
			<sqlName>IND_PERI_CRUC</sqlName>
			<className>java.lang.Long</className>
			<size>1</size>
			<required>false</required>
			<search>true</search>
			<list>true</list>
		</attribute>
	</attributes>
</entity>