<?xml version="1.0" encoding="UTF-8"?>
<!--
<entity xmlns:xsi="http://www.w3.org/2001/XMLSchema-instance"
	xsi:noNamespaceSchemaLocation="C:/mmg/resources/schemas/entity.xsd">
-->
<entity>
	<name>EduAptasCurso</name>
	<package>es.indra.belcorp.mso</package>
	<table>EDU_APTAS_CURSO</table>
	<keyGenerator>EDU_APCU_SEQ</keyGenerator>
	<attributes>
		<attribute>
			<name>id</name>
			<sqlName>OID_APTA</sqlName>
			<primaryKey>true</primaryKey>
			<className>java.lang.Long</className>
			<size>12</size>
			<required>true</required>
			<search>false</search>
			<list>false</list>
			<view>false</view>
			<modify>false</modify>
			<insert>false</insert>
		</attribute>
		<attribute>
			<name>ctsuOidClieTipoSubt</name>
			<sqlName>CTSU_OID_CLIE_TIPO_SUBT</sqlName>
			<className>es.indra.belcorp.mso.MaeClienTipoSubti</className>
			<size>12</size>
			<widget>
				<type>combo</type>
				<text>id</text>
			</widget>
			<required>true</required>
			<search>true</search>
			<list>true</list>
		</attribute>
		<attribute>
			<name>mcurOidCurs</name>
			<sqlName>MCUR_OID_CURS</sqlName>
			<className>es.indra.belcorp.mso.EduMatriCurso</className>
			<size>12</size>
			<widget>
				<type>combo</type>
				<text>id</text>
			</widget>
			<required>true</required>
			<search>true</search>
			<list>true</list>
		</attribute>
		<attribute>
			<name>fecAsis</name>
			<sqlName>FEC_ASIS</sqlName>
			<className>java.sql.Date</className>
			<size>7</size>
			<required>false</required>
			<search>true</search>
			<list>true</list>
		</attribute>
		<attribute>
			<name>indAcceDmrt</name>
			<sqlName>IND_ACCE_DMRT</sqlName>
			<className>java.lang.Long</className>
			<size>1</size>
			<required>false</required>
			<search>true</search>
			<list>true</list>
		</attribute>
		<attribute>
			<name>indAptaCurs</name>
			<sqlName>IND_APTA_CURS</sqlName>
			<className>java.lang.Long</className>
			<size>1</size>
			<required>false</required>
			<search>true</search>
			<list>true</list>
		</attribute>
		<attribute>
			<name>indInvi</name>
			<sqlName>IND_INVI</sqlName>
			<className>java.lang.Long</className>
			<size>1</size>
			<required>false</required>
			<search>true</search>
			<list>true</list>
		</attribute>
		<attribute>
			<name>indAsis</name>
			<sqlName>IND_ASIS</sqlName>
			<className>java.lang.Long</className>
			<size>1</size>
			<required>false</required>
			<search>true</search>
			<list>true</list>
		</attribute>
		<attribute>
			<name>indPrue</name>
			<sqlName>IND_PRUE</sqlName>
			<className>java.lang.Long</className>
			<size>1</size>
			<required>false</required>
			<search>true</search>
			<list>true</list>
		</attribute>
	</attributes>
</entity>
