<?xml version="1.0" encoding="UTF-8"?>
<!--
<entity xmlns:xsi="http://www.w3.org/2001/XMLSchema-instance"
	xsi:noNamespaceSchemaLocation="C:/mmg/resources/schemas/entity.xsd">
-->
<entity>
    <name>EduFrecuCurso</name>

    <package>es.indra.belcorp.mso</package>

    <table>EDU_FRECU_CURSO</table>

    <keyGenerator>EDU_FRCU_SEQ</keyGenerator>

    <attributes>
        <attribute>
            <name>id</name>

            <sqlName>OID_FREC</sqlName>

            <primaryKey>true</primaryKey>

            <className>java.lang.Long</className>

            <size>12</size>

            <required>true</required>

            <search>false</search>

            <list>false</list>

            <view>false</view>

            <modify>false</modify>

            <insert>false</insert>

            <order>1</order>
</attribute>

        <attribute>
            <name>codFrec</name>

            <sqlName>COD_FREC</sqlName>

            <className>java.lang.Long</className>

            <size>2</size>

            <required>true</required>

            <search>true</search>

            <list>true</list>

            <order>2</order>

            <wrap>false</wrap>

            <insert>true</insert>

            <modify>true</modify>

            <view>true</view>

            <editable>false</editable>
</attribute>

        <attribute>
            <name>Descripcion</name>

            <className>java.lang.String</className>

            <size>40</size>

            <required>true</required>

            <order>3</order>

            <search>true</search>

            <list>true</list>

            <modify>true</modify>

            <orderBy>1</orderBy>

            <localizationOrder>1</localizationOrder>

            <view>true</view>

            <widget>
                <type>textField</type>
</widget>

            <editable>true</editable>
</attribute>
</attributes>

</entity>
