<?xml version="1.0" encoding="UTF-8"?>
<!--
<entity xmlns:xsi="http://www.w3.org/2001/XMLSchema-instance"
	xsi:noNamespaceSchemaLocation="C:/mmg/resources/schemas/entity.xsd">
-->
<entity>
	<name>EduMatriCurso</name>
	<package>es.indra.belcorp.mso</package>
	<table>EDU_MATRI_CURSO</table>
	<keyGenerator>EDU_MCUR_SEQ</keyGenerator>
	<attributes>
		<attribute>
			<name>id</name>
			<sqlName>OID_CURS</sqlName>
			<primaryKey>true</primaryKey>
			<className>java.lang.Long</className>
			<size>12</size>
			<required>true</required>
			<search>false</search>
			<list>false</list>
			<view>false</view>
			<modify>false</modify>
			<insert>false</insert>
		</attribute>
		<attribute>
			<name>paisOidPais</name>
			<sqlName>PAIS_OID_PAIS</sqlName>
			<className>es.indra.belcorp.mso.SegPais</className>
			<size>12</size>
			<widget>
				<type>combo</type>
				<text>id</text>
			</widget>
			<required>true</required>
			<search>true</search>
			<list>true</list>
		</attribute>
		<attribute>
			<name>cplcOidCabePlanCurs</name>
			<sqlName>CPLC_OID_CABE_PLAN_CURS</sqlName>
			<className>es.indra.belcorp.mso.EduPlantCursoCabec</className>
			<size>12</size>
			<widget>
				<type>combo</type>
				<text>id</text>
			</widget>
			<required>true</required>
			<search>true</search>
			<list>true</list>
		</attribute>
		<attribute>
			<name>codCurs</name>
			<sqlName>COD_CURS</sqlName>
			<className>java.lang.Long</className>
			<size>3</size>
			<required>true</required>
			<search>true</search>
			<list>true</list>
		</attribute>
		<attribute>
			<name>terrOidTerr</name>
			<sqlName>TERR_OID_TERR</sqlName>
			<className>es.indra.belcorp.mso.ZonTerri</className>
			<size>12</size>
			<widget>
				<type>combo</type>
				<text>id</text>
			</widget>
			<required>false</required>
			<search>true</search>
			<list>true</list>
		</attribute>
		<attribute>
			<name>clasOidClas</name>
			<sqlName>CLAS_OID_CLAS</sqlName>
			<className>es.indra.belcorp.mso.MaeClasi</className>
			<size>12</size>
			<widget>
				<type>combo</type>
				<text>id</text>
			</widget>
			<required>false</required>
			<search>true</search>
			<list>true</list>
		</attribute>
		<attribute>
			<name>frcuOidFrec</name>
			<sqlName>FRCU_OID_FREC</sqlName>
			<className>es.indra.belcorp.mso.EduFrecuCurso</className>
			<size>12</size>
			<widget>
				<type>combo</type>
				<text>id</text>
			</widget>
			<required>false</required>
			<search>true</search>
			<list>true</list>
		</attribute>
		<attribute>
			<name>regaOidRega</name>
			<sqlName>REGA_OID_REGA</sqlName>
			<className>es.indra.belcorp.mso.EduRegal</className>
			<size>12</size>
			<widget>
				<type>combo</type>
				<text>id</text>
			</widget>
			<required>false</required>
			<search>true</search>
			<list>true</list>
		</attribute>
		<attribute>
			<name>zsgvOidSubgVent</name>
			<sqlName>ZSGV_OID_SUBG_VENT</sqlName>
			<className>es.indra.belcorp.mso.ZonSubGerenVenta</className>
			<size>12</size>
			<widget>
				<type>combo</type>
				<text>id</text>
			</widget>
			<required>false</required>
			<search>true</search>
			<list>true</list>
		</attribute>
		<attribute>
			<name>zorgOidRegi</name>
			<sqlName>ZORG_OID_REGI</sqlName>
			<className>es.indra.belcorp.mso.ZonRegio</className>
			<size>12</size>
			<widget>
				<type>combo</type>
				<text>id</text>
			</widget>
			<required>false</required>
			<search>true</search>
			<list>true</list>
		</attribute>
		<attribute>
			<name>zzonOidZona</name>
			<sqlName>ZZON_OID_ZONA</sqlName>
			<className>es.indra.belcorp.mso.ZonZona</className>
			<size>12</size>
			<widget>
				<type>combo</type>
				<text>id</text>
			</widget>
			<required>false</required>
			<search>true</search>
			<list>true</list>
		</attribute>
		<attribute>
			<name>zsccOidSecc</name>
			<sqlName>ZSCC_OID_SECC</sqlName>
			<className>es.indra.belcorp.mso.ZonSecci</className>
			<size>12</size>
			<widget>
				<type>combo</type>
				<text>id</text>
			</widget>
			<required>false</required>
			<search>true</search>
			<list>true</list>
		</attribute>
		<attribute>
			<name>ztadOidTerrAdmi</name>
			<sqlName>ZTAD_OID_TERR_ADMI</sqlName>
			<className>es.indra.belcorp.mso.ZonTerriAdmin</className>
			<size>12</size>
			<widget>
				<type>combo</type>
				<text>id</text>
			</widget>
			<required>false</required>
			<search>true</search>
			<list>true</list>
		</attribute>
		<attribute>
			<name>perdOidPeriInicComp</name>
			<sqlName>PERD_OID_PERI_INIC_COMP</sqlName>
			<className>es.indra.belcorp.mso.CraPerio</className>
			<size>12</size>
			<widget>
				<type>combo</type>
				<text>id</text>
			</widget>
			<required>false</required>
			<search>true</search>
			<list>true</list>
		</attribute>
		<attribute>
			<name>perdOidPeriFinaComp</name>
			<sqlName>PERD_OID_PERI_FINA_COMP</sqlName>
			<className>es.indra.belcorp.mso.CraPerio</className>
			<size>12</size>
			<widget>
				<type>combo</type>
				<text>id</text>
			</widget>
			<required>false</required>
			<search>true</search>
			<list>true</list>
		</attribute>
		<attribute>
			<name>perdOidPeriInicCons</name>
			<sqlName>PERD_OID_PERI_INIC_CONS</sqlName>
			<className>es.indra.belcorp.mso.CraPerio</className>
			<size>12</size>
			<widget>
				<type>combo</type>
				<text>id</text>
			</widget>
			<required>false</required>
			<search>true</search>
			<list>true</list>
		</attribute>
		<attribute>
			<name>perdOidPeriFinaCons</name>
			<sqlName>PERD_OID_PERI_FINA_CONS</sqlName>
			<className>es.indra.belcorp.mso.CraPerio</className>
			<size>12</size>
			<widget>
				<type>combo</type>
				<text>id</text>
			</widget>
			<required>false</required>
			<search>true</search>
			<list>true</list>
		</attribute>
		<attribute>
			<name>perdOidPeriIngr</name>
			<sqlName>PERD_OID_PERI_INGR</sqlName>
			<className>es.indra.belcorp.mso.CraPerio</className>
			<size>12</size>
			<widget>
				<type>combo</type>
				<text>id</text>
			</widget>
			<required>false</required>
			<search>true</search>
			<list>true</list>
		</attribute>
		<attribute>
			<name>ticuOidTipoCurs</name>
			<sqlName>TICU_OID_TIPO_CURS</sqlName>
			<className>es.indra.belcorp.mso.EduTipoCurso</className>
			<size>12</size>
			<widget>
				<type>combo</type>
				<text>id</text>
			</widget>
			<required>false</required>
			<search>true</search>
			<list>true</list>
		</attribute>
		<attribute>
			<name>valPathFich</name>
			<sqlName>VAL_PATH_FICH</sqlName>
			<className>java.lang.String</className>
			<size>240</size>
			<required>false</required>
			<search>true</search>
			<list>true</list>
		</attribute>
		<attribute>
			<name>valObjeCurs</name>
			<sqlName>VAL_OBJE_CURS</sqlName>
			<className>java.lang.String</className>
			<size>30</size>
			<required>false</required>
			<search>true</search>
			<list>true</list>
		</attribute>
		<attribute>
			<name>valContCurs</name>
			<sqlName>VAL_CONT_CURS</sqlName>
			<className>java.lang.String</className>
			<size>30</size>
			<required>false</required>
			<search>true</search>
			<list>true</list>
		</attribute>
		<attribute>
			<name>valRelaMateCurs</name>
			<sqlName>VAL_RELA_MATE_CURS</sqlName>
			<className>java.lang.String</className>
			<size>30</size>
			<required>false</required>
			<search>true</search>
			<list>true</list>
		</attribute>
		<attribute>
			<name>valMontVent</name>
			<sqlName>VAL_MONT_VENT</sqlName>
			<className>java.lang.Long</className>
			<size>6</size>
			<required>false</required>
			<search>true</search>
			<list>true</list>
		</attribute>
		<attribute>
			<name>fecDispCurs</name>
			<sqlName>FEC_DISP_CURS</sqlName>
			<className>java.sql.Date</className>
			<size>7</size>
			<required>false</required>
			<search>true</search>
			<list>true</list>
		</attribute>
		<attribute>
			<name>fecLanz</name>
			<sqlName>FEC_LANZ</sqlName>
			<className>java.sql.Date</className>
			<size>7</size>
			<required>false</required>
			<search>true</search>
			<list>true</list>
		</attribute>
		<attribute>
			<name>fecFinCurs</name>
			<sqlName>FEC_FIN_CURS</sqlName>
			<className>java.sql.Date</className>
			<size>7</size>
			<required>false</required>
			<search>true</search>
			<list>true</list>
		</attribute>
		<attribute>
			<name>fecUltiCurs</name>
			<sqlName>FEC_ULTI_CURS</sqlName>
			<className>java.sql.Date</className>
			<size>7</size>
			<required>false</required>
			<search>true</search>
			<list>true</list>
		</attribute>
		<attribute>
			<name>fecConcCurs</name>
			<sqlName>FEC_CONC_CURS</sqlName>
			<className>java.sql.Date</className>
			<size>7</size>
			<required>false</required>
			<search>true</search>
			<list>true</list>
		</attribute>
		<attribute>
			<name>fecIngr</name>
			<sqlName>FEC_INGR</sqlName>
			<className>java.sql.Date</className>
			<size>7</size>
			<required>false</required>
			<search>true</search>
			<list>true</list>
		</attribute>
		<attribute>
			<name>numPart</name>
			<sqlName>NUM_PART</sqlName>
			<className>java.lang.Long</className>
			<size>2</size>
			<required>false</required>
			<search>true</search>
			<list>true</list>
		</attribute>
		<attribute>
			<name>numOrde</name>
			<sqlName>NUM_ORDE</sqlName>
			<className>java.lang.Long</className>
			<size>2</size>
			<required>false</required>
			<search>true</search>
			<list>true</list>
		</attribute>
		<attribute>
			<name>numCampa</name>
			<sqlName>NUM_CAMPA</sqlName>
			<className>java.lang.Long</className>
			<size>2</size>
			<required>false</required>
			<search>true</search>
			<list>true</list>
		</attribute>
		<attribute>
			<name>numUnid</name>
			<sqlName>NUM_UNID</sqlName>
			<className>java.lang.Long</className>
			<size>2</size>
			<required>false</required>
			<search>true</search>
			<list>true</list>
		</attribute>
		<attribute>
			<name>desCurs</name>
			<sqlName>DES_CURS</sqlName>
			<className>java.lang.String</className>
			<size>100</size>
			<required>false</required>
			<search>true</search>
			<list>true</list>
		</attribute>
		<attribute>
			<name>indAcceDmrt</name>
			<sqlName>IND_ACCE_DMRT</sqlName>
			<className>java.lang.Long</className>
			<size>1</size>
			<required>false</required>
			<search>true</search>
			<list>true</list>
		</attribute>
		<attribute>
			<name>indAcceInfo</name>
			<sqlName>IND_ACCE_INFO</sqlName>
			<className>java.lang.Long</className>
			<size>1</size>
			<required>false</required>
			<search>true</search>
			<list>true</list>
		</attribute>
		<attribute>
			<name>indAlcaGeog</name>
			<sqlName>IND_ALCA_GEOG</sqlName>
			<className>java.lang.Long</className>
			<size>1</size>
			<required>false</required>
			<search>true</search>
			<list>true</list>
		</attribute>
		<attribute>
			<name>indBloqExte</name>
			<sqlName>IND_BLOQ_EXTE</sqlName>
			<className>java.lang.Long</className>
			<size>1</size>
			<required>false</required>
			<search>true</search>
			<list>true</list>
		</attribute>
		<attribute>
			<name>indMomeEntr</name>
			<sqlName>IND_MOME_ENTR</sqlName>
			<className>java.lang.Long</className>
			<size>1</size>
			<required>false</required>
			<search>true</search>
			<list>true</list>
		</attribute>
		<attribute>
			<name>indCondPedi</name>
			<sqlName>IND_COND_PEDI</sqlName>
			<className>java.lang.Long</className>
			<size>1</size>
			<required>false</required>
			<search>true</search>
			<list>true</list>
		</attribute>
		<attribute>
			<name>indCtrlMoro</name>
			<sqlName>IND_CTRL_MORO</sqlName>
			<className>java.lang.Long</className>
			<size>1</size>
			<required>false</required>
			<search>true</search>
			<list>true</list>
		</attribute>
		<attribute>
			<name>indCtrlFunc</name>
			<sqlName>IND_CTRL_FUNC</sqlName>
			<className>java.lang.Long</className>
			<size>1</size>
			<required>false</required>
			<search>true</search>
			<list>true</list>
		</attribute>
		<attribute>
			<name>clclOidClieClasCapa</name>
			<sqlName>CLCL_OID_CLIE_CLAS_CAPA</sqlName>
			<className>es.indra.belcorp.mso.MaeClienClasi</className>
			<size>12</size>
			<widget>
				<type>combo</type>
				<text>id</text>
			</widget>
			<required>true</required>
			<search>true</search>
			<list>true</list>
		</attribute>
	</attributes>
</entity>