<?xml version="1.0" encoding="UTF-8"?>
<!--
<entity xmlns:xsi="http://www.w3.org/2001/XMLSchema-instance"
	xsi:noNamespaceSchemaLocation="C:/mmg/resources/schemas/entity.xsd">
-->
<entity>
	<name>EduPlantCursoEstat</name>
	<package>es.indra.belcorp.mso</package>
	<table>EDU_PLANT_CURSO_ESTAT</table>
	<keyGenerator>EDU_ESPC_SEQ</keyGenerator>
	<attributes>
		<attribute>
			<name>id</name>
			<sqlName>OID_ESTA</sqlName>
			<primaryKey>true</primaryKey>
			<className>java.lang.Long</className>
			<size>12</size>
			<required>true</required>
			<search>false</search>
			<list>false</list>
			<view>false</view>
			<modify>false</modify>
			<insert>false</insert>
		</attribute>
		<attribute>
			<name>mcurOidCurs</name>
			<sqlName>MCUR_OID_CURS</sqlName>
			<className>es.indra.belcorp.mso.EduMatriCurso</className>
			<size>12</size>
			<widget>
				<type>combo</type>
				<text>id</text>
			</widget>
			<required>true</required>
			<search>true</search>
			<list>true</list>
		</attribute>
		<attribute>
			<name>dpcuOidDetaPlanCurs</name>
			<sqlName>DPCU_OID_DETA_PLAN_CURS</sqlName>
			<className>es.indra.belcorp.mso.EduPlantCursoDetal</className>
			<size>12</size>
			<widget>
				<type>combo</type>
				<text>id</text>
			</widget>
			<required>true</required>
			<search>true</search>
			<list>true</list>
		</attribute>
	</attributes>
</entity>