<?xml version="1.0" encoding="UTF-8"?>
<!--
<entity xmlns:xsi="http://www.w3.org/2001/XMLSchema-instance"
	xsi:noNamespaceSchemaLocation="C:/mmg/resources/schemas/entity.xsd">
-->
<entity>
	<name>EduPlantCursoDetal</name>
	<package>es.indra.belcorp.mso</package>
	<table>EDU_PLANT_CURSO_DETAL</table>
	<keyGenerator>EDU_DPCU_SEQ</keyGenerator>
	<attributes>
		<attribute>
			<name>id</name>
			<sqlName>OID_DETA_PLAN_CURS</sqlName>
			<primaryKey>true</primaryKey>
			<className>java.lang.Long</className>
			<size>12</size>
			<required>true</required>
			<search>false</search>
			<list>false</list>
			<view>false</view>
			<modify>false</modify>
			<insert>false</insert>
		</attribute>
		<attribute>
			<name>cplcOidCabe</name>
			<sqlName>CPLC_OID_CABE</sqlName>
			<className>es.indra.belcorp.mso.EduPlantCursoCabec</className>
			<size>12</size>
			<widget>
				<type>combo</type>
				<text>id</text>
			</widget>
			<required>true</required>
			<search>true</search>
			<list>true</list>
		</attribute>
		<attribute>
			<name>valDeta</name>
			<sqlName>VAL_DETA</sqlName>
			<className>java.lang.String</className>
			<size>50</size>
			<required>false</required>
			<search>true</search>
			<list>true</list>
		</attribute>
		<attribute>
			<name>indVisi</name>
			<sqlName>IND_VISI</sqlName>
			<className>java.lang.Long</className>
			<size>1</size>
			<required>true</required>
			<search>true</search>
			<list>true</list>
		</attribute>
		<attribute>
			<name>indModi</name>
			<sqlName>IND_MODI</sqlName>
			<className>java.lang.Long</className>
			<size>1</size>
			<required>true</required>
			<search>true</search>
			<list>true</list>
		</attribute>
		<attribute>
			<name>indObli</name>
			<sqlName>IND_OBLI</sqlName>
			<className>java.lang.Long</className>
			<size>1</size>
			<required>true</required>
			<search>true</search>
			<list>true</list>
		</attribute>
	</attributes>
</entity>