<?xml version="1.0" encoding="UTF-8"?>
<!--
<entity xmlns:xsi="http://www.w3.org/2001/XMLSchema-instance"
	xsi:noNamespaceSchemaLocation="C:/mmg/resources/schemas/entity.xsd">
-->
<entity>
    <name>EduRegal</name>

    <package>es.indra.belcorp.mso</package>

    <table>EDU_REGAL</table>

    <keyGenerator>EDU_REGA_SEQ</keyGenerator>

    <attributes>
        <attribute>
            <name>id</name>

            <sqlName>OID_REGA</sqlName>

            <primaryKey>true</primaryKey>

            <className>java.lang.Long</className>

            <size>12</size>

            <required>true</required>

            <search>false</search>

            <list>false</list>

            <view>false</view>

            <modify>false</modify>

            <insert>false</insert>

            <order>1</order>
</attribute>

        <attribute>
            <name>prodOidProd</name>

            <sqlName>PROD_OID_PROD</sqlName>

            <className>es.indra.belcorp.mso.MaeProdu</className>

            <size>12</size>

            <widget>
                <type>combo</type>

                <text>id</text>
</widget>

            <required>true</required>

            <search>true</search>

            <list>true</list>

            <dependency>true</dependency>

            <order>3</order>

            <insert>true</insert>

            <view>true</view>

            <modify>false</modify>

            <wrap>false</wrap>

            <uppercase>true</uppercase>
</attribute>

        <attribute>
            <name>codRega</name>

            <sqlName>COD_REGA</sqlName>

            <className>java.lang.Long</className>

            <size>3</size>

            <required>true</required>

            <search>true</search>

            <list>true</list>

            <order>2</order>

            <modify>false</modify>

            <view>true</view>

            <wrap>false</wrap>

            <insert>true</insert>

            <uppercase>true</uppercase>
</attribute>

        <attribute>
            <name>Descripcion</name>

            <className>java.lang.String</className>

            <localizationOrder>1</localizationOrder>

            <orderBy>1</orderBy>

            <required>true</required>

            <choice>true</choice>

            <insert>true</insert>

            <search>false</search>

            <list>false</list>

            <view>true</view>

            <modify>true</modify>

            <order>4</order>

            <size>30</size>

            <uppercase>true</uppercase>
</attribute>
</attributes>

</entity>
