<?xml version="1.0" encoding="UTF-8"?>
<!--
<entity xmlns:xsi="http://www.w3.org/2001/XMLSchema-instance"
	xsi:noNamespaceSchemaLocation="C:/mmg/resources/schemas/entity.xsd">
-->
<entity>
    <name>FacFormu</name>
    <package>es.indra.belcorp.mso</package>
    <table>FAC_FORMU</table>
    <keyGenerator>FAC_FORS_SEQ</keyGenerator>
    <attributes>
        <attribute>
            <name>id</name>
            <sqlName>OID_FORM</sqlName>
            <primaryKey>true</primaryKey>
            <className>java.lang.Long</className>
            <size>12</size>
            <required>true</required>
            <search>false</search>
            <list>false</list>
            <view>false</view>
            <modify>false</modify>
            <insert>false</insert>
            <order>1</order>
        </attribute>
        <attribute>
            <name>codForm</name>
            <sqlName>COD_FORM</sqlName>
            <className>java.lang.String</className>
            <size>4</size>
            <required>true</required>
            <search>true</search>
            <list>true</list>
            <insert>true</insert>
            <modify>true</modify>
            <editable>false</editable>
            <view>true</view>
            <wrap>false</wrap>
            <uppercase>true</uppercase>
            <order>2</order>
        </attribute>
        <attribute>
            <name>numLine</name>
            <sqlName>NUM_LINE</sqlName>
            <className>java.lang.Long</className>
            <size>3</size>
            <required>true</required>
            <search>false</search>
            <list>false</list>
            <insert>true</insert>
            <modify>true</modify>
            <order>3</order>
            <view>true</view>
            <wrap>false</wrap>
        </attribute>
        <attribute>
            <name>valTamaForm</name>
            <sqlName>VAL_TAMA_FORM</sqlName>
            <className>java.lang.String</className>
            <size>2</size>
            <required>true</required>
            <search>false</search>
            <list>false</list>
            <insert>true</insert>
            <modify>true</modify>
            <view>true</view>
            <wrap>false</wrap>
            <order>4</order>
        </attribute>
        <attribute>
            <name>valRutiDiseForm</name>
            <sqlName>VAL_RUTI_DISE_FORM</sqlName>
            <className>java.lang.String</className>
            <size>30</size>
            <required>true</required>
            <search>false</search>
            <list>false</list>
            <insert>true</insert>
            <modify>true</modify>
            <view>true</view>
            <wrap>false</wrap>
            <order>5</order>
        </attribute>
        <attribute>
            <name>indImpr</name>
            <sqlName>IND_IMPR</sqlName>
            <className>java.lang.String</className>
            <size>1</size>
            <required>true</required>
            <search>true</search>
            <list>true</list>
            <insert>true</insert>
            <modify>true</modify>
            <view>true</view>
            <order>6</order>
            <wrap>true</wrap>
            <widget>
                <type>radioButton</type>
                <options>
                    <option>
                        <value>1</value>
                        <text>Si</text>
                    </option>
                    <option>
                        <value>0</value>
                        <text>No</text>
                    </option>
                </options>
            </widget>
        </attribute>
        <attribute>
            <name>indPrei</name>
            <sqlName>IND_PREI</sqlName>
            <className>java.lang.Long</className>
            <size>1</size>
            <required>true</required>
            <search>false</search>
            <list>false</list>
            <insert>true</insert>
            <modify>true</modify>
            <view>true</view>
            <wrap>false</wrap>
            <order>7</order>
        </attribute>
        <attribute>
            <name>indSpooIndi</name>
            <sqlName>IND_SPOO_INDI</sqlName>
            <className>java.lang.Long</className>
            <size>1</size>
            <required>true</required>
            <search>false</search>
            <list>false</list>
            <insert>true</insert>
            <modify>true</modify>
            <view>true</view>
            <order>8</order>
            <wrap>true</wrap>
        </attribute>
        <attribute>
            <name>teimOidTecn</name>
            <sqlName>TEIM_OID_TECN</sqlName>
            <className>es.indra.belcorp.mso.FacTecnoImpre</className>
            <size>12</size>
            <widget>
                <type>combo</type>
                <text>id</text>
            </widget>
            <required>true</required>
            <search>true</search>
            <list>true</list>
            <order>9</order>
        </attribute>
        <attribute>
            <name>valNombForm</name>
            <sqlName>VAL_NOMB_FORM</sqlName>
            <className>java.lang.String</className>
            <size>15</size>
            <required>true</required>
            <search>true</search>
            <list>true</list>
            <insert>true</insert>
            <modify>true</modify>
            <view>true</view>
            <wrap>false</wrap>
            <order>10</order>
        </attribute>
        <attribute>
            <name>indActi</name>
            <sqlName>IND_ACTI</sqlName>
            <className>java.lang.String</className>
            <size>1</size>
            <required>true</required>
            <search>true</search>
            <list>true</list>
            <insert>true</insert>
            <order>11</order>
            <view>true</view>
            <modify>true</modify>
            <wrap>false</wrap>
            <widget>
                <type>combo</type>
                <options>
                    <option>
                        <value>1</value>
                        <text>Activo</text>
                    </option>
                    <option>
                        <value>0</value>
                        <text>Baja</text>
                    </option>
                </options>
            </widget>
        </attribute>
        <attribute>
            <name>indNumOfic</name>
            <sqlName>IND_NUM_OFIC</sqlName>
            <className>java.lang.String</className>
            <size>1</size>
            <required>true</required>
            <search>false</search>
            <list>false</list>
            <insert>true</insert>
            <view>true</view>
            <modify>true</modify>
            <order>12</order>
            <wrap>false</wrap>
            <widget>
                <type>combo</type>
                <options>
                    <option>
                        <value>1</value>
                        <text>Oficial</text>
                    </option>
                    <option>
                        <value>0</value>
                        <text>Libre</text>
                    </option>
                </options>
            </widget>
        </attribute>
        <attribute>
            <name>numLineSaltPagi</name>
            <sqlName>NUM_LINE_SALT_PAGI</sqlName>
            <className>java.lang.Long</className>
            <size>3</size>
            <required>true</required>
            <search>true</search>
            <list>true</list>
            <order>13</order>
        </attribute>
        <attribute>
            <name>tidoOidTipoDocu</name>
            <sqlName>TIDO_OID_TIPO_DOCU</sqlName>
            <className>es.indra.belcorp.mso.FacTipoDocum</className>
            <size>12</size>
            <widget>
                <type>combo</type>
                <text>id</text>
            </widget>
            <required>true</required>
            <search>true</search>
            <list>true</list>
            <insert>true</insert>
            <view>true</view>
            <modify>true</modify>
            <wrap>false</wrap>
            <order>14</order>
        </attribute>
        <attribute>
            <name>deimOidDestImpr</name>
            <sqlName>DEIM_OID_DEST_IMPR</sqlName>
            <className>es.indra.belcorp.mso.FacDestiImpre</className>
            <size>12</size>
            <widget>
                <type>combo</type>
                <text>id</text>
            </widget>
            <required>true</required>
            <search>true</search>
            <list>true</list>
            <order>15</order>
        </attribute>
    </attributes>
</entity>
