<?xml version="1.0" encoding="UTF-8"?>
<!--
<entity xmlns:xsi="http://www.w3.org/2001/XMLSchema-instance"
	xsi:noNamespaceSchemaLocation="C:/mmg/resources/schemas/entity.xsd">
-->
<entity>
    <name>FacImpreVirtu</name>
    <package>es.indra.belcorp.mso</package>
    <table>FAC_IMPRE_VIRTU</table>
    <keyGenerator>FAC_IMVI_SEQ</keyGenerator>
    <attributes>
        <attribute>
            <name>id</name>
            <sqlName>OID_IMPR</sqlName>
            <primaryKey>true</primaryKey>
            <className>java.lang.Long</className>
            <size>12</size>
            <required>true</required>
            <search>false</search>
            <list>false</list>
            <view>false</view>
            <modify>false</modify>
            <insert>false</insert>
            <order>1</order>
        </attribute>
        <attribute>
            <name>paisOidPais</name>
            <sqlName>PAIS_OID_PAIS</sqlName>
            <className>es.indra.belcorp.mso.SegPais</className>
            <size>12</size>
            <widget>
                <type>combo</type>
                <text>id</text>
            </widget>
            <required>true</required>
            <search>true</search>
            <list>true</list>
            <order>2</order>
        </attribute>
        <attribute>
            <name>codImpr</name>
            <sqlName>COD_IMPR</sqlName>
            <className>java.lang.String</className>
            <size>10</size>
            <required>true</required>
            <search>true</search>
            <list>true</list>
            <order>3</order>
        </attribute>
        <attribute>
            <name>desImpr</name>
            <sqlName>DES_IMPR</sqlName>
            <className>java.lang.String</className>
            <size>30</size>
            <required>true</required>
            <search>true</search>
            <list>true</list>
            <order>4</order>
        </attribute>
        <attribute>
            <name>tiimOidTipo</name>
            <sqlName>TIIM_OID_TIPO</sqlName>
            <className>es.indra.belcorp.mso.FacTipoImpre</className>
            <size>12</size>
            <widget>
                <type>combo</type>
                <text>id</text>
            </widget>
            <required>true</required>
            <search>true</search>
            <list>true</list>
            <order>5</order>
        </attribute>
        <attribute>
            <name>indEstaActi</name>
            <sqlName>IND_ESTA_ACTI</sqlName>
            <className>java.lang.Long</className>
            <size>1</size>
            <required>true</required>
            <search>true</search>
            <list>true</list>
            <order>6</order>
        </attribute>
        <attribute>
            <name>valAtr1</name>
            <sqlName>VAL_ATR1</sqlName>
            <className>java.lang.String</className>
            <size>250</size>
            <required>false</required>
            <search>true</search>
            <list>true</list>
            <order>7</order>
        </attribute>
    </attributes>
</entity>
