<?xml version="1.0" encoding="UTF-8"?>
<!--
<entity xmlns:xsi="http://www.w3.org/2001/XMLSchema-instance"
	xsi:noNamespaceSchemaLocation="C:/mmg/resources/schemas/entity.xsd">
-->
<entity>
    <name>FacParamFactu</name>
    <package>es.indra.belcorp.mso</package>
    <table>FAC_PARAM_FACTU</table>
    <keyGenerator>FAC_PAFA_SEQ</keyGenerator>
    <attributes>
        <attribute>
            <name>id</name>
            <sqlName>OID_PARA</sqlName>
            <primaryKey>true</primaryKey>
            <className>java.lang.Long</className>
            <size>12</size>
            <required>true</required>
            <search>false</search>
            <list>false</list>
            <view>false</view>
            <modify>false</modify>
            <insert>false</insert>
            <order>1</order>
        </attribute>
        <attribute>
            <name>paisOidPais</name>
            <sqlName>PAIS_OID_PAIS</sqlName>
            <className>es.indra.belcorp.mso.SegPaisView</className>
            <size>12</size>
            <widget>
                <type>combo</type>
                <text>id</text>
            </widget>
            <required>true</required>
            <search>false</search>
            <list>false</list>
            <insert>false</insert>
            <modify>false</modify>
            <view>false</view>
            <order>2</order>
            <wrap>false</wrap>
        </attribute>
        <attribute>
            <name>valMontLimiUit</name>
            <sqlName>VAL_MONT_LIMI_UIT</sqlName>
            <className>java.lang.Long</className>
            <size>9</size>
            <required>false</required>
            <search>true</search>
            <list>true</list>
            <order>3</order>
        </attribute>
        <attribute>
            <name>numMaxiCampPrd</name>
            <sqlName>NUM_MAXI_CAMP_PRD</sqlName>
            <className>java.lang.Long</className>
            <size>2</size>
            <required>true</required>
            <search>true</search>
            <list>true</list>
            <order>4</order>
        </attribute>
        <attribute>
            <name>numMaxiPediProy</name>
            <sqlName>NUM_MAXI_PEDI_PROY</sqlName>
            <className>java.lang.Long</className>
            <size>5</size>
            <required>true</required>
            <search>true</search>
            <list>true</list>
            <order>5</order>
        </attribute>
        <attribute>
            <name>indDocuMonoPagi</name>
            <sqlName>IND_DOCU_MONO_PAGI</sqlName>
            <className>java.lang.Long</className>
            <size>1</size>
            <required>true</required>
            <search>true</search>
            <list>true</list>
            <insert>true</insert>
            <modify>true</modify>
            <view>true</view>
            <wrap>false</wrap>
            <widget>
                <type>radioButton</type>
                <options>
                    <option>
                        <value>1</value>
                        <text>Si</text>
                    </option>
                    <option>
                        <value>0</value>
                        <text>No</text>
                    </option>
                </options>
            </widget>
            <order>6</order>
        </attribute>
        <attribute>
            <name>indCheqClieNuev</name>
            <sqlName>IND_CHEQ_CLIE_NUEV</sqlName>
            <className>java.lang.Long</className>
            <size>1</size>
            <required>true</required>
            <search>true</search>
            <list>true</list>
            <order>7</order>
        </attribute>
        <attribute>
            <name>indTipoProyRegi</name>
            <sqlName>IND_TIPO_PROY_REGI</sqlName>
            <className>java.lang.Long</className>
            <size>1</size>
            <required>true</required>
            <search>true</search>
            <list>true</list>
            <order>8</order>
        </attribute>
        <attribute>
            <name>indPrecCont</name>
            <sqlName>IND_PREC_CONT</sqlName>
            <className>java.lang.Long</className>
            <size>1</size>
            <required>true</required>
            <search>true</search>
            <list>true</list>
            <order>9</order>
        </attribute>
        <attribute>
            <name>indMostVencCupo</name>
            <sqlName>IND_MOST_VENC_CUPO</sqlName>
            <className>java.lang.Long</className>
            <size>1</size>
            <required>true</required>
            <search>true</search>
            <list>true</list>
            <order>10</order>
        </attribute>
    </attributes>
</entity>
