<?xml version="1.0" encoding="UTF-8"?>
<!--
<entity xmlns:xsi="http://www.w3.org/2001/XMLSchema-instance"
	xsi:noNamespaceSchemaLocation="C:/mmg/resources/schemas/entity.xsd">
-->
<entity>
    <name>FacTipoDocum</name>
    <package>es.indra.belcorp.mso</package>
    <table>FAC_TIPO_DOCUM</table>
    <keyGenerator>FAC_TIDO_SEQ</keyGenerator>
    <attributes>
        <attribute>
            <name>id</name>
            <sqlName>OID_TIPO_DOCU</sqlName>
            <primaryKey>true</primaryKey>
            <className>java.lang.Long</className>
            <size>12</size>
            <required>true</required>
            <search>false</search>
            <list>false</list>
            <view>false</view>
            <modify>false</modify>
            <insert>false</insert>
            <order>1</order>
        </attribute>
        <attribute>
            <name>codTipoDocu</name>
            <sqlName>COD_TIPO_DOCU</sqlName>
            <className>java.lang.String</className>
            <size>3</size>
            <required>true</required>
            <search>true</search>
            <list>true</list>
            <order>2</order>
        </attribute>
        <attribute>
            <name>desTipoDocu</name>
            <sqlName>DES_TIPO_DOCU</sqlName>
            <className>java.lang.String</className>
            <size>20</size>
            <required>true</required>
            <search>true</search>
            <list>true</list>
            <choice>true</choice>
            <order>3</order>
        </attribute>
<!-- 
        <attribute>
            <name>tidoOidTipoDocuCont</name>
            <sqlName>TIDO_OID_TIPO_DOCU_CONT</sqlName>
            <className>es.indra.belcorp.mso.FacTipoDocum</className>
            <size>12</size>
            <widget>
                <type>combo</type>
                <text>id</text>
            </widget>
            <required>false</required>
            <search>true</search>
            <list>true</list>
        </attribute>
 -->
    </attributes>
</entity>
