<?xml version="1.0" encoding="UTF-8"?>
<entity xmlns:xsi="http://www.w3.org/2001/XMLSchema-instance"
    xsi:noNamespaceSchemaLocation="/mmg/resources/schemas/entity.xsd">
    <name>FacTecnoImpre</name>
    <package>es.indra.belcorp.mso</package>
    <table>FAC_TECNO_IMPRE</table>
    <keyGenerator>FAC_TEIM_SEQ</keyGenerator>
    <attributes>
        <attribute>
            <name>id</name>
            <sqlName>OID_TECN</sqlName>
            <primaryKey>true</primaryKey>
            <className>java.lang.Long</className>
            <size>12</size>
            <required>true</required>
            <search>false</search>
            <list>false</list>
            <view>false</view>
            <modify>false</modify>
            <insert>false</insert>
            <order>1</order>
        </attribute>
    </attributes>
</entity>
