<?xml version="1.0" encoding="UTF-8"?>
<!--
<entity xmlns:xsi="http://www.w3.org/2001/XMLSchema-instance"
	xsi:noNamespaceSchemaLocation="C:/mmg/resources/schemas/entity.xsd">
-->
<entity>
    <name>FacTipoOfertExclu</name>
    <package>es.indra.belcorp.mso</package>
    <table>FAC_TIPO_OFERT_EXCLU</table>
    <keyGenerator>FAC_TOEX_SEQ</keyGenerator>
    <attributes>
        <attribute>
            <name>id</name>
            <sqlName>OID_TIPO_OFER_EXCL</sqlName>
            <primaryKey>true</primaryKey>
            <className>java.lang.Long</className>
            <size>12</size>
            <required>true</required>
            <search>false</search>
            <list>false</list>
            <view>false</view>
            <modify>false</modify>
            <insert>false</insert>
            <order>1</order>
        </attribute>
        <attribute>
            <name>paisOidPais</name>
            <sqlName>PAIS_OID_PAIS</sqlName>
            <className>es.indra.belcorp.mso.SegPais</className>
            <size>12</size>
            <widget>
                <type>combo</type>
                <text>id</text>
            </widget>
            <required>true</required>
            <search>true</search>
            <list>true</list>
            <order>2</order>
        </attribute>
        <attribute>
            <name>tofeOidTipoOfer</name>
            <sqlName>TOFE_OID_TIPO_OFER</sqlName>
            <className>es.indra.belcorp.mso.PreTipoOfert</className>
            <size>12</size>
            <widget>
                <type>combo</type>
                <text>id</text>
            </widget>
            <required>true</required>
            <search>true</search>
            <list>true</list>
            <order>3</order>
        </attribute>
        <attribute>
            <name>fecDesd</name>
            <sqlName>FEC_DESD</sqlName>
            <className>java.sql.Date</className>
            <size>7</size>
            <required>true</required>
            <search>true</search>
            <list>true</list>
            <order>4</order>
        </attribute>
        <attribute>
            <name>fecHast</name>
            <sqlName>FEC_HAST</sqlName>
            <className>java.sql.Date</className>
            <size>7</size>
            <required>true</required>
            <search>true</search>
            <list>true</list>
            <order>5</order>
        </attribute>
    </attributes>
</entity>
