<?xml version="1.0" encoding="UTF-8"?>
<entity xmlns:xsi="http://www.w3.org/2001/XMLSchema-instance" 
	xsi:noNamespaceSchemaLocation="C:/mmg/resources/schemas/entity.xsd">
	<name>GenDetaSiccWithDefault</name>
	<package>es.indra.belcorp.mso</package>
	<table>V_GEN_I18N_SICC</table>
	<keyGenerator>GEN_I18N_SEQ</keyGenerator>
	<attributes>
		<attribute>
			<name>id</name>
			<sqlName>OID_I18N</sqlName>
			<primaryKey>true</primaryKey>
			<className>java.lang.Long</className>
			<size>12</size>
			<required>true</required>
			<search>false</search>
			<list>false</list>
			<view>false</view>
			<modify>false</modify>
			<insert>false</insert>
		</attribute>
		<attribute>
			<name>enti</name>
			<sqlName>ATTR_ENTI</sqlName>
			<className>java.lang.String</className>
			<size>40</size>
			<required>true</required>
			<search>true</search>
			<list>true</list>
		</attribute>
		<attribute>
			<name>entiPk</name>
			<sqlName>VAL_OID</sqlName>
			<className>java.lang.Long</className>
			<size>12</size>
			<required>true</required>
			<search>true</search>
			<list>true</list>
		</attribute>
		<attribute>
			<name>atri</name>
			<sqlName>ATTR_NUM_ATRI</sqlName>
			<className>java.lang.Long</className>
			<size>2</size>
			<required>true</required>
			<search>true</search>
			<list>true</list>
		</attribute>
		<attribute>
			<name>deta</name>
			<sqlName>VAL_I18N</sqlName>
			<className>java.lang.String</className>
			<size>400</size>
			<required>true</required>
			<search>true</search>
			<list>true</list>
		</attribute>
		<attribute>
			<name>idioOidIdio</name>
			<sqlName>IDIO_OID_IDIO</sqlName>
			<className>es.indra.belcorp.mso.SegIdiom</className>
			<size>12</size>
			<widget>
				<type>combo</type>
				<text>id</text>
			</widget>
			<required>true</required>
			<search>true</search>
			<list>true</list>
		</attribute>
	</attributes>
</entity>
