<?xml version="1.0" encoding="UTF-8"?>
<entity xmlns:xsi="http://www.w3.org/2001/XMLSchema-instance"
	xsi:noNamespaceSchemaLocation="C:/mmg/resources/schemas/entity.xsd">
	<name>IncPartiConcuDetal</name>
	<package>es.indra.belcorp.mso</package>
	<table>INC_PARTI_CONCU_DETAL</table>
	<keyGenerator>INC_PAC3_SEQ</keyGenerator>
	<attributes>
		<attribute>
			<name>id</name>
			<sqlName>OID_PART_CONC_DETA</sqlName>
			<primaryKey>true</primaryKey>
			<className>java.lang.Long</className>
			<size>12</size>
			<required>true</required>
			<search>false</search>
			<list>false</list>
			<view>false</view>
			<modify>false</modify>
			<insert>false</insert>
			<order>1</order>
		</attribute>
		<attribute>
			<name>codRol</name>
			<sqlName>COD_ROL</sqlName>
			<className>java.lang.Long</className>
			<size>3</size>
			<required>true</required>
			<search>true</search>
			<list>true</list>
			<order>2</order>
		</attribute>
		<attribute>
			<name>paciOidPartConcCabe</name>
			<sqlName>PACI_OID_PART_CONC_CABE</sqlName>
			<className>es.indra.belcorp.mso.IncPartiConcuCabec</className>
			<size>12</size>
			<widget>
				<type>combo</type>
				<text>id</text>
			</widget>
			<required>true</required>
			<search>true</search>
			<list>true</list>
			<order>3</order>
		</attribute>
	</attributes>
</entity>