<?xml version="1.0" encoding="UTF-8"?>
<entity xmlns:xsi="http://www.w3.org/2001/XMLSchema-instance"
	xsi:noNamespaceSchemaLocation="C:/mmg/resources/schemas/entity.xsd">
	<name>IncPartiConcuCabec</name>
	<package>es.indra.belcorp.mso</package>
	<table>INC_PARTI_CONCU_CABEC</table>
	<keyGenerator>INC_PACI_SEQ</keyGenerator>
	<attributes>
		<attribute>
			<name>id</name>
			<sqlName>OID_PART_CONC_CABE</sqlName>
			<primaryKey>true</primaryKey>
			<className>java.lang.Long</className>
			<size>12</size>
			<required>true</required>
			<search>false</search>
			<list>false</list>
			<view>false</view>
			<modify>false</modify>
			<insert>false</insert>
			<order>1</order>
		</attribute>
		<attribute>
			<name>valGrupClie</name>
			<sqlName>VAL_GRUP_CLIE</sqlName>
			<className>java.lang.Long</className>
			<size>5</size>
			<required>true</required>
			<search>true</search>
			<list>true</list>
			<order>2</order>
		</attribute>
		<attribute>
			<name>paisOidPais</name>
			<sqlName>PAIS_OID_PAIS</sqlName>
			<className>es.indra.belcorp.mso.SegPaisView</className>
			<size>12</size>
			<widget>
				<type>combo</type>
				<text>id</text>
			</widget>
			<required>true</required>
			<search>false</search>
			<list>false</list>
			<insert>false</insert>
			<modify>false</modify>
			<view>false</view>
			<order>3</order>
		</attribute>
		<attribute>
			<name>Descripcion</name>
			<className>java.lang.String</className>
			<order>4</order>
			<localizationOrder>1</localizationOrder>
			<orderBy>1</orderBy>
			<modify>true</modify>
			<insert>true</insert>
			<search>false</search>
			<list>false</list>
			<view>true</view>
			<required>true</required>
			<wrap>false</wrap>
			<size>50</size>
			<uppercase>true</uppercase>
		</attribute>
	</attributes>
	<actions>
		<action>
			<side>client</side>
			<scope>precreate</scope>
			<code>
				<![CDATA[
                SegPaisViewData paisOculto = new SegPaisViewData();
                paisOculto.setId(new Long(MMGDruidaHelper.getUserDefaultCountry(this)));
                incPartiConcuCabec.setPaisOidPais(paisOculto);
               ]]>
			</code>
		</action>
		<action>
			<side>client</side>
			<scope>postcreate</scope>
			<code>
				<![CDATA[
                SegPaisViewData paisOculto = new SegPaisViewData();
                paisOculto.setId(new Long(MMGDruidaHelper.getUserDefaultCountry(this)));
                incPartiConcuCabec.setPaisOidPais(paisOculto);
                ]]>
			</code>
		</action>
		<action>
			<side>client</side>
			<scope>preupdate</scope>
			<code>
				<![CDATA[
                SegPaisViewData paisOculto = new SegPaisViewData();
                paisOculto.setId(new Long(MMGDruidaHelper.getUserDefaultCountry(this)));
                incPartiConcuCabec.setPaisOidPais(paisOculto);
                ]]>
			</code>
		</action>
		<action>
			<side>client</side>
			<scope>postupdate</scope>
			<code>
				<![CDATA[
                SegPaisViewData paisOculto = new SegPaisViewData();
                paisOculto.setId(new Long(MMGDruidaHelper.getUserDefaultCountry(this)));
                incPartiConcuCabec.setPaisOidPais(paisOculto);
                ]]>
			</code>
		</action>
		<action>
			<side>client</side>
			<scope>prequery</scope>
			<code>
				<![CDATA[
                SegPaisViewData paisOculto = new SegPaisViewData();
                paisOculto.setId(new Long(MMGDruidaHelper.getUserDefaultCountry(this)));
                incPartiConcuCabecFrom.setPaisOidPais(paisOculto);
                incPartiConcuCabecTo.setPaisOidPais((SegPaisViewData)paisOculto.clone());
                ]]>
			</code>
		</action>
		<action>
			<side>client</side>
			<scope>postquery</scope>
			<code>
				<![CDATA[
                SegPaisViewData paisOculto = new SegPaisViewData();
                paisOculto.setId(new Long(MMGDruidaHelper.getUserDefaultCountry(this)));
                incPartiConcuCabecFrom.setPaisOidPais(paisOculto);
                incPartiConcuCabecTo.setPaisOidPais((SegPaisViewData)paisOculto.clone());
                ]]>
			</code>
		</action>
	</actions>
</entity>