<?xml version="1.0" encoding="UTF-8"?>
<entity><name>MaeClienPrimeConta</name><package>es.indra.belcorp.mso</package><table>MAE_CLIEN_PRIME_CONTA</table><keyGenerator>MAE_CPRC_SEQ</keyGenerator><attributes><attribute><name>id</name><sqlName>OID_CLIE_PRIM_CONT</sqlName><primaryKey>true</primaryKey><className>java.lang.Long</className><size>12</size><required>true</required><search>false</search><list>false</list><view>false</view><modify>false</modify><insert>false</insert></attribute><attribute><name>clieOidClie</name><sqlName>CLIE_OID_CLIE</sqlName><className>es.indra.belcorp.mso.MaeClien</className><size>12</size><widget><type>combo</type><text>id</text></widget><required>true</required><search>true</search><list>true</list></attribute><attribute><name>ctsuClieCont</name><sqlName>CTSU_CLIE_CONT</sqlName><className>es.indra.belcorp.mso.MaeClienTipoSubti</className><size>12</size><widget><type>combo</type><text>id</text></widget><required>true</required><search>true</search><list>true</list></attribute><attribute><name>fecCont</name><sqlName>FEC_CONT</sqlName><className>java.sql.Date</className><size>7</size><required>false</required><search>true</search><list>true</list></attribute><attribute><name>fecSiguCont</name><sqlName>FEC_SIGU_CONT</sqlName><className>java.sql.Date</className><size>7</size><required>false</required><search>true</search><list>true</list></attribute><attribute><name>codTipoCont</name><sqlName>COD_TIPO_CONT</sqlName><className>java.lang.String</className><size>3</size><required>false</required><search>true</search><list>true</list></attribute><attribute><name>marcOidMarc</name><sqlName>MARC_OID_MARC</sqlName><className>es.indra.belcorp.mso.SegMarca</className><size>12</size><widget><type>combo</type><text>id</text></widget><required>false</required><search>true</search><list>true</list></attribute><attribute><name>canaOidCana</name><sqlName>CANA_OID_CANA</sqlName><className>es.indra.belcorp.mso.SegCanal</className><size>12</size><widget><type>combo</type><text>id</text></widget><required>false</required><search>true</search><list>true</list></attribute><attribute><name>perdOidPeri</name><sqlName>PERD_OID_PERI</sqlName><className>es.indra.belcorp.mso.CraPerio</className><size>12</size><widget><type>combo</type><text>id</text></widget><required>false</required><search>true</search><list>true</list></attribute></attributes></entity>
