<?xml version="1.0" encoding="UTF-8"?>
<entity><name>MaeClienDirec</name><package>es.indra.belcorp.mso</package><table>MAE_CLIEN_DIREC</table><keyGenerator>MAE_CLDI_SEQ</keyGenerator><attributes><attribute><name>id</name><sqlName>OID_CLIE_DIRE</sqlName><primaryKey>true</primaryKey><className>java.lang.Long</className><size>12</size><required>true</required><search>false</search><list>false</list><view>false</view><modify>false</modify><insert>false</insert></attribute><attribute><name>clieOidClie</name><sqlName>CLIE_OID_CLIE</sqlName><className>es.indra.belcorp.mso.MaeClien</className><size>12</size><widget><type>combo</type><text>id</text></widget><required>true</required><search>true</search><list>true</list></attribute><attribute><name>tidcOidTipoDire</name><sqlName>TIDC_OID_TIPO_DIRE</sqlName><className>es.indra.belcorp.mso.MaeTipoDirec</className><size>12</size><widget><type>combo</type><text>id</text></widget><required>true</required><search>true</search><list>true</list></attribute><attribute><name>tiviOidTipoVia</name><sqlName>TIVI_OID_TIPO_VIA</sqlName><className>es.indra.belcorp.mso.SegTipoVia</className><size>12</size><widget><type>combo</type><text>id</text></widget><required>true</required><search>true</search><list>true</list></attribute><attribute><name>terrOidTerr</name><sqlName>TERR_OID_TERR</sqlName><className>es.indra.belcorp.mso.ZonTerri</className><size>12</size><widget><type>combo</type><text>id</text></widget><required>true</required><search>true</search><list>true</list></attribute><attribute><name>zviaOidVia</name><sqlName>ZVIA_OID_VIA</sqlName><className>es.indra.belcorp.mso.ZonVia</className><size>12</size><widget><type>combo</type><text>id</text></widget><required>false</required><search>true</search><list>true</list></attribute><attribute><name>numPpal</name><sqlName>NUM_PPAL</sqlName><className>java.lang.Long</className><size>4</size><required>false</required><search>true</search><list>true</list></attribute><attribute><name>valNombVia</name><sqlName>VAL_NOMB_VIA</sqlName><className>java.lang.String</className><size>50</size><required>false</required><search>true</search><list>true</list></attribute><attribute><name>valCodPost</name><sqlName>VAL_COD_POST</sqlName><className>java.lang.String</className><size>5</size><required>false</required><search>true</search><list>true</list></attribute><attribute><name>valInte</name><sqlName>VAL_INTE</sqlName><className>java.lang.Long</className><size>3</size><required>false</required><search>true</search><list>true</list></attribute><attribute><name>valManz</name><sqlName>VAL_MANZ</sqlName><className>java.lang.Long</className><size>3</size><required>false</required><search>true</search><list>true</list></attribute><attribute><name>valLote</name><sqlName>VAL_LOTE</sqlName><className>java.lang.Long</className><size>3</size><required>false</required><search>true</search><list>true</list></attribute><attribute><name>valKm</name><sqlName>VAL_KM</sqlName><className>java.lang.Long</className><size>3</size><required>false</required><search>true</search><list>true</list></attribute><attribute><name>valObse</name><sqlName>VAL_OBSE</sqlName><className>java.lang.String</className><size>100</size><required>false</required><search>true</search><list>true</list></attribute><attribute><name>valNombFich</name><sqlName>VAL_NOMB_FICH</sqlName><className>java.lang.String</className><size>25</size><required>false</required><search>true</search><list>true</list></attribute><attribute><name>valCoorX</name><sqlName>VAL_COOR_X</sqlName><className>java.lang.Long</className><size>16</size><required>false</required><search>true</search><list>true</list></attribute><attribute><name>valCoorY</name><sqlName>VAL_COOR_Y</sqlName><className>java.lang.Long</className><size>16</size><required>false</required><search>true</search><list>true</list></attribute><attribute><name>valCoorZ</name><sqlName>VAL_COOR_Z</sqlName><className>java.lang.Long</className><size>16</size><required>false</required><search>true</search><list>true</list></attribute><attribute><name>indDirePpal</name><sqlName>IND_DIRE_PPAL</sqlName><className>java.lang.Long</className><size>1</size><required>false</required><search>true</search><list>true</list></attribute><attribute><name>indCtrlInteGeor</name><sqlName>IND_CTRL_INTE_GEOR</sqlName><className>java.lang.Long</className><size>1</size><required>false</required><search>true</search><list>true</list></attribute></attributes></entity>
