<?xml version="1.0" encoding="UTF-8"?>
<entity><name>MaeClienComun</name><package>es.indra.belcorp.mso</package><table>MAE_CLIEN_COMUN</table><keyGenerator>MAE_CLCO_SEQ</keyGenerator><attributes><attribute><name>id</name><sqlName>OID_CLIE_COMU</sqlName><primaryKey>true</primaryKey><className>java.lang.Long</className><size>12</size><required>true</required><search>false</search><list>false</list><view>false</view><modify>false</modify><insert>false</insert></attribute><attribute><name>clieOidClie</name><sqlName>CLIE_OID_CLIE</sqlName><className>es.indra.belcorp.mso.MaeClien</className><size>12</size><widget><type>combo</type><text>id</text></widget><required>true</required><search>true</search><list>true</list></attribute><attribute><name>ticmOidTipoComu</name><sqlName>TICM_OID_TIPO_COMU</sqlName><className>es.indra.belcorp.mso.MaeTipoComun</className><size>12</size><widget><type>combo</type><text>id</text></widget><required>true</required><search>true</search><list>true</list></attribute><attribute><name>valDiaComu</name><sqlName>VAL_DIA_COMU</sqlName><className>java.lang.String</className><size>1</size><required>false</required><search>true</search><list>true</list></attribute><attribute><name>valTextComu</name><sqlName>VAL_TEXT_COMU</sqlName><className>java.lang.String</className><size>100</size><required>false</required><search>true</search><list>true</list></attribute><attribute><name>fecHoraDesd</name><sqlName>FEC_HORA_DESD</sqlName><className>java.sql.Date</className><size>7</size><required>false</required><search>true</search><list>true</list></attribute><attribute><name>fecHoraHast</name><sqlName>FEC_HORA_HAST</sqlName><className>java.sql.Date</className><size>7</size><required>false</required><search>true</search><list>true</list></attribute><attribute><name>valInteComu</name><sqlName>VAL_INTE_COMU</sqlName><className>java.lang.Long</className><size>1</size><required>false</required><search>true</search><list>true</list></attribute><attribute><name>indComuPpal</name><sqlName>IND_COMU_PPAL</sqlName><className>java.lang.Long</className><size>1</size><required>false</required><search>true</search><list>true</list></attribute></attributes></entity>
