<?xml version="1.0" encoding="UTF-8"?>
<entity><name>MaeClienTipoSubti</name><package>es.indra.belcorp.mso</package><table>MAE_CLIEN_TIPO_SUBTI</table><keyGenerator>MAE_CTSU_SEQ</keyGenerator><attributes><attribute><name>id</name><sqlName>OID_CLIE_TIPO_SUBT</sqlName><primaryKey>true</primaryKey><className>java.lang.Long</className><size>12</size><required>true</required><search>false</search><list>false</list><view>false</view><modify>false</modify><insert>false</insert></attribute><attribute><name>clieOidClie</name><sqlName>CLIE_OID_CLIE</sqlName><className>es.indra.belcorp.mso.MaeClien</className><size>12</size><widget><type>combo</type><text>id</text></widget><required>true</required><search>true</search><list>true</list></attribute><attribute><name>ticlOidTipoClie</name><sqlName>TICL_OID_TIPO_CLIE</sqlName><className>es.indra.belcorp.mso.MaeTipoClien</className><size>12</size><widget><type>combo</type><text>id</text></widget><required>true</required><search>true</search><list>true</list></attribute><attribute><name>sbtiOidSubtClie</name><sqlName>SBTI_OID_SUBT_CLIE</sqlName><className>es.indra.belcorp.mso.MaeSubtiClien</className><size>12</size><widget><type>combo</type><text>id</text></widget><required>true</required><search>true</search><list>true</list></attribute><attribute><name>indPpal</name><sqlName>IND_PPAL</sqlName><className>java.lang.Long</className><size>1</size><required>true</required><search>true</search><list>true</list></attribute></attributes></entity>
