<?xml version="1.0" encoding="UTF-8"?>
<entity><name>MaeClienDatosAdici</name><package>es.indra.belcorp.mso</package><table>MAE_CLIEN_DATOS_ADICI</table><keyGenerator>MAE_CLDA_SEQ</keyGenerator><attributes><attribute><name>clieOidClie</name><sqlName>CLIE_OID_CLIE</sqlName><className>es.indra.belcorp.mso.MaeClien</className><size>12</size><widget><type>combo</type><text>id</text></widget><required>true</required><search>true</search><list>true</list></attribute><attribute><name>nsepOidNsep</name><sqlName>NSEP_OID_NSEP</sqlName><className>es.indra.belcorp.mso.MaeTipoNivelSocecPerso</className><size>12</size><widget><type>combo</type><text>id</text></widget><required>false</required><search>true</search><list>true</list></attribute><attribute><name>id</name><sqlName>OID_CLIE_DATO_ADIC</sqlName><primaryKey>true</primaryKey><className>java.lang.Long</className><size>12</size><required>true</required><search>false</search><list>false</list><view>false</view><modify>false</modify><insert>false</insert></attribute><attribute><name>codEmpl</name><sqlName>COD_EMPL</sqlName><className>java.lang.String</className><size>10</size><required>false</required><search>true</search><list>true</list></attribute><attribute><name>fecNaci</name><sqlName>FEC_NACI</sqlName><className>java.sql.Date</className><size>7</size><required>false</required><search>true</search><list>true</list></attribute><attribute><name>valEdad</name><sqlName>VAL_EDAD</sqlName><className>java.lang.Long</className><size>2</size><required>false</required><search>true</search><list>true</list></attribute><attribute><name>valOcup</name><sqlName>VAL_OCUP</sqlName><className>java.lang.String</className><size>40</size><required>false</required><search>true</search><list>true</list></attribute><attribute><name>valProf</name><sqlName>VAL_PROF</sqlName><className>java.lang.String</className><size>40</size><required>false</required><search>true</search><list>true</list></attribute><attribute><name>valCentTrab</name><sqlName>VAL_CENT_TRAB</sqlName><className>java.lang.String</className><size>40</size><required>false</required><search>true</search><list>true</list></attribute><attribute><name>valCargDese</name><sqlName>VAL_CARG_DESE</sqlName><className>java.lang.String</className><size>40</size><required>false</required><search>true</search><list>true</list></attribute><attribute><name>valCentEstu</name><sqlName>VAL_CENT_ESTU</sqlName><className>java.lang.String</className><size>40</size><required>false</required><search>true</search><list>true</list></attribute><attribute><name>valNiveSociEco3</name><sqlName>VAL_NIVE_SOCI_ECO3</sqlName><className>java.lang.String</className><size>2</size><required>false</required><search>true</search><list>true</list></attribute><attribute><name>valEmai</name><sqlName>VAL_EMAI</sqlName><className>java.lang.String</className><size>40</size><required>false</required><search>true</search><list>true</list></attribute><attribute><name>numHijo</name><sqlName>NUM_HIJO</sqlName><className>java.lang.Long</className><size>2</size><required>false</required><search>true</search><list>true</list></attribute><attribute><name>numPersDepe</name><sqlName>NUM_PERS_DEPE</sqlName><className>java.lang.Long</className><size>2</size><required>false</required><search>true</search><list>true</list></attribute><attribute><name>numCampSinPedi</name><sqlName>NUM_CAMP_SIN_PEDI</sqlName><className>java.lang.Long</className><size>2</size><required>false</required><search>true</search><list>true</list></attribute><attribute><name>impIngrFami</name><sqlName>IMP_INGR_FAMI</sqlName><className>java.lang.Double</className><size>10,2</size><required>false</required><search>true</search><list>true</list></attribute><attribute><name>impMontLineCred</name><sqlName>IMP_MONT_LINE_CRED</sqlName><className>java.lang.Double</className><size>12,2</size><required>false</required><search>true</search><list>true</list></attribute><attribute><name>niriOidNiveRies</name><sqlName>NIRI_OID_NIVE_RIES</sqlName><className>es.indra.belcorp.mso.CarNivelRiesg</className><size>12</size><widget><type>combo</type><text>id</text></widget><required>false</required><search>true</search><list>true</list></attribute><attribute><name>niedOidNiveEstu</name><sqlName>NIED_OID_NIVE_ESTU</sqlName><className>es.indra.belcorp.mso.MaeNivelEstud</className><size>12</size><widget><type>combo</type><text>id</text></widget><required>false</required><search>true</search><list>true</list></attribute><attribute><name>snonOidNaci</name><sqlName>SNON_OID_NACI</sqlName><className>es.indra.belcorp.mso.SegNacio</className><size>12</size><widget><type>combo</type><text>id</text></widget><required>false</required><search>true</search><list>true</list></attribute><attribute><name>escvOidEstaCivi</name><sqlName>ESCV_OID_ESTA_CIVI</sqlName><className>es.indra.belcorp.mso.MaeEstadCivil</className><size>12</size><widget><type>combo</type><text>id</text></widget><required>false</required><search>true</search><list>true</list></attribute><attribute><name>perdOidPeriNiveRies</name><sqlName>PERD_OID_PERI_NIVE_RIES</sqlName><className>es.indra.belcorp.mso.CraPerio</className><size>12</size><widget><type>combo</type><text>id</text></widget><required>false</required><search>true</search><list>true</list></attribute><attribute><name>perdOidPeriLineCred</name><sqlName>PERD_OID_PERI_LINE_CRED</sqlName><className>es.indra.belcorp.mso.CraPerio</className><size>12</size><widget><type>combo</type><text>id</text></widget><required>false</required><search>true</search><list>true</list></attribute><attribute><name>indCorr</name><sqlName>IND_CORR</sqlName><className>java.lang.Long</className><size>1</size><required>false</required><search>true</search><list>true</list></attribute><attribute><name>indActi</name><sqlName>IND_ACTI</sqlName><className>java.lang.Long</className><size>1</size><required>false</required><search>true</search><list>true</list></attribute><attribute><name>estaOidEstaClie</name><sqlName>ESTA_OID_ESTA_CLIE</sqlName><className>es.indra.belcorp.mso.MaeEstatClien</className><size>12</size><widget><type>combo</type><text>id</text></widget><required>false</required><search>true</search><list>true</list></attribute><attribute><name>tclvOidCiclVida</name><sqlName>TCLV_OID_CICL_VIDA</sqlName><className>es.indra.belcorp.mso.MaeCicloVida</className><size>12</size><widget><type>combo</type><text>id</text></widget><required>false</required><search>true</search><list>true</list></attribute></attributes></entity>
