<?xml version="1.0" encoding="UTF-8"?>
<entity><name>MaeClienBloqu</name><package>es.indra.belcorp.mso</package><table>MAE_CLIEN_BLOQU</table><keyGenerator>MAE_CLBL_SEQ</keyGenerator><attributes><attribute><name>id</name><sqlName>OID_BLOQ</sqlName><primaryKey>true</primaryKey><className>java.lang.Long</className><size>12</size><required>true</required><search>false</search><list>false</list><view>false</view><modify>false</modify><insert>false</insert></attribute><attribute><name>clieOidClie</name><sqlName>CLIE_OID_CLIE</sqlName><className>es.indra.belcorp.mso.MaeClien</className><size>12</size><widget><type>combo</type><text>id</text></widget><required>true</required><search>true</search><list>true</list></attribute><attribute><name>tibqOidTipoBloq</name><sqlName>TIBQ_OID_TIPO_BLOQ</sqlName><className>es.indra.belcorp.mso.MaeTipoBloqu</className><size>12</size><widget><type>combo</type><text>id</text></widget><required>true</required><search>true</search><list>true</list></attribute><attribute><name>fecBloq</name><sqlName>FEC_BLOQ</sqlName><className>java.sql.Date</className><size>7</size><required>true</required><search>true</search><list>true</list></attribute><attribute><name>valMotiBloq</name><sqlName>VAL_MOTI_BLOQ</sqlName><className>java.lang.String</className><size>40</size><required>true</required><search>true</search><list>true</list></attribute><attribute><name>valUsuaBloq</name><sqlName>VAL_USUA_BLOQ</sqlName><className>java.lang.String</className><size>20</size><required>true</required><search>true</search><list>true</list></attribute><attribute><name>obsBloq</name><sqlName>OBS_BLOQ</sqlName><className>java.lang.String</className><size>100</size><required>false</required><search>true</search><list>true</list></attribute></attributes></entity>
