<?xml version="1.0" encoding="UTF-8"?>
<entity xmlns:xsi="http://www.w3.org/2001/XMLSchema-instance" 
	xsi:noNamespaceSchemaLocation="C:/mmg/resources/schemas/entity.xsd">
    <name>MaeClaseTarje</name>

    <package>es.indra.belcorp.mso</package>

    <table>MAE_CLASE_TARJE</table>

    <keyGenerator>MAE_CLTA_SEQ</keyGenerator>

    <attributes>
        <attribute>
            <name>id</name>

            <sqlName>OID_CLAS_TARJ</sqlName>

            <primaryKey>true</primaryKey>

            <className>java.lang.Long</className>

            <size>12</size>

            <required>true</required>

            <search>false</search>

            <list>false</list>

            <view>false</view>

            <modify>false</modify>

            <insert>false</insert>

            <order>1</order>
</attribute>

        <attribute>
            <name>codClasTarj</name>

            <sqlName>COD_CLAS_TARJ</sqlName>

            <className>java.lang.String</className>

            <size>2</size>

            <required>true</required>

            <search>true</search>

            <list>true</list>

            <order>2</order>

            <insert>true</insert>

            <view>true</view>

            <modify>true</modify>

            <wrap>false</wrap>

            <uppercase>true</uppercase>

            <editable>false</editable>
</attribute>

        <attribute>
            <name>desClasTarj</name>

            <sqlName>DES_CLAS_TARJ</sqlName>

            <className>java.lang.String</className>

            <size>40</size>

            <required>false</required>

            <search>true</search>

            <list>true</list>

            <order>3</order>

            <modify>true</modify>

            <insert>true</insert>

            <view>true</view>

            <wrap>false</wrap>

            <editable>true</editable>
</attribute>
</attributes>

</entity>
