<?xml version="1.0" encoding="UTF-8"?>
<entity><name>MaeClienTarje</name><package>es.indra.belcorp.mso</package><table>MAE_CLIEN_TARJE</table><keyGenerator>MAE_CTAR_SEQ</keyGenerator><attributes><attribute><name>id</name><sqlName>OID_CLIE_TARJ</sqlName><primaryKey>true</primaryKey><className>java.lang.Long</className><size>12</size><required>true</required><search>false</search><list>false</list><view>false</view><modify>false</modify><insert>false</insert></attribute><attribute><name>clieOidClie</name><sqlName>CLIE_OID_CLIE</sqlName><className>es.indra.belcorp.mso.MaeClien</className><size>12</size><widget><type>combo</type><text>id</text></widget><required>true</required><search>true</search><list>true</list></attribute><attribute><name>titrOidTipoTarj</name><sqlName>TITR_OID_TIPO_TARJ</sqlName><className>es.indra.belcorp.mso.MaeTipoTarje</className><size>12</size><widget><type>combo</type><text>id</text></widget><required>true</required><search>true</search><list>true</list></attribute><attribute><name>cltaOidClasTarj</name><sqlName>CLTA_OID_CLAS_TARJ</sqlName><className>es.indra.belcorp.mso.MaeClaseTarje</className><size>12</size><widget><type>combo</type><text>id</text></widget><required>false</required><search>true</search><list>true</list></attribute><attribute><name>cbanOidBanc</name><sqlName>CBAN_OID_BANC</sqlName><className>es.indra.belcorp.mso.CccBanco</className><size>12</size><widget><type>combo</type><text>id</text></widget><required>false</required><search>true</search><list>true</list></attribute></attributes></entity>
