<?xml version="1.0" encoding="UTF-8"?>
<entity xmlns:xsi="http://www.w3.org/2001/XMLSchema-instance" 
	xsi:noNamespaceSchemaLocation="C:/mmg/resources/schemas/entity.xsd">
    <name>MaeClasiView</name>

    <package>es.indra.belcorp.mso</package>

    <table>MAE_CLASI</table>

    <keyGenerator>MAE_CLAS_SEQ</keyGenerator>

    <attributes>
        <attribute>
            <name>id</name>

            <sqlName>OID_CLAS</sqlName>

            <primaryKey>true</primaryKey>

            <className>java.lang.Long</className>

            <size>12</size>

            <required>true</required>

            <search>false</search>

            <list>false</list>

            <view>false</view>

            <modify>false</modify>

            <insert>false</insert>

            <order>1</order>
</attribute>

        <attribute>
            <name>tcclOidTipoClas</name>

            <sqlName>TCCL_OID_TIPO_CLAS</sqlName>

            <className>es.indra.belcorp.mso.MaeTipoClasiClien</className>

            <size>12</size>

            <widget>
                <type>combo</type>

                <text>id</text>
</widget>

            <required>true</required>

            <search>true</search>

            <list>true</list>

            <order>2</order>

            <insert>true</insert>

            <modify>true</modify>

            <view>true</view>

            <wrap>true</wrap>

            <editable>false</editable>
</attribute>

        <attribute>
            <name>codClas</name>

            <sqlName>COD_CLAS</sqlName>

            <className>java.lang.String</className>

            <size>2</size>

            <required>true</required>

            <search>true</search>

            <list>true</list>

            <order>3</order>

            <modify>true</modify>

            <insert>true</insert>

            <view>true</view>

            <wrap>false</wrap>

            <uppercase>true</uppercase>

            <editable>false</editable>
</attribute>

        <attribute>
            <name>Descripcion</name>

            <className>java.lang.String</className>

            <size>40</size>

            <required>true</required>

            <order>4</order>

            <search>true</search>

            <list>true</list>

            <orderBy>1</orderBy>

            <localizationOrder>1</localizationOrder>

            <modify>true</modify>

            <insert>true</insert>

            <view>true</view>

            <widget>
                <type>textField</type>
</widget>

            <wrap>false</wrap>

            <editable>true</editable>

            <choice>true</choice>
</attribute>
</attributes>

</entity>
