<?xml version="1.0" encoding="UTF-8"?>
<entity><name>MaeConfiCampo</name><package>es.indra.belcorp.mso</package><table>MAE_CONFI_CAMPO</table><keyGenerator>MAE_COCA_SEQ</keyGenerator><attributes><attribute><name>id</name><sqlName>OID_CONF_CAMP</sqlName><primaryKey>true</primaryKey><className>java.lang.Long</className><size>12</size><required>true</required><search>false</search><list>false</list><view>false</view><modify>false</modify><insert>false</insert></attribute><attribute><name>paisOidPais</name><sqlName>PAIS_OID_PAIS</sqlName><className>es.indra.belcorp.mso.SegPais</className><size>12</size><widget><type>combo</type><text>id</text></widget><required>true</required><search>true</search><list>true</list></attribute><attribute><name>sbtiOidSubtClie</name><sqlName>SBTI_OID_SUBT_CLIE</sqlName><className>es.indra.belcorp.mso.MaeSubtiClien</className><size>12</size><widget><type>combo</type><text>id</text></widget><required>false</required><search>true</search><list>true</list></attribute><attribute><name>atreOidAtriEspe</name><sqlName>ATRE_OID_ATRI_ESPE</sqlName><className>es.indra.belcorp.mso.PedAtribEspec</className><size>12</size><widget><type>combo</type><text>id</text></widget><required>true</required><search>true</search><list>true</list></attribute><attribute><name>valDefe</name><sqlName>VAL_DEFE</sqlName><className>java.lang.String</className><size>40</size><required>false</required><search>true</search><list>true</list></attribute><attribute><name>indObli</name><sqlName>IND_OBLI</sqlName><className>java.lang.Long</className><size>1</size><required>true</required><search>true</search><list>true</list></attribute><attribute><name>indModi</name><sqlName>IND_MODI</sqlName><className>java.lang.Long</className><size>1</size><required>true</required><search>true</search><list>true</list></attribute></attributes></entity>
