<?xml version="1.0" encoding="UTF-8"?>
<entity><name>MaeClienProbl</name><package>es.indra.belcorp.mso</package><table>MAE_CLIEN_PROBL</table><keyGenerator>MAE_CLPB_SEQ</keyGenerator><attributes><attribute><name>id</name><sqlName>OID_CLIE_PROB</sqlName><primaryKey>true</primaryKey><className>java.lang.Long</className><size>12</size><required>true</required><search>false</search><list>false</list><view>false</view><modify>false</modify><insert>false</insert></attribute><attribute><name>clieOidClie</name><sqlName>CLIE_OID_CLIE</sqlName><className>es.indra.belcorp.mso.MaeClien</className><size>12</size><widget><type>combo</type><text>id</text></widget><required>true</required><search>true</search><list>true</list></attribute><attribute><name>tipbOidTipoProb</name><sqlName>TIPB_OID_TIPO_PROB</sqlName><className>es.indra.belcorp.mso.MaeTipoProbl</className><size>12</size><widget><type>combo</type><text>id</text></widget><required>true</required><search>true</search><list>true</list></attribute><attribute><name>valNegoProd</name><sqlName>VAL_NEGO_PROD</sqlName><className>java.lang.String</className><size>50</size><required>false</required><search>true</search><list>true</list></attribute><attribute><name>desProb</name><sqlName>DES_PROB</sqlName><className>java.lang.String</className><size>100</size><required>false</required><search>true</search><list>true</list></attribute><attribute><name>tsocOidTipoSolu</name><sqlName>TSOC_OID_TIPO_SOLU</sqlName><className>es.indra.belcorp.mso.MaeTipoSoluc</className><size>12</size><widget><type>combo</type><text>id</text></widget><required>false</required><search>true</search><list>true</list></attribute><attribute><name>desSolu</name><sqlName>DES_SOLU</sqlName><className>java.lang.String</className><size>50</size><required>false</required><search>true</search><list>true</list></attribute><attribute><name>indSolu</name><sqlName>IND_SOLU</sqlName><className>java.lang.Long</className><size>1</size><required>true</required><search>true</search><list>true</list></attribute></attributes></entity>
