<?xml version="1.0" encoding="UTF-8"?>
<entity><name>MaeClienIdent</name><package>es.indra.belcorp.mso</package><table>MAE_CLIEN_IDENT</table><keyGenerator>MAE_CLID_SEQ</keyGenerator><attributes><attribute><name>id</name><sqlName>OID_CLIE_IDEN</sqlName><primaryKey>true</primaryKey><className>java.lang.Long</className><size>12</size><required>true</required><search>false</search><list>false</list><view>false</view><modify>false</modify><insert>false</insert></attribute><attribute><name>tdocOidTipoDocu</name><sqlName>TDOC_OID_TIPO_DOCU</sqlName><className>es.indra.belcorp.mso.MaeTipoDocum</className><size>12</size><widget><type>combo</type><text>id</text></widget><required>true</required><search>true</search><list>true</list></attribute><attribute><name>clieOidClie</name><sqlName>CLIE_OID_CLIE</sqlName><className>es.indra.belcorp.mso.MaeClien</className><size>12</size><widget><type>combo</type><text>id</text></widget><required>true</required><search>true</search><list>true</list></attribute><attribute><name>numDocuIden</name><sqlName>NUM_DOCU_IDEN</sqlName><className>java.lang.String</className><size>30</size><required>true</required><search>true</search><list>true</list></attribute><attribute><name>valIdenDocuPrin</name><sqlName>VAL_IDEN_DOCU_PRIN</sqlName><className>java.lang.Long</className><size>1</size><required>true</required><search>true</search><list>true</list></attribute><attribute><name>valIdenPersEmpr</name><sqlName>VAL_IDEN_PERS_EMPR</sqlName><className>java.lang.String</className><size>1</size><required>false</required><search>true</search><list>true</list></attribute></attributes></entity>
