<?xml version="1.0" encoding="UTF-8"?>
<entity><name>MaeClienMarca</name><package>es.indra.belcorp.mso</package><table>MAE_CLIEN_MARCA</table><keyGenerator>MAE_CLMR_SEQ</keyGenerator><attributes><attribute><name>id</name><sqlName>OID_CLIE_MARC</sqlName><primaryKey>true</primaryKey><className>java.lang.Long</className><size>12</size><required>true</required><search>false</search><list>false</list><view>false</view><modify>false</modify><insert>false</insert></attribute><attribute><name>clieOidClie</name><sqlName>CLIE_OID_CLIE</sqlName><className>es.indra.belcorp.mso.MaeClien</className><size>12</size><widget><type>combo</type><text>id</text></widget><required>true</required><search>true</search><list>true</list></attribute><attribute><name>marcOidMarc</name><sqlName>MARC_OID_MARC</sqlName><className>es.indra.belcorp.mso.SegMarca</className><size>12</size><widget><type>combo</type><text>id</text></widget><required>true</required><search>true</search><list>true</list></attribute><attribute><name>indPpal</name><sqlName>IND_PPAL</sqlName><className>java.lang.Long</className><size>1</size><required>true</required><search>true</search><list>true</list></attribute></attributes></entity>
