<?xml version="1.0" encoding="UTF-8"?>
<entity><name>MaeContrImpreFichaInscr</name><package>es.indra.belcorp.mso</package><table>MAE_CONTR_IMPRE_FICHA_INSCR</table><keyGenerator>MAE_CIFI_SEQ</keyGenerator><attributes><attribute><name>id</name><sqlName>OID_CTRL_IMPR</sqlName><primaryKey>true</primaryKey><className>java.lang.Long</className><size>12</size><required>true</required><search>false</search><list>false</list><view>false</view><modify>false</modify><insert>false</insert></attribute><attribute><name>clieOidClie</name><sqlName>CLIE_OID_CLIE</sqlName><className>es.indra.belcorp.mso.MaeClien</className><size>12</size><widget><type>combo</type><text>id</text></widget><required>true</required><search>true</search><list>true</list></attribute><attribute><name>numImpr</name><sqlName>NUM_IMPR</sqlName><className>java.lang.Long</className><size>3</size><required>true</required><search>true</search><list>true</list></attribute><attribute><name>valMoti</name><sqlName>VAL_MOTI</sqlName><className>java.lang.String</className><size>50</size><required>false</required><search>true</search><list>true</list></attribute></attributes></entity>
