<?xml version="1.0" encoding="UTF-8"?>
<entity><name>MaeClienHistoEstat</name><package>es.indra.belcorp.mso</package><table>MAE_CLIEN_HISTO_ESTAT</table><keyGenerator>MAE_CLHE_SEQ</keyGenerator><attributes><attribute><name>id</name><sqlName>OID_HIST_ESTA</sqlName><primaryKey>true</primaryKey><className>java.lang.Long</className><size>12</size><required>true</required><search>false</search><list>false</list><view>false</view><modify>false</modify><insert>false</insert></attribute><attribute><name>perdOidPeri</name><sqlName>PERD_OID_PERI</sqlName><className>es.indra.belcorp.mso.CraPerio</className><size>12</size><widget><type>combo</type><text>id</text></widget><required>true</required><search>true</search><list>true</list></attribute><attribute><name>clieOidClie</name><sqlName>CLIE_OID_CLIE</sqlName><className>es.indra.belcorp.mso.MaeClien</className><size>12</size><widget><type>combo</type><text>id</text></widget><required>true</required><search>true</search><list>true</list></attribute><attribute><name>perdOidPeriPeriFin</name><sqlName>PERD_OID_PERI_PERI_FIN</sqlName><className>es.indra.belcorp.mso.CraPerio</className><size>12</size><widget><type>combo</type><text>id</text></widget><required>false</required><search>true</search><list>true</list></attribute><attribute><name>estaOidEstaClie</name><sqlName>ESTA_OID_ESTA_CLIE</sqlName><className>es.indra.belcorp.mso.MaeEstatClien</className><size>12</size><widget><type>combo</type><text>id</text></widget><required>false</required><search>true</search><list>true</list></attribute></attributes></entity>
