<?xml version="1.0" encoding="UTF-8"?>
<entity><name>MaeClienVincu</name><package>es.indra.belcorp.mso</package><table>MAE_CLIEN_VINCU</table><keyGenerator>MAE_CVIN_SEQ</keyGenerator><attributes><attribute><name>id</name><sqlName>OID_CLIE_VINC</sqlName><primaryKey>true</primaryKey><className>java.lang.Long</className><size>12</size><required>true</required><search>false</search><list>false</list><view>false</view><modify>false</modify><insert>false</insert></attribute><attribute><name>fecDesd</name><sqlName>FEC_DESD</sqlName><className>java.sql.Date</className><size>7</size><required>false</required><search>true</search><list>true</list></attribute><attribute><name>fecHast</name><sqlName>FEC_HAST</sqlName><className>java.sql.Date</className><size>7</size><required>false</required><search>true</search><list>true</list></attribute><attribute><name>clieOidClieVnte</name><sqlName>CLIE_OID_CLIE_VNTE</sqlName><className>es.indra.belcorp.mso.MaeClien</className><size>12</size><widget><type>combo</type><text>id</text></widget><required>true</required><search>true</search><list>true</list></attribute><attribute><name>clieOidClieVndo</name><sqlName>CLIE_OID_CLIE_VNDO</sqlName><className>es.indra.belcorp.mso.MaeClien</className><size>12</size><widget><type>combo</type><text>id</text></widget><required>true</required><search>true</search><list>true</list></attribute><attribute><name>tivcOidTipoVinc</name><sqlName>TIVC_OID_TIPO_VINC</sqlName><className>es.indra.belcorp.mso.MaeTipoVincu</className><size>12</size><widget><type>combo</type><text>id</text></widget><required>true</required><search>true</search><list>true</list></attribute><attribute><name>indVincPpal</name><sqlName>IND_VINC_PPAL</sqlName><className>java.lang.Long</className><size>1</size><required>false</required><search>true</search><list>true</list></attribute></attributes></entity>
