<?xml version="1.0" encoding="UTF-8"?>
<entity><name>MaeClienClasi</name><package>es.indra.belcorp.mso</package><table>MAE_CLIEN_CLASI</table><keyGenerator>MAE_CLCL_SEQ</keyGenerator><attributes><attribute><name>id</name><sqlName>OID_CLIE_CLAS</sqlName><primaryKey>true</primaryKey><className>java.lang.Long</className><size>12</size><required>true</required><search>false</search><list>false</list><view>false</view><modify>false</modify><insert>false</insert></attribute><attribute><name>ctsuOidClieTipoSubt</name><sqlName>CTSU_OID_CLIE_TIPO_SUBT</sqlName><className>es.indra.belcorp.mso.MaeClienTipoSubti</className><size>12</size><widget><type>combo</type><text>id</text></widget><required>true</required><search>true</search><list>true</list></attribute><attribute><name>clasOidClas</name><sqlName>CLAS_OID_CLAS</sqlName><className>es.indra.belcorp.mso.MaeClasi</className><size>12</size><widget><type>combo</type><text>id</text></widget><required>true</required><search>true</search><list>true</list></attribute><attribute><name>perdOidPeri</name><sqlName>PERD_OID_PERI</sqlName><className>es.indra.belcorp.mso.CraPerio</className><size>12</size><widget><type>combo</type><text>id</text></widget><required>true</required><search>true</search><list>true</list></attribute><attribute><name>tcclOidTipoClasi</name><sqlName>TCCL_OID_TIPO_CLASI</sqlName><className>es.indra.belcorp.mso.MaeTipoClasiClien</className><size>12</size><widget><type>combo</type><text>id</text></widget><required>true</required><search>true</search><list>true</list></attribute><attribute><name>fecClas</name><sqlName>FEC_CLAS</sqlName><className>java.sql.Date</className><size>7</size><required>false</required><search>true</search><list>true</list></attribute><attribute><name>indPpal</name><sqlName>IND_PPAL</sqlName><className>java.lang.Long</className><size>1</size><required>true</required><search>true</search><list>true</list></attribute></attributes></entity>
