<?xml version="1.0" encoding="UTF-8"?>
<entity><name>MaeClienUnidaAdmin</name><package>es.indra.belcorp.mso</package><table>MAE_CLIEN_UNIDA_ADMIN</table><keyGenerator>MAE_CUAD_SEQ</keyGenerator><attributes><attribute><name>id</name><sqlName>OID_CLIE_UNID_ADMI</sqlName><primaryKey>true</primaryKey><className>java.lang.Long</className><size>12</size><required>true</required><search>false</search><list>false</list><view>false</view><modify>false</modify><insert>false</insert></attribute><attribute><name>clieOidClie</name><sqlName>CLIE_OID_CLIE</sqlName><className>es.indra.belcorp.mso.MaeClien</className><size>12</size><widget><type>combo</type><text>id</text></widget><required>true</required><search>true</search><list>true</list></attribute><attribute><name>perdOidPeriIni</name><sqlName>PERD_OID_PERI_INI</sqlName><className>es.indra.belcorp.mso.CraPerio</className><size>12</size><widget><type>combo</type><text>id</text></widget><required>true</required><search>true</search><list>true</list></attribute><attribute><name>perdOidPeriFin</name><sqlName>PERD_OID_PERI_FIN</sqlName><className>es.indra.belcorp.mso.CraPerio</className><size>12</size><widget><type>combo</type><text>id</text></widget><required>false</required><search>true</search><list>true</list></attribute><attribute><name>ztadOidTerrAdmi</name><sqlName>ZTAD_OID_TERR_ADMI</sqlName><className>es.indra.belcorp.mso.ZonTerriAdmin</className><size>12</size><widget><type>combo</type><text>id</text></widget><required>true</required><search>true</search><list>true</list></attribute><attribute><name>indActi</name><sqlName>IND_ACTI</sqlName><className>java.lang.Long</className><size>1</size><required>true</required><search>true</search><list>true</list></attribute></attributes></entity>
