<?xml version="1.0" encoding="UTF-8"?>
<entity><name>MaeClienObser</name><package>es.indra.belcorp.mso</package><table>MAE_CLIEN_OBSER</table><keyGenerator>MAE_CLOB_SEQ</keyGenerator><attributes><attribute><name>id</name><sqlName>OID_OBSE</sqlName><primaryKey>true</primaryKey><className>java.lang.Long</className><size>12</size><required>true</required><search>false</search><list>false</list><view>false</view><modify>false</modify><insert>false</insert></attribute><attribute><name>marcOidMarc</name><sqlName>MARC_OID_MARC</sqlName><className>es.indra.belcorp.mso.SegMarca</className><size>12</size><widget><type>combo</type><text>id</text></widget><required>true</required><search>true</search><list>true</list></attribute><attribute><name>clieOidClie</name><sqlName>CLIE_OID_CLIE</sqlName><className>es.indra.belcorp.mso.MaeClien</className><size>12</size><widget><type>combo</type><text>id</text></widget><required>true</required><search>true</search><list>true</list></attribute><attribute><name>numObse</name><sqlName>NUM_OBSE</sqlName><className>java.lang.Long</className><size>5</size><required>true</required><search>true</search><list>true</list></attribute><attribute><name>valText</name><sqlName>VAL_TEXT</sqlName><className>java.lang.String</className><size>200</size><required>true</required><search>true</search><list>true</list></attribute></attributes></entity>
