<?xml version="1.0" encoding="UTF-8"?>
<entity><name>MaeClienPrefe</name><package>es.indra.belcorp.mso</package><table>MAE_CLIEN_PREFE</table><keyGenerator>MAE_CLPR_SEQ</keyGenerator><attributes><attribute><name>id</name><sqlName>OID_CLIE_PREF</sqlName><primaryKey>true</primaryKey><className>java.lang.Long</className><size>12</size><required>true</required><search>false</search><list>false</list><view>false</view><modify>false</modify><insert>false</insert></attribute><attribute><name>clieOidClie</name><sqlName>CLIE_OID_CLIE</sqlName><className>es.indra.belcorp.mso.MaeClien</className><size>12</size><widget><type>combo</type><text>id</text></widget><required>true</required><search>true</search><list>true</list></attribute><attribute><name>tipfOidTipoPref</name><sqlName>TIPF_OID_TIPO_PREF</sqlName><className>es.indra.belcorp.mso.MaeTipoPrefe</className><size>12</size><widget><type>combo</type><text>id</text></widget><required>true</required><search>true</search><list>true</list></attribute><attribute><name>desCliePref</name><sqlName>DES_CLIE_PREF</sqlName><className>java.lang.String</className><size>200</size><required>false</required><search>true</search><list>true</list></attribute></attributes></entity>
