<?xml version="1.0" encoding="UTF-8"?>
<entity xmlns:xsi="http://www.w3.org/2001/XMLSchema-instance" 
	xsi:noNamespaceSchemaLocation="C:/mmg/resources/schemas/entity.xsd">
    <name>MaeClien</name>

    <package>es.indra.belcorp.mso</package>

    <table>MAE_CLIEN</table>

    <keyGenerator>MAE_CLIE_SEQ</keyGenerator>

    <attributes>
        <attribute>
            <name>id</name>

            <sqlName>OID_CLIE</sqlName>

            <primaryKey>true</primaryKey>

            <className>java.lang.Long</className>

            <size>12</size>

            <required>true</required>

            <search>false</search>

            <list>false</list>

            <view>false</view>

            <modify>false</modify>

            <insert>false</insert>
</attribute>

        <attribute>
            <name>codClie</name>

            <sqlName>COD_CLIE</sqlName>

            <className>java.lang.String</className>

            <size>15</size>

            <required>true</required>

            <search>true</search>

            <list>true</list>

            <choice>true</choice>
</attribute>

        <attribute>
            <name>indFichInsc</name>

            <sqlName>IND_FICH_INSC</sqlName>

            <className>java.lang.Long</className>

            <size>1</size>

            <required>false</required>

            <search>true</search>

            <list>true</list>
</attribute>

        <attribute>
            <name>paisOidPais</name>

            <sqlName>PAIS_OID_PAIS</sqlName>

            <className>es.indra.belcorp.mso.SegPais</className>

            <size>12</size>

            <widget>
                <type>combo</type>

                <text>id</text>
</widget>

            <required>true</required>

            <search>true</search>

            <list>true</list>
</attribute>

        <attribute>
            <name>codDigiCtrl</name>

            <sqlName>COD_DIGI_CTRL</sqlName>

            <className>java.lang.String</className>

            <size>1</size>

            <required>false</required>

            <search>true</search>

            <list>true</list>
</attribute>

        <attribute>
            <name>valApe1</name>

            <sqlName>VAL_APE1</sqlName>

            <className>java.lang.String</className>

            <size>25</size>

            <required>false</required>

            <search>true</search>

            <list>true</list>
</attribute>

        <attribute>
            <name>valApe2</name>

            <sqlName>VAL_APE2</sqlName>

            <className>java.lang.String</className>

            <size>25</size>

            <required>false</required>

            <search>true</search>

            <list>true</list>
</attribute>

        <attribute>
            <name>valNom1</name>

            <sqlName>VAL_NOM1</sqlName>

            <className>java.lang.String</className>

            <size>25</size>

            <required>false</required>

            <search>true</search>

            <list>true</list>
</attribute>

        <attribute>
            <name>valNom2</name>

            <sqlName>VAL_NOM2</sqlName>

            <className>java.lang.String</className>

            <size>25</size>

            <required>false</required>

            <search>true</search>

            <list>true</list>
</attribute>

        <attribute>
            <name>valTrat</name>

            <sqlName>VAL_TRAT</sqlName>

            <className>java.lang.String</className>

            <size>1</size>

            <required>false</required>

            <search>true</search>

            <list>true</list>
</attribute>

        <attribute>
            <name>valCritBus1</name>

            <sqlName>VAL_CRIT_BUS1</sqlName>

            <className>java.lang.String</className>

            <size>50</size>

            <required>false</required>

            <search>true</search>

            <list>true</list>
</attribute>

        <attribute>
            <name>valCritBus2</name>

            <sqlName>VAL_CRIT_BUS2</sqlName>

            <className>java.lang.String</className>

            <size>50</size>

            <required>false</required>

            <search>true</search>

            <list>true</list>
</attribute>

        <attribute>
            <name>codSexo</name>

            <sqlName>COD_SEXO</sqlName>

            <className>java.lang.String</className>

            <size>1</size>

            <required>false</required>

            <search>true</search>

            <list>true</list>
</attribute>

        <attribute>
            <name>fecIngr</name>

            <sqlName>FEC_INGR</sqlName>

            <className>java.sql.Date</className>

            <size>7</size>

            <required>false</required>

            <search>true</search>

            <list>true</list>
</attribute>

        <attribute>
            <name>fopaOidFormPago</name>

            <sqlName>FOPA_OID_FORM_PAGO</sqlName>

            <className>es.indra.belcorp.mso.BelFormaPagoTapon</className>

            <size>12</size>

            <widget>
                <type>combo</type>

                <text>id</text>
</widget>

            <required>false</required>

            <search>true</search>

            <list>true</list>
</attribute>

        <attribute>
            <name>valApelCasa</name>

            <sqlName>VAL_APEL_CASA</sqlName>

            <className>java.lang.String</className>

            <size>25</size>

            <required>false</required>

            <search>true</search>

            <list>true</list>
</attribute>
</attributes>

</entity>
