<?xml version="1.0" encoding="UTF-8"?>
<entity xmlns:xsi="http://www.w3.org/2001/XMLSchema-instance" 
	xsi:noNamespaceSchemaLocation="C:/mmg/resources/schemas/entity.xsd">
    <name>MaeCodigClienAnter</name>

    <package>es.indra.belcorp.mso</package>

    <table>MAE_CODIG_CLIEN_ANTER</table>

    <keyGenerator>MAE_CCLA_SEQ</keyGenerator>

    <attributes>
        <attribute>
            <name>id</name>

            <sqlName>OID_CODI_CLIE_ANTE</sqlName>

            <primaryKey>true</primaryKey>

            <className>java.lang.Long</className>

            <size>12</size>

            <required>true</required>

            <search>false</search>

            <list>false</list>

            <view>false</view>

            <modify>false</modify>

            <insert>false</insert>

            <order>1</order>
</attribute>

        <attribute>
            <name>clieOidClieNuev</name>

            <sqlName>CLIE_OID_CLIE_NUEV</sqlName>

            <className>es.indra.belcorp.mso.MaeClien</className>

            <size>12</size>

            <widget>
                <type>combo</type>

                <text>id</text>
</widget>

            <required>true</required>

            <search>true</search>

            <list>true</list>

            <order>2</order>

            <modify>true</modify>

            <editable>false</editable>

            <wrap>false</wrap>

            <view>true</view>

            <dependency>true</dependency>
</attribute>

        <attribute>
            <name>codClieAnti</name>

            <sqlName>COD_CLIE_ANTI</sqlName>

            <className>java.lang.String</className>

            <size>15</size>

            <required>true</required>

            <search>true</search>

            <list>true</list>

            <order>3</order>

            <modify>true</modify>

            <editable>true</editable>

            <wrap>false</wrap>

            <view>true</view>

            <uppercase>true</uppercase>
</attribute>

        <attribute>
            <name>valSistProc</name>

            <sqlName>VAL_SIST_PROC</sqlName>

            <className>java.lang.String</className>

            <size>40</size>

            <required>false</required>

            <search>true</search>

            <list>true</list>

            <modify>true</modify>

            <editable>true</editable>

            <view>true</view>

            <wrap>false</wrap>

            <order>5</order>

            <uppercase>true</uppercase>
</attribute>

        <attribute>
            <name>paisOidPais</name>

            <sqlName>PAIS_OID_PAIS</sqlName>

            <className>es.indra.belcorp.mso.SegPaisView</className>

            <size>12</size>

            <widget>
                <type>combo</type>

                <text>id</text>
</widget>

            <required>true</required>

            <search>true</search>

            <list>true</list>

            <modify>true</modify>

            <editable>true</editable>

            <view>true</view>

            <wrap>false</wrap>

            <order>4</order>

            <dependency>true</dependency>
</attribute>
</attributes>

</entity>
