<?xml version="1.0" encoding="UTF-8"?>
<entity xmlns:xsi="http://www.w3.org/2001/XMLSchema-instance" 
	xsi:noNamespaceSchemaLocation="C:/mmg/resources/schemas/entity.xsd">
    <name>MaeExencFlete</name>

    <package>es.indra.belcorp.mso</package>

    <table>MAE_EXENC_FLETE</table>

    <keyGenerator>MAE_EXFL_SEQ</keyGenerator>

    <attributes>
        <attribute>
            <name>id</name>

            <sqlName>OID_EXEN_FLET</sqlName>

            <primaryKey>true</primaryKey>

            <className>java.lang.Long</className>

            <size>12</size>

            <required>true</required>

            <search>false</search>

            <list>false</list>

            <view>false</view>

            <modify>false</modify>

            <insert>false</insert>

            <order>1</order>
</attribute>

        <attribute>
            <name>paisOidPais</name>

            <sqlName>PAIS_OID_PAIS</sqlName>

            <className>es.indra.belcorp.mso.SegPaisView</className>

            <size>12</size>

            <widget>
                <type>combo</type>

                <text>id</text>
</widget>

            <required>true</required>

            <search>false</search>

            <list>false</list>

            <insert>false</insert>

            <modify>false</modify>

            <view>false</view>

            <order>2</order>

            <wrap>false</wrap>
</attribute>

        <attribute>
            <name>clasOidClas</name>

            <sqlName>CLAS_OID_CLAS</sqlName>

            <className>es.indra.belcorp.mso.MaeClasiView</className>

            <size>12</size>

            <widget>
                <type>combo</type>

                <text>id</text>
</widget>

            <required>false</required>

            <search>true</search>

            <list>true</list>

            <order>6</order>

            <insert>true</insert>

            <modify>true</modify>

            <editable>true</editable>

            <view>true</view>

            <wrap>false</wrap>

            <dependency>true</dependency>
</attribute>

        <attribute>
            <name>indExenFlet</name>

            <sqlName>IND_EXEN_FLET</sqlName>

            <className>java.lang.String</className>

            <size>1</size>

            <required>true</required>

            <search>true</search>

            <list>true</list>

            <order>7</order>

            <insert>true</insert>

            <modify>true</modify>

            <editable>true</editable>

            <view>true</view>

            <wrap>false</wrap>

            <widget>
                <type>radioButton</type>

                <options>
                    <option>
                        <value>1</value>

                        <text>Activo</text>
</option>

                    <option>
                        <value>0</value>

                        <text>Inactivo</text>
</option>
</options>
</widget>
</attribute>

        <attribute>
            <name>sbtiOidSubtClie</name>

            <sqlName>SBTI_OID_SUBT_CLIE</sqlName>

            <className>es.indra.belcorp.mso.MaeSubtiClienView</className>

            <size>12</size>

            <widget>
                <type>combo</type>

                <text>id</text>
</widget>

            <required>false</required>

            <search>true</search>

            <list>true</list>

            <insert>true</insert>

            <modify>true</modify>

            <view>true</view>

            <order>4</order>

            <dependency>true</dependency>

            <editable>false</editable>

            <wrap>true</wrap>
</attribute>

        <attribute>
            <name>ticlOidTipoClie</name>

            <sqlName>TICL_OID_TIPO_CLIE</sqlName>

            <className>es.indra.belcorp.mso.MaeTipoClien</className>

            <size>12</size>

            <widget>
                <type>combo</type>

                <text>id</text>
</widget>

            <required>true</required>

            <search>true</search>

            <list>true</list>

            <order>3</order>

            <insert>true</insert>

            <view>true</view>

            <wrap>false</wrap>

            <dependency>true</dependency>

            <editable>false</editable>

            <modify>true</modify>
</attribute>

        <attribute>
            <name>tcclOidTipoClas</name>

            <sqlName>TCCL_OID_TIPO_CLAS</sqlName>

            <className>es.indra.belcorp.mso.MaeTipoClasiClienView</className>

            <size>12</size>

            <widget>
                <type>combo</type>

                <text>id</text>
</widget>

            <required>false</required>

            <search>true</search>

            <list>true</list>

            <order>5</order>

            <insert>true</insert>

            <modify>true</modify>

            <editable>false</editable>

            <view>true</view>

            <wrap>false</wrap>

            <dependency>true</dependency>
</attribute>
</attributes>

    <actions>
        <action>
            <side>client</side>

            <scope>precreate</scope>

            <code>SegPaisViewData paisOculto = new SegPaisViewData();paisOculto.setId(new Long(MMGDruidaHelper.getUserDefaultCountry(this)));maeExencFlete.setPaisOidPais(paisOculto);</code>
</action>

        <action>
            <side>client</side>

            <scope>postcreate</scope>

            <code>SegPaisViewData paisOculto = new SegPaisViewData();paisOculto.setId(new Long(MMGDruidaHelper.getUserDefaultCountry(this)));maeExencFlete.setPaisOidPais(paisOculto);</code>
</action>

        <action>
            <side>client</side>

            <scope>preupdate</scope>

            <code>SegPaisViewData paisOculto = new SegPaisViewData();paisOculto.setId(new Long(MMGDruidaHelper.getUserDefaultCountry(this)));maeExencFlete.setPaisOidPais(paisOculto);</code>
</action>

        <action>
            <side>client</side>

            <scope>postupdate</scope>

            <code>SegPaisViewData paisOculto = new SegPaisViewData();paisOculto.setId(new Long(MMGDruidaHelper.getUserDefaultCountry(this)));maeExencFlete.setPaisOidPais(paisOculto);</code>
</action>

        <action>
            <side>client</side>

            <scope>prequery</scope>

            <code>SegPaisViewData paisOculto = new SegPaisViewData();paisOculto.setId(new Long(MMGDruidaHelper.getUserDefaultCountry(this)));maeExencFleteFrom.setPaisOidPais(paisOculto);maeExencFleteTo.setPaisOidPais((SegPaisViewData)paisOculto.clone());</code>
</action>

        <action>
            <side>client</side>

            <scope>postquery</scope>

            <code>SegPaisViewData paisOculto = new SegPaisViewData();paisOculto.setId(new Long(MMGDruidaHelper.getUserDefaultCountry(this)));maeExencFleteFrom.setPaisOidPais(paisOculto);maeExencFleteTo.setPaisOidPais((SegPaisViewData)paisOculto.clone());</code>
</action>
</actions>

</entity>
