<?xml version="1.0" encoding="UTF-8"?>
<entity xmlns:xsi="http://www.w3.org/2001/XMLSchema-instance" 
	xsi:noNamespaceSchemaLocation="C:/mmg/resources/schemas/entity.xsd">
    <name>MaeEncueAplicClien</name>

    <package>es.indra.belcorp.mso</package>

    <table>MAE_ENCUE_APLIC_CLIEN</table>

    <keyGenerator>MAE_EACL_SEQ</keyGenerator>

    <attributes>
        <attribute>
            <name>id</name>

            <sqlName>OID_ENCU_APLI_CLIE</sqlName>

            <primaryKey>true</primaryKey>

            <className>java.lang.Long</className>

            <size>12</size>

            <required>true</required>

            <search>false</search>

            <list>false</list>

            <view>false</view>

            <modify>false</modify>

            <insert>false</insert>

            <order>1</order>
</attribute>

        <attribute>
            <name>clieOidClie</name>

            <sqlName>CLIE_OID_CLIE</sqlName>

            <className>es.indra.belcorp.mso.MaeClien</className>

            <size>12</size>

            <widget>
                <type>combo</type>

                <text>id</text>
</widget>

            <required>true</required>

            <search>true</search>

            <list>true</list>

            <order>2</order>

            <modify>true</modify>

            <editable>false</editable>

            <wrap>false</wrap>

            <dependency>true</dependency>
</attribute>

        <attribute>
            <name>reenOidResp</name>

            <sqlName>REEN_OID_RESP</sqlName>

            <className>es.indra.belcorp.mso.MaeRespuEncueView</className>

            <size>12</size>

            <widget>
                <type>combo</type>

                <text>id</text>
</widget>

            <required>true</required>

            <search>true</search>

            <list>true</list>

            <dependency>true</dependency>

            <modify>true</modify>

            <view>true</view>

            <wrap>false</wrap>

            <order>4</order>
</attribute>
</attributes>

</entity>
