<?xml version="1.0" encoding="UTF-8"?>
<entity xmlns:xsi="http://www.w3.org/2001/XMLSchema-instance" 
	xsi:noNamespaceSchemaLocation="C:/mmg/resources/schemas/entity.xsd">
    <name>MaeEncueNseView</name>

    <package>es.indra.belcorp.mso</package>

    <table>MAE_ENCUE_NSE</table>

    <keyGenerator>MAE_ENSE_SEQ</keyGenerator>

    <attributes>
        <attribute>
            <name>id</name>

            <sqlName>OID_ENCU</sqlName>

            <primaryKey>true</primaryKey>

            <className>java.lang.Long</className>

            <size>12</size>

            <required>true</required>

            <search>false</search>

            <list>false</list>

            <view>false</view>

            <modify>false</modify>

            <insert>false</insert>

            <order>1</order>
</attribute>

        <attribute>
            <name>paisOidPais</name>

            <sqlName>PAIS_OID_PAIS</sqlName>

            <className>es.indra.belcorp.mso.SegPaisView</className>

            <size>12</size>

            <widget>
                <type>combo</type>

                <text>id</text>
</widget>

            <required>true</required>

            <search>false</search>

            <list>false</list>

            <insert>false</insert>

            <view>false</view>

            <wrap>false</wrap>

            <order>2</order>

            <modify>false</modify>
</attribute>

        <attribute>
            <name>codTipoEncu</name>

            <sqlName>COD_TIPO_ENCU</sqlName>

            <className>java.lang.String</className>

            <size>3</size>

            <required>true</required>

            <search>true</search>

            <list>true</list>

            <order>3</order>

            <modify>false</modify>

            <wrap>false</wrap>

            <view>true</view>
</attribute>

        <attribute>
            <name>marcOidMarc</name>

            <sqlName>MARC_OID_MARC</sqlName>

            <className>es.indra.belcorp.mso.SegMarca</className>

            <size>12</size>

            <widget>
                <type>combo</type>

                <text>id</text>
</widget>

            <required>true</required>

            <search>true</search>

            <list>true</list>

            <order>7</order>

            <view>true</view>

            <wrap>false</wrap>
</attribute>

   <attribute>
            <name>Descripcion</name>

            <className>java.lang.String</className>

            <choice>true</choice>

            <orderBy>1</orderBy>

            <localizationOrder>1</localizationOrder>

            <order>4</order>

            <size>40</size>

            <insert>true</insert>

            <modify>true</modify>

            <view>true</view>

            <list>true</list>

            <search>true</search>

            <required>true</required>

            <wrap>false</wrap>
</attribute>
</attributes>

</entity>
