<?xml version="1.0" encoding="UTF-8"?>
<entity><name>MaeHistoClasi</name><package>es.indra.belcorp.mso</package><table>MAE_HISTO_CLASI</table><keyGenerator>MAE_HTCL_SEQ</keyGenerator><attributes><attribute><name>id</name><sqlName>OID_HIST_CLAS</sqlName><primaryKey>true</primaryKey><className>java.lang.Long</className><size>12</size><required>true</required><search>false</search><list>false</list><view>false</view><modify>false</modify><insert>false</insert></attribute><attribute><name>clheOidHistEsta</name><sqlName>CLHE_OID_HIST_ESTA</sqlName><className>es.indra.belcorp.mso.MaeClienHistoEstat</className><size>12</size><widget><type>combo</type><text>id</text></widget><required>true</required><search>true</search><list>true</list></attribute><attribute><name>clasOidClas</name><sqlName>CLAS_OID_CLAS</sqlName><className>es.indra.belcorp.mso.MaeClasi</className><size>12</size><widget><type>combo</type><text>id</text></widget><required>true</required><search>true</search><list>true</list></attribute></attributes></entity>
