<?xml version="1.0" encoding="UTF-8"?>
<entity><name>MaeImpueUbige</name><package>es.indra.belcorp.mso</package><table>MAE_IMPUE_UBIGE</table><keyGenerator>MAE_IMUB_SEQ</keyGenerator><attributes><attribute><name>id</name><sqlName>OID_IMPU_UBIG</sqlName><primaryKey>true</primaryKey><className>java.lang.Long</className><size>12</size><required>true</required><search>false</search><list>false</list><view>false</view><modify>false</modify><insert>false</insert></attribute><attribute><name>prodOidProd</name><sqlName>PROD_OID_PROD</sqlName><className>es.indra.belcorp.mso.MaeProdu</className><size>12</size><widget><type>combo</type><text>id</text></widget><required>true</required><search>true</search><list>true</list></attribute><attribute><name>taimOidTasaImpu</name><sqlName>TAIM_OID_TASA_IMPU</sqlName><className>es.indra.belcorp.mso.PedTasaImpue</className><size>12</size><widget><type>combo</type><text>id</text></widget><required>false</required><search>true</search><list>true</list></attribute><attribute><name>sbacOidSbac</name><sqlName>SBAC_OID_SBAC</sqlName><className>es.indra.belcorp.mso.SegSubac</className><size>12</size><widget><type>combo</type><text>id</text></widget><required>true</required><search>true</search><list>true</list></attribute></attributes></entity>
