<?xml version="1.0" encoding="UTF-8"?>
<entity><name>MaeKitProdu</name><package>es.indra.belcorp.mso</package><table>MAE_KIT_PRODU</table><keyGenerator>MAE_KPRO_SEQ</keyGenerator><attributes><attribute><name>id</name><sqlName>OID_KIT_PROD</sqlName><primaryKey>true</primaryKey><className>java.lang.Long</className><size>12</size><required>true</required><search>false</search><list>false</list><view>false</view><modify>false</modify><insert>false</insert></attribute><attribute><name>prodOidProdKit</name><sqlName>PROD_OID_PROD_KIT</sqlName><className>es.indra.belcorp.mso.MaeProdu</className><size>12</size><widget><type>combo</type><text>id</text></widget><required>true</required><search>true</search><list>true</list></attribute><attribute><name>prodOidProd</name><sqlName>PROD_OID_PROD</sqlName><className>es.indra.belcorp.mso.MaeProdu</className><size>12</size><widget><type>combo</type><text>id</text></widget><required>true</required><search>true</search><list>true</list></attribute><attribute><name>numUnid</name><sqlName>NUM_UNID</sqlName><className>java.lang.Long</className><size>4</size><required>false</required><search>true</search><list>true</list></attribute></attributes></entity>
