<?xml version="1.0" encoding="UTF-8"?>
<entity xmlns:xsi="http://www.w3.org/2001/XMLSchema-instance" xsi:noNamespaceSchemaLocation="C:/mmg/resources/schemas/entity.xsd">
	<name>MaeParamClien</name>
	<package>es.indra.belcorp.mso</package>
	<table>MAE_PARAM_CLIEN</table>
	<keyGenerator>MAE_PACL_SEQ</keyGenerator>
	<attributes>
		<attribute>
			<name>id</name>
			<sqlName>OID_PARA_CLIE</sqlName>
			<primaryKey>true</primaryKey>
			<className>java.lang.Long</className>
			<size>12</size>
			<required>true</required>
			<search>false</search>
			<list>false</list>
			<view>false</view>
			<modify>false</modify>
			<insert>false</insert>
			<order>1</order>
		</attribute>
		<attribute>
			<name>paisOidPais</name>
			<sqlName>PAIS_OID_PAIS</sqlName>
			<className>es.indra.belcorp.mso.SegPaisView</className>
			<size>12</size>
			<widget>
				<type>combo</type>
				<text>id</text>
			</widget>
			<required>true</required>
			<search>false</search>
			<list>false</list>
			<insert>false</insert>
			<modify>false</modify>
			<view>false</view>
			<wrap>false</wrap>
			<order>2</order>
			<editable>false</editable>
		</attribute>
		<attribute>
			<name>codTipoAsig</name>
			<sqlName>COD_TIPO_ASIG</sqlName>
			<className>java.lang.String</className>
			<size>1</size>
			<required>true</required>
			<search>false</search>
			<list>true</list>
			<order>3</order>
			<view>true</view>
			<insert>true</insert>
			<widget>
				<type>combo</type>
				<options>
					<option>
						<value>M</value>
						<text>Manual</text>
					</option>
					<option>
						<value>A</value>
						<text>Automático</text>
					</option>
				</options>
			</widget>
			<uppercase>true</uppercase>
		</attribute>
	</attributes>
	<actions>
		<action>
			<side>client</side>
			<scope>precreate</scope>
			<code>
			<![CDATA[
				SegPaisViewData paisOculto = new SegPaisViewData();
				paisOculto.setId(new Long(MMGDruidaHelper.getUserDefaultCountry(this)));
				maeParamClien.setPaisOidPais(paisOculto);
			]]>
			</code>
		</action>
		<action>
			<side>client</side>
			<scope>postcreate</scope>
			<code>
			<![CDATA[
				SegPaisViewData paisOculto = new SegPaisViewData();
				paisOculto.setId(new Long(MMGDruidaHelper.getUserDefaultCountry(this)));
				maeParamClien.setPaisOidPais(paisOculto);
			]]>
			</code>
		</action>
		<action>
			<side>client</side>
			<scope>preupdate</scope>
			<code>
			<![CDATA[
				SegPaisViewData paisOculto = new SegPaisViewData();
				paisOculto.setId(new Long(MMGDruidaHelper.getUserDefaultCountry(this)));
				maeParamClien.setPaisOidPais(paisOculto);
			]]>
			</code>
		</action>
		<action>
			<side>client</side>
			<scope>postupdate</scope>
			<code>
			<![CDATA[
				SegPaisViewData paisOculto = new SegPaisViewData();
				paisOculto.setId(new Long(MMGDruidaHelper.getUserDefaultCountry(this)));
				maeParamClien.setPaisOidPais(paisOculto);
			]]>
			</code>
		</action>
		<action>
			<side>client</side>
			<scope>prequery</scope>
			<code>
			<![CDATA[
				SegPaisViewData paisOculto = new SegPaisViewData();
				paisOculto.setId(new Long(MMGDruidaHelper.getUserDefaultCountry(this)));
				maeParamClienFrom.setPaisOidPais(paisOculto);
				maeParamClienTo.setPaisOidPais((SegPaisViewData)paisOculto.clone());
			]]>
			</code>
		</action>
		<action>
			<side>client</side>
			<scope>postquery</scope>
			<code>
			<![CDATA[
				SegPaisViewData paisOculto = new SegPaisViewData();
				paisOculto.setId(new Long(MMGDruidaHelper.getUserDefaultCountry(this)));
				maeParamClienFrom.setPaisOidPais(paisOculto);
				maeParamClienTo.setPaisOidPais((SegPaisViewData)paisOculto.clone());
			]]>
			</code>
		</action>
	</actions>
</entity>
