<?xml version="1.0" encoding="UTF-8"?>
<entity><name>MaePesosModul11</name><package>es.indra.belcorp.mso</package><table>MAE_PESOS_MODUL_11</table><keyGenerator>MAE_PM11_SEQ</keyGenerator><attributes><attribute><name>id</name><sqlName>OID_PESO_MODU_11</sqlName><primaryKey>true</primaryKey><className>java.lang.Long</className><size>12</size><required>true</required><search>false</search><list>false</list><view>false</view><modify>false</modify><insert>false</insert></attribute><attribute><name>numPosi</name><sqlName>NUM_POSI</sqlName><className>java.lang.Long</className><size>2</size><required>true</required><search>true</search><list>true</list></attribute><attribute><name>valPesoApli</name><sqlName>VAL_PESO_APLI</sqlName><className>java.lang.Long</className><size>1</size><required>true</required><search>true</search><list>true</list></attribute></attributes></entity>
