<?xml version="1.0" encoding="UTF-8"?>
<entity><name>MaePsico</name><package>es.indra.belcorp.mso</package><table>MAE_PSICO</table><keyGenerator>MAE_PSIC_SEQ</keyGenerator><attributes><attribute><name>id</name><sqlName>OID_PSIC</sqlName><primaryKey>true</primaryKey><className>java.lang.Long</className><size>12</size><required>true</required><search>false</search><list>false</list><view>false</view><modify>false</modify><insert>false</insert></attribute><attribute><name>clieOidClie</name><sqlName>CLIE_OID_CLIE</sqlName><className>es.indra.belcorp.mso.MaeClien</className><size>12</size><widget><type>combo</type><text>id</text></widget><required>true</required><search>true</search><list>true</list></attribute><attribute><name>marcOidMarc</name><sqlName>MARC_OID_MARC</sqlName><className>es.indra.belcorp.mso.SegMarca</className><size>12</size><widget><type>combo</type><text>id</text></widget><required>true</required><search>true</search><list>true</list></attribute><attribute><name>tpoidTipoPerfPsic</name><sqlName>TPOID_TIPO_PERF_PSIC</sqlName><className>es.indra.belcorp.mso.MaeTipoPerfiPsico</className><size>12</size><widget><type>combo</type><text>id</text></widget><required>true</required><search>true</search><list>true</list></attribute><attribute><name>codTest</name><sqlName>COD_TEST</sqlName><className>java.lang.String</className><size>10</size><required>false</required><search>true</search><list>true</list></attribute><attribute><name>fecPsic</name><sqlName>FEC_PSIC</sqlName><className>java.sql.Date</className><size>7</size><required>false</required><search>true</search><list>true</list></attribute></attributes></entity>
