<?xml version="1.0" encoding="UTF-8"?>
<entity xmlns:xsi="http://www.w3.org/2001/XMLSchema-instance" 
	xsi:noNamespaceSchemaLocation="C:/mmg/resources/schemas/entity.xsd">
    <name>MaePreguEncue</name>

    <package>es.indra.belcorp.mso</package>

    <table>MAE_PREGU_ENCUE</table>

    <keyGenerator>MAE_PREN_SEQ</keyGenerator>

    <attributes>
        <attribute>
            <name>id</name>

            <sqlName>OID_PREG</sqlName>

            <primaryKey>true</primaryKey>

            <className>java.lang.Long</className>

            <size>12</size>

            <required>true</required>

            <search>false</search>

            <list>false</list>

            <view>false</view>

            <modify>false</modify>

            <insert>false</insert>

            <order>1</order>

</attribute>

        <attribute>
            <name>codPreg</name>

            <sqlName>COD_PREG</sqlName>

            <className>java.lang.String</className>

            <size>2</size>

            <required>true</required>

            <search>true</search>

            <list>true</list>

            <order>2</order>

            <uppercase>true</uppercase>

            <wrap>false</wrap>
</attribute>

        <attribute>
            <name>valPesoPreg</name>

            <sqlName>VAL_PESO_PREG</sqlName>

            <className>java.lang.Long</className>

            <size>2</size>

            <required>true</required>

            <search>true</search>

            <list>true</list>

            <order>3</order>

            <wrap>false</wrap>
</attribute>

        <attribute>
            <name>enseOidEncu</name>

            <sqlName>ENSE_OID_ENCU</sqlName>

            <className>es.indra.belcorp.mso.MaeEncueNseView</className>

            <size>12</size>

            <widget>
                <type>combo</type>

                <text>id</text>
</widget>

            <dependency>false</dependency>

            <required>true</required>

            <search>true</search>

            <list>true</list>

            <order>4</order>

            <wrap>false</wrap>
</attribute>

        <attribute>
            <name>Descripcion</name>

            <className>java.lang.String</className>

            <order>5</order>

            <localizationOrder>1</localizationOrder>

            <orderBy>1</orderBy>

            <modify>true</modify>

            <insert>true</insert>

            <search>true</search>

            <list>true</list>

            <view>true</view>

            <required>true</required>

            <wrap>false</wrap>

            <size>50</size>

<!--            <uppercase>true</uppercase>-->
</attribute>
</attributes>

</entity>
