<?xml version="1.0" encoding="UTF-8"?>
<entity xmlns:xsi="http://www.w3.org/2001/XMLSchema-instance" 
	xsi:noNamespaceSchemaLocation="C:/mmg/resources/schemas/entity.xsd">
	<name>MaeProdu</name>
	<package>es.indra.belcorp.mso</package>
	<table>MAE_PRODU</table>
	<keyGenerator>MAE_PROD_SEQ</keyGenerator>
	<attributes>
		<attribute>
			<name>id</name>
			<sqlName>OID_PROD</sqlName>
			<primaryKey>true</primaryKey>
			<className>java.lang.Long</className>
			<size>12</size>
			<required>true</required>
			<search>false</search>
			<list>false</list>
			<view>false</view>
			<modify>false</modify>
			<insert>false</insert>
		</attribute>
		<attribute>
			<name>paisOidPais</name>
			<sqlName>PAIS_OID_PAIS</sqlName>
			<className>es.indra.belcorp.mso.SegPais</className>
			<size>12</size>
			<widget>
				<type>combo</type>
				<text>id</text>
			</widget>
			<required>true</required>
			<search>true</search>
			<list>true</list>
		</attribute>
		<attribute>
			<name>codSap</name>
			<sqlName>COD_SAP</sqlName>
			<className>java.lang.String</className>
			<size>20</size>
			<required>true</required>
			<search>true</search>
			<list>true</list>
		</attribute>
		<attribute>
			<name>codiAnti</name>
			<sqlName>CODI_ANTI</sqlName>
			<className>java.lang.String</className>
			<size>18</size>
			<required>false</required>
			<search>true</search>
			<list>true</list>
		</attribute>
		<attribute>
			<name>desCort</name>
			<sqlName>DES_CORT</sqlName>
			<className>java.lang.String</className>
			<size>40</size>
			<required>false</required>
			<search>true</search>
			<list>true</list>
		</attribute>
		<attribute>
			<name>valJera1</name>
			<sqlName>VAL_JERA_1</sqlName>
			<className>java.lang.String</className>
			<size>3</size>
			<required>false</required>
			<search>true</search>
			<list>true</list>
		</attribute>
		<attribute>
			<name>valJera2</name>
			<sqlName>VAL_JERA_2</sqlName>
			<className>java.lang.String</className>
			<size>3</size>
			<required>false</required>
			<search>true</search>
			<list>true</list>
		</attribute>
		<attribute>
			<name>valJera3</name>
			<sqlName>VAL_JERA_3</sqlName>
			<className>java.lang.String</className>
			<size>3</size>
			<required>false</required>
			<search>true</search>
			<list>true</list>
		</attribute>
		<attribute>
			<name>valAtri1</name>
			<sqlName>VAL_ATRI_1</sqlName>
			<className>java.lang.String</className>
			<size>3</size>
			<required>false</required>
			<search>true</search>
			<list>true</list>
		</attribute>
		<attribute>
			<name>valAtri2</name>
			<sqlName>VAL_ATRI_2</sqlName>
			<className>java.lang.String</className>
			<size>4</size>
			<required>false</required>
			<search>true</search>
			<list>true</list>
		</attribute>
		<attribute>
			<name>valAtri3</name>
			<sqlName>VAL_ATRI_3</sqlName>
			<className>java.lang.String</className>
			<size>10</size>
			<required>false</required>
			<search>true</search>
			<list>true</list>
		</attribute>
		<attribute>
			<name>valDimeAlto</name>
			<sqlName>VAL_DIME_ALTO</sqlName>
			<className>java.lang.Long</className>
			<size>6</size>
			<required>false</required>
			<search>true</search>
			<list>true</list>
		</attribute>
		<attribute>
			<name>valDimeLarg</name>
			<sqlName>VAL_DIME_LARG</sqlName>
			<className>java.lang.Long</className>
			<size>6</size>
			<required>false</required>
			<search>true</search>
			<list>true</list>
		</attribute>
		<attribute>
			<name>valDimeAnch</name>
			<sqlName>VAL_DIME_ANCH</sqlName>
			<className>java.lang.Long</className>
			<size>6</size>
			<required>false</required>
			<search>true</search>
			<list>true</list>
		</attribute>
		<attribute>
			<name>valPeso</name>
			<sqlName>VAL_PESO</sqlName>
			<className>java.lang.Long</className>
			<size>6</size>
			<required>false</required>
			<search>true</search>
			<list>true</list>
		</attribute>
		<attribute>
			<name>valVolu</name>
			<sqlName>VAL_VOLU</sqlName>
			<className>java.lang.Long</className>
			<size>6</size>
			<required>false</required>
			<search>true</search>
			<list>true</list>
		</attribute>
		<attribute>
			<name>valCostEstd</name>
			<sqlName>VAL_COST_ESTD</sqlName>
			<className>java.lang.Double</className>
			<size>12,2</size>
			<required>false</required>
			<search>true</search>
			<list>true</list>
		</attribute>
		<attribute>
			<name>valPrecPosi</name>
			<sqlName>VAL_PREC_POSI</sqlName>
			<className>java.lang.Double</className>
			<size>12,2</size>
			<required>false</required>
			<search>true</search>
			<list>true</list>
		</attribute>
		<attribute>
			<name>valPrecCata</name>
			<sqlName>VAL_PREC_CATA</sqlName>
			<className>java.lang.Double</className>
			<size>12,2</size>
			<required>false</required>
			<search>true</search>
			<list>true</list>
		</attribute>
		<attribute>
			<name>valPrecCont</name>
			<sqlName>VAL_PREC_CONT</sqlName>
			<className>java.lang.Double</className>
			<size>12,2</size>
			<required>false</required>
			<search>true</search>
			<list>true</list>
		</attribute>
		<attribute>
			<name>numUnidDentPedi</name>
			<sqlName>NUM_UNID_DENT_PEDI</sqlName>
			<className>java.lang.Long</className>
			<size>5</size>
			<required>false</required>
			<search>true</search>
			<list>true</list>
		</attribute>
		<attribute>
			<name>numUnidCaja</name>
			<sqlName>NUM_UNID_CAJA</sqlName>
			<className>java.lang.Long</className>
			<size>5</size>
			<required>false</required>
			<search>true</search>
			<list>true</list>
		</attribute>
		<attribute>
			<name>codImpu</name>
			<sqlName>COD_IMPU</sqlName>
			<className>java.lang.String</className>
			<size>2</size>
			<required>false</required>
			<search>true</search>
			<list>true</list>
		</attribute>
		<attribute>
			<name>pctUnid</name>
			<sqlName>PCT_UNID</sqlName>
			<className>java.lang.Long</className>
			<size>3</size>
			<required>false</required>
			<search>true</search>
			<list>true</list>
		</attribute>
		<attribute>
			<name>geneOidGene</name>
			<sqlName>GENE_OID_GENE</sqlName>
			<className>es.indra.belcorp.mso.MaeGener</className>
			<size>12</size>
			<widget>
				<type>combo</type>
				<text>id</text>
			</widget>
			<required>false</required>
			<search>true</search>
			<list>true</list>
		</attribute>
		<attribute>
			<name>sgenOidSupeGene</name>
			<sqlName>SGEN_OID_SUPE_GENE</sqlName>
			<className>es.indra.belcorp.mso.MaeSuperGener</className>
			<size>12</size>
			<widget>
				<type>combo</type>
				<text>id</text>
			</widget>
			<required>false</required>
			<search>true</search>
			<list>true</list>
		</attribute>
		<attribute>
			<name>unmdOidUnidMedi</name>
			<sqlName>UNMD_OID_UNID_MEDI</sqlName>
			<className>es.indra.belcorp.mso.MaeUnidaMedid</className>
			<size>12</size>
			<widget>
				<type>combo</type>
				<text>id</text>
			</widget>
			<required>false</required>
			<search>true</search>
			<list>true</list>
		</attribute>
		<attribute>
			<name>unmdOidUnidMediPeso</name>
			<sqlName>UNMD_OID_UNID_MEDI_PESO</sqlName>
			<className>es.indra.belcorp.mso.MaeUnidaMedid</className>
			<size>12</size>
			<widget>
				<type>combo</type>
				<text>id</text>
			</widget>
			<required>false</required>
			<search>true</search>
			<list>true</list>
		</attribute>
		<attribute>
			<name>unmdOidUnidMediDime</name>
			<sqlName>UNMD_OID_UNID_MEDI_DIME</sqlName>
			<className>es.indra.belcorp.mso.MaeUnidaMedid</className>
			<size>12</size>
			<widget>
				<type>combo</type>
				<text>id</text>
			</widget>
			<required>false</required>
			<search>true</search>
			<list>true</list>
		</attribute>
		<attribute>
			<name>negoOidNego</name>
			<sqlName>NEGO_OID_NEGO</sqlName>
			<className>es.indra.belcorp.mso.MaeNegoc</className>
			<size>12</size>
			<widget>
				<type>combo</type>
				<text>id</text>
			</widget>
			<required>false</required>
			<search>true</search>
			<list>true</list>
		</attribute>
		<attribute>
			<name>meudOidEstaProd</name>
			<sqlName>MEUD_OID_ESTA_PROD</sqlName>
			<className>es.indra.belcorp.mso.MaeEstatProdu</className>
			<size>12</size>
			<widget>
				<type>combo</type>
				<text>id</text>
			</widget>
			<required>false</required>
			<search>true</search>
			<list>true</list>
		</attribute>
		<attribute>
			<name>liprOidLineProd</name>
			<sqlName>LIPR_OID_LINE_PROD</sqlName>
			<className>es.indra.belcorp.mso.MaeLineaProdu</className>
			<size>12</size>
			<widget>
				<type>combo</type>
				<text>id</text>
			</widget>
			<required>false</required>
			<search>true</search>
			<list>true</list>
		</attribute>
		<attribute>
			<name>unegOidUnidNego</name>
			<sqlName>UNEG_OID_UNID_NEGO</sqlName>
			<className>es.indra.belcorp.mso.MaeUnidaNegoc</className>
			<size>12</size>
			<widget>
				<type>combo</type>
				<text>id</text>
			</widget>
			<required>false</required>
			<search>true</search>
			<list>true</list>
		</attribute>
		<attribute>
			<name>perdOidPeriInic</name>
			<sqlName>PERD_OID_PERI_INIC</sqlName>
			<className>es.indra.belcorp.mso.CraPerio</className>
			<size>12</size>
			<widget>
				<type>combo</type>
				<text>id</text>
			</widget>
			<required>false</required>
			<search>true</search>
			<list>true</list>
		</attribute>
		<attribute>
			<name>perdOidPeriFin</name>
			<sqlName>PERD_OID_PERI_FIN</sqlName>
			<className>es.indra.belcorp.mso.CraPerio</className>
			<size>12</size>
			<widget>
				<type>combo</type>
				<text>id</text>
			</widget>
			<required>false</required>
			<search>true</search>
			<list>true</list>
		</attribute>
		<attribute>
			<name>indLote</name>
			<sqlName>IND_LOTE</sqlName>
			<className>java.lang.Long</className>
			<size>1</size>
			<required>false</required>
			<search>true</search>
			<list>true</list>
		</attribute>
		<attribute>
			<name>indProdServ</name>
			<sqlName>IND_PROD_SERV</sqlName>
			<className>java.lang.Long</className>
			<size>1</size>
			<required>false</required>
			<search>true</search>
			<list>true</list>
		</attribute>
		<attribute>
			<name>codIndSitu</name>
			<sqlName>COD_IND_SITU</sqlName>
			<className>java.lang.String</className>
			<size>1</size>
			<required>false</required>
			<search>true</search>
			<list>true</list>
		</attribute>
		<attribute>
			<name>codIndDentCaja</name>
			<sqlName>COD_IND_DENT_CAJA</sqlName>
			<className>java.lang.String</className>
			<size>1</size>
			<required>false</required>
			<search>true</search>
			<list>true</list>
		</attribute>
		<attribute>
			<name>indKit</name>
			<sqlName>IND_KIT</sqlName>
			<className>java.lang.Long</className>
			<size>1</size>
			<required>false</required>
			<search>true</search>
			<list>true</list>
		</attribute>
		<attribute>
			<name>fopaOidFormPago</name>
			<sqlName>FOPA_OID_FORM_PAGO</sqlName>
			<className>es.indra.belcorp.mso.BelFormaPago</className>
			<size>12</size>
			<widget>
				<type>combo</type>
				<text>id</text>
			</widget>
			<required>false</required>
			<search>true</search>
			<list>true</list>
		</attribute>
		<attribute>
			<name>maprOidMarcProd</name>
			<sqlName>MAPR_OID_MARC_PROD</sqlName>
			<className>es.indra.belcorp.mso.SegMarcaProdu</className>
			<size>12</size>
			<widget>
				<type>combo</type>
				<text>id</text>
			</widget>
			<required>false</required>
			<search>true</search>
			<list>true</list>
		</attribute>
		<attribute>
			<name>valGrupArti</name>
			<sqlName>VAL_GRUP_ARTI</sqlName>
			<className>java.lang.String</className>
			<size>9</size>
			<required>false</required>
			<search>true</search>
			<list>true</list>
		</attribute>
	</attributes>
</entity>
