<?xml version="1.0" encoding="UTF-8"?>
<entity xmlns:xsi="http://www.w3.org/2001/XMLSchema-instance" 
	xsi:noNamespaceSchemaLocation="C:/mmg/resources/schemas/entity.xsd">
    <name>MaeRespuEncue</name>

    <package>es.indra.belcorp.mso</package>

    <table>MAE_RESPU_ENCUE</table>

    <keyGenerator>MAE_REEN_SEQ</keyGenerator>

    <attributes>
        <attribute>
            <name>id</name>

            <sqlName>OID_RESP</sqlName>

            <primaryKey>true</primaryKey>

            <className>java.lang.Long</className>

            <size>12</size>

            <required>true</required>

            <search>false</search>

            <list>false</list>

            <view>false</view>

            <modify>false</modify>

            <insert>false</insert>

            <order>1</order>
</attribute>

        <attribute>
            <name>prenOidPreg</name>

            <sqlName>PREN_OID_PREG</sqlName>

            <className>es.indra.belcorp.mso.MaePreguEncue</className>

            <size>50</size>

            <widget>
                <type>combo</type>

                <text>id</text>
</widget>

            <required>true</required>

            <search>true</search>

            <list>true</list>

            <order>2</order>

            <insert>true</insert>

            <view>true</view>

            <modify>true</modify>

            <wrap>false</wrap>

            <editable>false</editable>

            <dependency>true</dependency>
</attribute>

        <attribute>
            <name>codResp</name>

            <sqlName>COD_RESP</sqlName>

            <className>java.lang.String</className>

            <size>2</size>

            <required>true</required>

            <search>true</search>

            <list>true</list>

            <order>3</order>

            <view>true</view>

            <insert>true</insert>

            <modify>true</modify>

            <wrap>false</wrap>

            <uppercase>true</uppercase>

            <editable>false</editable>
</attribute>

        <attribute>
            <name>valPeso</name>

            <sqlName>VAL_PESO</sqlName>

            <className>java.lang.Long</className>

            <size>2</size>

            <required>true</required>

            <search>true</search>

            <list>true</list>

            <order>4</order>

            <insert>true</insert>

            <view>true</view>

            <modify>true</modify>

            <wrap>true</wrap>

            <editable>true</editable>
</attribute>

        <attribute>
            <name>Descripcion</name>

            <className>java.lang.String</className>

            <order>5</order>

            <size>100</size>

            <required>true</required>

            <search>true</search>

            <list>true</list>

            <choice>true</choice>

            <orderBy>1</orderBy>

            <localizationOrder>1</localizationOrder>

            <insert>true</insert>

            <modify>true</modify>

            <view>true</view>

            <widget>
                <type>textArea</type>

                <width>40</width>

                <height>3</height>
</widget>

            <wrap>false</wrap>

            <editable>true</editable>
</attribute>
</attributes>

</entity>
