<?xml version="1.0" encoding="UTF-8"?>
<entity>
    <name>MaeTipoSoluc</name>

    <package>es.indra.belcorp.mso</package>

    <table>MAE_TIPO_SOLUC</table>

    <keyGenerator>MAE_TSOC_SEQ</keyGenerator>

    <attributes>
        <attribute>
            <name>id</name>

            <sqlName>OID_TIPO_SOLU</sqlName>

            <primaryKey>true</primaryKey>

            <className>java.lang.Long</className>

            <size>12</size>

            <required>true</required>

            <search>false</search>

            <list>false</list>

            <view>false</view>

            <modify>false</modify>

            <insert>false</insert>

            <order>1</order>
</attribute>

        <attribute>
            <name>paisOidPais</name>

            <sqlName>PAIS_OID_PAIS</sqlName>

            <className>es.indra.belcorp.mso.SegPaisView</className>

            <size>12</size>

            <widget>
                <type>combo</type>

                <text>id</text>
</widget>

            <required>true</required>

            <search>false</search>

            <list>false</list>

            <order>2</order>

            <insert>false</insert>

            <modify>false</modify>

            <view>false</view>

            <editable>false</editable>
</attribute>

        <attribute>
            <name>codTipoSolu</name>

            <sqlName>COD_TIPO_SOLU</sqlName>

            <className>java.lang.String</className>

            <size>2</size>

            <required>true</required>

            <search>true</search>

            <list>true</list>

            <order>3</order>

            <insert>true</insert>

            <modify>true</modify>

            <view>true</view>

            <uppercase>true</uppercase>

            <editable>false</editable>
</attribute>

<!--<attribute>

	<name>paisOidPaisPais</name>
	
	<sqlName>PAIS_OID_PAIS_PAIS</sqlName>

	<className>es.indra.belcorp.mso.SegPaisView</className>

	<size>12</size>

	<widget>

		<type>combo</type>

		<text>id</text>

	</widget>

		<insert>true</insert>

        <modify>true</modify>

        <editable>true</editable>
		
		<required>false</required>

		<search>true</search>
	
		<list>true</list>

            <order>4</order>
	
	</attribute-->

        <attribute>
            <name>Descripcion</name>

            <className>java.lang.String</className>

            <size>100</size>

            <required>true</required>

            <order>5</order>

            <search>true</search>

            <list>true</list>

            <choice>true</choice>

            <orderBy>1</orderBy>

            <localizationOrder>1</localizationOrder>

            <insert>true</insert>

            <modify>true</modify>

            <view>true</view>

            <widget>
                <type>textArea</type>

                <width>40</width>

                <height>3</height>
</widget>

            <editable>true</editable>
</attribute>
</attributes>

    <actions>
        <action>
            <side>client</side>

            <scope>precreate</scope>

            <code>SegPaisViewData paisOculto = new SegPaisViewData();paisOculto.setId(new Long(MMGDruidaHelper.getUserDefaultCountry(this)));maeTipoSoluc.setPaisOidPais(paisOculto);</code>
</action>

        <action>
            <side>client</side>

            <scope>postcreate</scope>

            <code>SegPaisViewData paisOculto = new SegPaisViewData();paisOculto.setId(new Long(MMGDruidaHelper.getUserDefaultCountry(this)));maeTipoSoluc.setPaisOidPais(paisOculto);</code>
</action>

        <action>
            <side>client</side>

            <scope>preupdate</scope>

            <code>SegPaisViewData paisOculto = new SegPaisViewData();paisOculto.setId(new Long(MMGDruidaHelper.getUserDefaultCountry(this)));maeTipoSoluc.setPaisOidPais(paisOculto);</code>
</action>

        <action>
            <side>client</side>

            <scope>postupdate</scope>

            <code>SegPaisViewData paisOculto = new SegPaisViewData();paisOculto.setId(new Long(MMGDruidaHelper.getUserDefaultCountry(this)));maeTipoSoluc.setPaisOidPais(paisOculto);</code>
</action>

        <action>
            <side>client</side>

            <scope>prequery</scope>

            <code>SegPaisViewData paisOculto = new SegPaisViewData();paisOculto.setId(new Long(MMGDruidaHelper.getUserDefaultCountry(this)));maeTipoSolucFrom.setPaisOidPais(paisOculto);maeTipoSolucTo.setPaisOidPais((SegPaisViewData)paisOculto.clone());</code>
</action>

        <action>
            <side>client</side>

            <scope>postquery</scope>

            <code>SegPaisViewData paisOculto = new SegPaisViewData();paisOculto.setId(new Long(MMGDruidaHelper.getUserDefaultCountry(this)));maeTipoSolucFrom.setPaisOidPais(paisOculto);maeTipoSolucTo.setPaisOidPais((SegPaisViewData)paisOculto.clone());</code>
</action>
</actions>

</entity>
