<?xml version="1.0" encoding="UTF-8"?>
<entity>
    <name>MaeTipoProblTipoSoluc</name>

    <package>es.indra.belcorp.mso</package>

    <table>MAE_TIPO_PROBL_TIPO_SOLUC</table>

    <keyGenerator>MAE_TPRS_SEQ</keyGenerator>

    <attributes>
        <attribute>
            <name>id</name>

            <sqlName>OID_TIPO_PROB_TIPO_SOLU</sqlName>

            <primaryKey>true</primaryKey>

            <className>java.lang.Long</className>

            <size>12</size>

            <required>true</required>

            <search>false</search>

            <list>false</list>

            <view>false</view>

            <modify>false</modify>

            <insert>false</insert>

            <order>1</order>
</attribute>

        <attribute>
            <name>tipbOidTipoProb</name>

            <sqlName>TIPB_OID_TIPO_PROB</sqlName>

            <className>es.indra.belcorp.mso.MaeTipoProbl</className>

            <size>100</size>

            <widget>
                <type>combo</type>

                <text>id</text>
</widget>

            <required>true</required>

            <search>true</search>

            <list>true</list>

            <insert>true</insert>

            <modify>false</modify>

            <view>true</view>

            <order>2</order>

            <wrap>true</wrap>

            <dependency>true</dependency>
</attribute>

        <attribute>
            <name>tsocOidTipoSolu</name>

            <sqlName>TSOC_OID_TIPO_SOLU</sqlName>

            <className>es.indra.belcorp.mso.MaeTipoSoluc</className>

            <size>100</size>

            <widget>
                <type>combo</type>

                <text>id</text>
</widget>

            <required>true</required>

            <search>true</search>

            <list>true</list>

            <insert>true</insert>

            <modify>false</modify>

            <view>true</view>

            <order>3</order>

            <dependency>true</dependency>

            <wrap>true</wrap>
</attribute>
</attributes>

</entity>
