<?xml version="1.0" encoding="UTF-8"?>
<entity>
	<name>MaeTipoClien</name>

	<package>es.indra.belcorp.mso</package>

	<table>MAE_TIPO_CLIEN</table>

	<keyGenerator>MAE_TICL_SEQ</keyGenerator>

	<attributes>
		<attribute>
			<name>id</name>

			<sqlName>OID_TIPO_CLIE</sqlName>

			<primaryKey>true</primaryKey>

			<className>java.lang.Long</className>

			<size>12</size>

			<required>true</required>

			<search>false</search>

			<list>false</list>

			<view>false</view>

			<modify>false</modify>

			<insert>false</insert>

			<order>1</order>
		</attribute>

		<attribute>
			<name>codTipoClie</name>

			<sqlName>COD_TIPO_CLIE</sqlName>

			<className>java.lang.String</className>

			<size>2</size>

			<required>true</required>

			<search>true</search>

			<list>true</list>

			<insert>true</insert>

			<modify>true</modify>

			<editable>false</editable>

			<view>true</view>

			<wrap>false</wrap>

			<order>2</order>

			<uppercase>true</uppercase>
		</attribute>

		<attribute>
			<name>indEvalEsta</name>

			<sqlName>IND_EVAL_ESTA</sqlName>

			<className>java.lang.Long</className>

			<size>1</size>

			<required>true</required>

			<search>true</search>

			<list>true</list>

			<insert>true</insert>

			<modify>true</modify>

			<view>true</view>

			<wrap>false</wrap>

			<order>4</order>

			<widget>
				<type>radioButton</type>

				<options>
					<option>
						<value>1</value>

						<text>Si</text>
					</option>

					<option>
						<value>0</value>

						<text>No</text>
					</option>
				</options>
			</widget>
		</attribute>

		<attribute>
			<name>indEmpl</name>

			<sqlName>IND_EMPL</sqlName>

			<className>java.lang.Long</className>

			<size>1</size>

			<required>false</required>

			<search>true</search>

			<list>true</list>

			<insert>true</insert>

			<modify>true</modify>

			<view>true</view>

			<wrap>false</wrap>

			<widget>
				<type>radioButton</type>

				<options>
					<option>
						<value>1</value>

						<text>Si</text>
					</option>

					<option>
						<value>0</value>

						<text>No</text>
					</option>
				</options>
			</widget>

			<order>5</order>
		</attribute>

		<attribute>
			<name>Descripcion</name>

			<className>java.lang.String</className>

			<size>40</size>

			<order>3</order>

			<localizationOrder>1</localizationOrder>

			<orderBy>1</orderBy>

			<required>true</required>

			<insert>true</insert>

			<search>true</search>

			<list>true</list>

			<modify>true</modify>

			<view>true</view>

			<wrap>false</wrap>

			<choice>true</choice>
		</attribute>
	</attributes>

</entity>
