<?xml version="1.0" encoding="UTF-8"?>
<entity>
    <name>MaeTipoDocum</name>

    <package>es.indra.belcorp.mso</package>

    <table>MAE_TIPO_DOCUM</table>

    <keyGenerator>MAE_TDOC_SEQ</keyGenerator>

    <attributes>
        <attribute>
            <name>id</name>

            <sqlName>OID_TIPO_DOCU</sqlName>

            <primaryKey>true</primaryKey>

            <className>java.lang.Long</className>

            <size>12</size>

            <required>true</required>

            <search>false</search>

            <list>false</list>

            <view>false</view>

            <modify>false</modify>

            <insert>false</insert>

            <order>1</order>
</attribute>

        <attribute>
            <name>paisOidPais</name>

            <sqlName>PAIS_OID_PAIS</sqlName>

            <className>es.indra.belcorp.mso.SegPaisView</className>

            <size>12</size>

            <widget>
                <type>combo</type>

                <text>id</text>
</widget>

            <required>true</required>

            <search>false</search>

            <list>false</list>

            <insert>false</insert>

            <modify>false</modify>

            <view>false</view>

            <wrap>false</wrap>

            <order>2</order>
</attribute>

        <attribute>
            <name>codTipoDocu</name>

            <sqlName>COD_TIPO_DOCU</sqlName>

            <className>java.lang.String</className>

            <size>2</size>

            <required>true</required>

            <search>true</search>

            <list>true</list>

            <insert>true</insert>

            <modify>true</modify>

            <editable>false</editable>

            <view>true</view>

            <uppercase>true</uppercase>

            <wrap>false</wrap>

            <order>3</order>
</attribute>

        <attribute>
            <name>valSigl</name>

            <sqlName>VAL_SIGL</sqlName>

            <className>java.lang.String</className>

            <size>5</size>

            <required>false</required>

            <search>true</search>

            <list>true</list>

            <insert>true</insert>

            <modify>true</modify>

            <view>true</view>

            <wrap>true</wrap>

            <order>6</order>
</attribute>

        <attribute>
            <name>valLong</name>

            <sqlName>VAL_LONG</sqlName>

            <className>java.lang.Long</className>

            <size>2</size>

            <required>false</required>

            <search>true</search>

            <list>true</list>

            <insert>true</insert>

            <modify>true</modify>

            <view>true</view>

            <wrap>false</wrap>

            <order>7</order>
</attribute>

        <attribute>
            <name>indObli</name>

            <sqlName>IND_OBLI</sqlName>

            <className>java.lang.String</className>

            <size>1</size>

            <required>true</required>

            <search>true</search>

            <list>true</list>

            <insert>true</insert>

            <modify>true</modify>

            <view>true</view>

            <wrap>false</wrap>

            <order>4</order>

            <widget>
                <type>radioButton</type>

                <options>
                    <option>
                        <value>1</value>

                        <text>Si</text>
</option>

                    <option>
                        <value>0</value>

                        <text>No</text>
</option>
</options>
</widget>

            <editable>false</editable>
</attribute>

        <attribute>
            <name>indDni</name>

            <sqlName>IND_DNI</sqlName>

            <className>java.lang.String</className>

            <size>1</size>

            <required>true</required>

            <search>true</search>

            <list>true</list>

            <insert>true</insert>

            <modify>true</modify>

            <view>true</view>

            <order>8</order>

            <wrap>false</wrap>

            <widget>
                <type>radioButton</type>

                <options>
                    <option>
                        <value>1</value>

                        <text>Si</text>

                    </option>

                    <option>
                        <value>0</value>

                        <text>No</text>

                    </option>

                </options>

            </widget>
</attribute>

        <attribute>
            <name>indDocIdenFisc</name>

            <sqlName>IND_DOC_IDEN_FISC</sqlName>

            <className>java.lang.String</className>

            <size>1</size>

            <required>true</required>

            <search>true</search>

            <list>true</list>

            <insert>true</insert>

            <modify>true</modify>

            <view>true</view>

            <wrap>false</wrap>

            <order>9</order>

            <widget>
                <type>radioButton</type>

                <options>
                    <option>
                        <value>1</value>

                        <text>Si</text>

                    </option>

                    <option>
                        <value>0</value>

                        <text>No</text>

                    </option>

                </options>

            </widget>
</attribute>

        <attribute>
            <name>tidoOidTipoDocu</name>

            <sqlName>TIDO_OID_TIPO_DOCU</sqlName>

            <className>es.indra.belcorp.mso.FacTipoDocum</className>

            <size>12</size>

            <widget>
                <type>combo</type>

                <text>id</text>
</widget>

            <required>true</required>

            <search>true</search>

            <list>true</list>

            <insert>true</insert>

            <modify>true</modify>

            <view>true</view>

            <wrap>false</wrap>

            <order>10</order>

            <dependency>true</dependency>
</attribute>

        <attribute>
            <name>Descripcion</name>

            <className>java.lang.String</className>

            <localizationOrder>1</localizationOrder>

            <orderBy>1</orderBy>

            <order>5</order>

            <required>true</required>

            <size>40</size>

            <insert>true</insert>

            <modify>true</modify>

            <search>true</search>

            <list>true</list>

            <view>true</view>

            <wrap>false</wrap>
</attribute>
</attributes>

    <actions>
        <action>
            <side>client</side>

            <scope>precreate</scope>

            <code>SegPaisViewData paisOculto = new SegPaisViewData();paisOculto.setId(new Long(MMGDruidaHelper.getUserDefaultCountry(this)));maeTipoDocum.setPaisOidPais(paisOculto);</code>
</action>

        <action>
            <side>client</side>

            <scope>postcreate</scope>

            <code>SegPaisViewData paisOculto = new SegPaisViewData();paisOculto.setId(new Long(MMGDruidaHelper.getUserDefaultCountry(this)));maeTipoDocum.setPaisOidPais(paisOculto);</code>
</action>

        <action>
            <side>client</side>

            <scope>preupdate</scope>

            <code>SegPaisViewData paisOculto = new SegPaisViewData();paisOculto.setId(new Long(MMGDruidaHelper.getUserDefaultCountry(this)));maeTipoDocum.setPaisOidPais(paisOculto);</code>
</action>

        <action>
            <side>client</side>

            <scope>postupdate</scope>

            <code>SegPaisViewData paisOculto = new SegPaisViewData();paisOculto.setId(new Long(MMGDruidaHelper.getUserDefaultCountry(this)));maeTipoDocum.setPaisOidPais(paisOculto);</code>
</action>

        <action>
            <side>client</side>

            <scope>prequery</scope>

            <code>SegPaisViewData paisOculto = new SegPaisViewData();paisOculto.setId(new Long(MMGDruidaHelper.getUserDefaultCountry(this)));maeTipoDocumFrom.setPaisOidPais(paisOculto);maeTipoDocumTo.setPaisOidPais((SegPaisViewData)paisOculto.clone());</code>
</action>

        <action>
            <side>client</side>

            <scope>postquery</scope>

            <code>SegPaisViewData paisOculto = new SegPaisViewData();paisOculto.setId(new Long(MMGDruidaHelper.getUserDefaultCountry(this)));maeTipoDocumFrom.setPaisOidPais(paisOculto);maeTipoDocumTo.setPaisOidPais((SegPaisViewData)paisOculto.clone());</code>
</action>
</actions>

</entity>
