<?xml version="1.0" encoding="UTF-8"?>
<entity>
    <name>MaeUnidaMedid</name>

    <package>es.indra.belcorp.mso</package>

    <table>MAE_UNIDA_MEDID</table>

    <keyGenerator>MAE_UNMD_SEQ</keyGenerator>

    <attributes>
        <attribute>
            <name>id</name>

            <sqlName>OID_UNID_MEDI</sqlName>

            <primaryKey>true</primaryKey>

            <className>java.lang.Long</className>

            <size>12</size>

            <required>true</required>

            <search>false</search>

            <list>false</list>

            <view>false</view>

            <modify>false</modify>

            <insert>false</insert>

            <order>1</order>
</attribute>

        <attribute>
            <name>paisOidPais</name>

            <sqlName>PAIS_OID_PAIS</sqlName>

            <className>es.indra.belcorp.mso.SegPaisView</className>

            <size>12</size>

            <widget>
                <type>combo</type>

                <text>id</text>
</widget>

            <required>true</required>

            <search>false</search>

            <list>false</list>

            <order>2</order>

            <insert>false</insert>

            <modify>false</modify>

            <view>false</view>

            <editable>false</editable>
</attribute>

        <attribute>
            <name>codUnidMedi</name>

            <sqlName>COD_UNID_MEDI</sqlName>

            <className>java.lang.String</className>

            <size>3</size>

            <required>true</required>

            <search>true</search>

            <list>true</list>

            <order>3</order>

            <insert>true</insert>

            <modify>true</modify>

            <view>true</view>

            <wrap>false</wrap>

            <uppercase>true</uppercase>

            <editable>false</editable>
</attribute>

        <attribute>
            <name>magnOidMagn</name>

            <sqlName>MAGN_OID_MAGN</sqlName>

            <className>es.indra.belcorp.mso.MaeMagni</className>

            <size>12</size>

            <widget>
                <type>combo</type>

                <text>id</text>
</widget>

            <required>true</required>

            <search>true</search>

            <list>true</list>

            <order>6</order>

            <insert>true</insert>

            <modify>true</modify>

            <view>true</view>

            <wrap>false</wrap>

            <dependency>true</dependency>

            <editable>true</editable>
</attribute>

        <attribute>
            <name>desAbre</name>

            <sqlName>DES_ABRE</sqlName>

            <className>java.lang.String</className>

            <size>5</size>

            <required>false</required>

            <search>true</search>

            <list>true</list>

            <order>5</order>

            <insert>true</insert>

            <choice>true</choice>

            <modify>true</modify>

            <view>true</view>

            <wrap>false</wrap>

            <editable>true</editable>
</attribute>

        <attribute>
            <name>indUmStnd</name>

            <sqlName>IND_UM_STND</sqlName>

            <className>java.lang.String</className>

            <size>1</size>

            <required>false</required>

            <search>true</search>

            <list>true</list>

            <order>7</order>

            <insert>true</insert>

            <widget>
                <type>radioButton</type>

                <options>
                    <option>
                        <value>1</value>

                        <text>Si</text>
</option>

                    <option>
                        <value>0</value>

                        <text>No</text>
</option>
</options>
</widget>

            <modify>true</modify>

            <view>true</view>

            <wrap>false</wrap>

            <editable>true</editable>
</attribute>

        <attribute>
            <name>Descripcion</name>

            <className>java.lang.String</className>

            <order>4</order>

            <size>40</size>

            <required>true</required>

            <search>true</search>

            <list>true</list>

            <orderBy>1</orderBy>

            <localizationOrder>1</localizationOrder>

            <insert>true</insert>

            <modify>true</modify>

            <view>true</view>

            <widget>
                <type>textField</type>
</widget>

            <wrap>true</wrap>

            <editable>true</editable>
</attribute>
</attributes>

    <actions>
        <action>
            <side>client</side>

            <scope>precreate</scope>

            <code>SegPaisViewData paisOculto = new SegPaisViewData();paisOculto.setId(new Long(MMGDruidaHelper.getUserDefaultCountry(this)));maeUnidaMedid.setPaisOidPais(paisOculto);</code>
</action>

        <action>
            <side>client</side>

            <scope>postcreate</scope>

            <code>SegPaisViewData paisOculto = new SegPaisViewData();paisOculto.setId(new Long(MMGDruidaHelper.getUserDefaultCountry(this)));maeUnidaMedid.setPaisOidPais(paisOculto);</code>
</action>

        <action>
            <side>client</side>

            <scope>preupdate</scope>

            <code>SegPaisViewData paisOculto = new SegPaisViewData();paisOculto.setId(new Long(MMGDruidaHelper.getUserDefaultCountry(this)));maeUnidaMedid.setPaisOidPais(paisOculto);</code>
</action>

        <action>
            <side>client</side>

            <scope>postupdate</scope>

            <code>SegPaisViewData paisOculto = new SegPaisViewData();paisOculto.setId(new Long(MMGDruidaHelper.getUserDefaultCountry(this)));maeUnidaMedid.setPaisOidPais(paisOculto);</code>
</action>

        <action>
            <side>client</side>

            <scope>prequery</scope>

            <code>SegPaisViewData paisOculto = new SegPaisViewData();paisOculto.setId(new Long(MMGDruidaHelper.getUserDefaultCountry(this)));maeUnidaMedidFrom.setPaisOidPais(paisOculto);maeUnidaMedidTo.setPaisOidPais((SegPaisViewData)paisOculto.clone());</code>
</action>

        <action>
            <side>client</side>

            <scope>postquery</scope>

            <code>SegPaisViewData paisOculto = new SegPaisViewData();paisOculto.setId(new Long(MMGDruidaHelper.getUserDefaultCountry(this)));maeUnidaMedidFrom.setPaisOidPais(paisOculto);maeUnidaMedidTo.setPaisOidPais((SegPaisViewData)paisOculto.clone());</code>
</action>
</actions>

</entity>
