<?xml version="1.0" encoding="UTF-8"?>
<entity>
    <name>MaeUnidaNegoc</name>

    <package>es.indra.belcorp.mso</package>

    <table>MAE_UNIDA_NEGOC</table>

    <keyGenerator>MAE_UNEG_SEQ</keyGenerator>

    <attributes>
        <attribute>
            <name>id</name>

            <sqlName>OID_UNID_NEGO</sqlName>

            <primaryKey>true</primaryKey>

            <className>java.lang.Long</className>

            <size>12</size>

            <required>true</required>

            <search>false</search>

            <list>false</list>

            <view>false</view>

            <modify>false</modify>

            <insert>false</insert>

            <order>1</order>
</attribute>

        <attribute>
            <name>paisOidPais</name>

            <sqlName>PAIS_OID_PAIS</sqlName>

            <className>es.indra.belcorp.mso.SegPaisView</className>

            <size>12</size>

            <widget>
                <type>combo</type>

                <text>id</text>
</widget>

            <required>true</required>

            <search>false</search>

            <list>false</list>

            <order>2</order>

            <insert>false</insert>

            <modify>false</modify>

            <view>false</view>

            <editable>false</editable>
</attribute>

        <attribute>
            <name>codUnidNego</name>

            <sqlName>COD_UNID_NEGO</sqlName>

            <className>java.lang.String</className>

            <size>3</size>

            <required>true</required>

            <search>true</search>

            <list>true</list>

            <order>3</order>

            <modify>true</modify>

            <view>true</view>

            <wrap>false</wrap>

            <uppercase>true</uppercase>

            <editable>false</editable>
</attribute>

        <attribute>
            <name>Descripcion</name>

            <className>java.lang.String</className>

            <order>4</order>

            <size>40</size>

            <required>true</required>

            <search>true</search>

            <list>true</list>

            <choice>true</choice>

            <orderBy>1</orderBy>

            <localizationOrder>1</localizationOrder>

            <insert>true</insert>

            <modify>true</modify>

            <view>true</view>

            <widget>
                <type>textField</type>
</widget>

            <editable>true</editable>
</attribute>
</attributes>

    <actions>
        <action>
            <side>client</side>

            <scope>precreate</scope>

            <code>SegPaisViewData paisOculto = new SegPaisViewData();paisOculto.setId(new Long(MMGDruidaHelper.getUserDefaultCountry(this)));maeUnidaNegoc.setPaisOidPais(paisOculto);</code>
</action>

        <action>
            <side>client</side>

            <scope>postcreate</scope>

            <code>SegPaisViewData paisOculto = new SegPaisViewData();paisOculto.setId(new Long(MMGDruidaHelper.getUserDefaultCountry(this)));maeUnidaNegoc.setPaisOidPais(paisOculto);</code>
</action>

        <action>
            <side>client</side>

            <scope>preupdate</scope>

            <code>SegPaisViewData paisOculto = new SegPaisViewData();paisOculto.setId(new Long(MMGDruidaHelper.getUserDefaultCountry(this)));maeUnidaNegoc.setPaisOidPais(paisOculto);</code>
</action>

        <action>
            <side>client</side>

            <scope>postupdate</scope>

            <code>SegPaisViewData paisOculto = new SegPaisViewData();paisOculto.setId(new Long(MMGDruidaHelper.getUserDefaultCountry(this)));maeUnidaNegoc.setPaisOidPais(paisOculto);</code>
</action>

        <action>
            <side>client</side>

            <scope>prequery</scope>

            <code>SegPaisViewData paisOculto = new SegPaisViewData();paisOculto.setId(new Long(MMGDruidaHelper.getUserDefaultCountry(this)));maeUnidaNegocFrom.setPaisOidPais(paisOculto);maeUnidaNegocTo.setPaisOidPais((SegPaisViewData)paisOculto.clone());</code>
</action>

        <action>
            <side>client</side>

            <scope>postquery</scope>

            <code>SegPaisViewData paisOculto = new SegPaisViewData();paisOculto.setId(new Long(MMGDruidaHelper.getUserDefaultCountry(this)));maeUnidaNegocFrom.setPaisOidPais(paisOculto);maeUnidaNegocTo.setPaisOidPais((SegPaisViewData)paisOculto.clone());</code>
</action>
</actions>

</entity>
