<?xml version="1.0" encoding="UTF-8"?>
<entity><name>MenFunci</name><package>es.indra.belcorp.mso</package><table>MEN_FUNCI</table><keyGenerator>MEN_FUNC_SEQ</keyGenerator><attributes><attribute><name>id</name><sqlName>OID_FUNC</sqlName><primaryKey>true</primaryKey><className>java.lang.Long</className><size>12</size><required>true</required><search>false</search><list>false</list><view>false</view><modify>false</modify><insert>false</insert></attribute><attribute><name>indNive</name><sqlName>IND_NIVE</sqlName><className>java.lang.String</className><size>1</size><required>true</required><search>true</search><list>true</list></attribute><attribute><name>indRast</name><sqlName>IND_RAST</sqlName><className>java.lang.Long</className><size>1</size><required>true</required><search>true</search><list>true</list></attribute><attribute><name>funcOidFunc</name><sqlName>FUNC_OID_FUNC</sqlName><className>es.indra.belcorp.mso.MenFunci</className><size>12</size><widget><type>combo</type><text>id</text></widget><required>false</required><search>true</search><list>true</list></attribute><attribute><name>valNombProg</name><sqlName>VAL_NOMB_PROG</sqlName><className>java.lang.String</className><size>80</size><required>false</required><search>true</search><list>true</list></attribute></attributes></entity>
