<?xml version="1.0" encoding="UTF-8"?>
<entity>
    <name>MsgMedioEnvioPais</name>

    <package>es.indra.belcorp.mso</package>

    <table>MSG_MEDIO_ENVIO_PAIS</table>

    <keyGenerator>MSG_MEEP_SEQ</keyGenerator>

    <attributes>
        <attribute>
            <name>id</name>

            <sqlName>OID_MEDI_ENVI_PAIS</sqlName>

            <primaryKey>true</primaryKey>

            <className>java.lang.Long</className>

            <size>12</size>

            <required>true</required>

            <search>false</search>

            <list>false</list>

            <view>false</view>

            <modify>false</modify>

            <insert>false</insert>

            <order>1</order>
</attribute>

        <attribute>
            <name>paisOidPais</name>

            <sqlName>PAIS_OID_PAIS</sqlName>

            <className>es.indra.belcorp.mso.SegPaisView</className>

            <size>12</size>

            <widget>
                <type>combo</type>

                <text>id</text>
</widget>

            <required>true</required>

            <search>true</search>

            <list>true</list>

            <insert>true</insert>

            <modify>true</modify>

            <order>2</order>

            <view>false</view>

            <editable>false</editable>

            <wrap>false</wrap>
</attribute>

        <attribute>
            <name>meenOidMediEnvi</name>

            <sqlName>MEEN_OID_MEDI_ENVI</sqlName>

            <className>es.indra.belcorp.mso.MsgMedioEnvio</className>

            <size>12</size>

            <widget>
                <type>combo</type>

                <text>id</text>
</widget>

            <required>true</required>

            <search>true</search>

            <list>true</list>

            <dependency>true</dependency>

            <insert>true</insert>

            <modify>true</modify>

            <view>true</view>

            <wrap>false</wrap>

            <order>3</order>

            <editable>false</editable>
</attribute>

        <attribute>
            <name>codEsta</name>

            <sqlName>COD_ESTA</sqlName>

            <className>java.lang.String</className>

            <size>2</size>

            <required>true</required>

            <search>false</search>

            <list>true</list>

            <order>4</order>

            <insert>true</insert>

            <modify>true</modify>

            <view>true</view>

            <widget>
                <type>radioButton</type>

                <options>
                    <option>
                        <value>A</value>

                        <text>Activo</text>
</option>

                    <option>
                        <value>D</value>

                        <text>Desactivo</text>
</option>
</options>
</widget>

            <uppercase>true</uppercase>

            <editable>true</editable>
</attribute>
</attributes>

    <actions>
        <action>
            <side>client</side>

            <scope>precreate</scope>

            <code>SegPaisViewData paisOculto = new SegPaisViewData();paisOculto.setId(new Long(MMGDruidaHelper.getUserDefaultCountry(this)));msgMedioEnvioPais.setPaisOidPais(paisOculto);</code>
</action>

        <action>
            <side>client</side>

            <scope>postcreate</scope>

            <code>SegPaisViewData paisOculto = new SegPaisViewData();paisOculto.setId(new Long(MMGDruidaHelper.getUserDefaultCountry(this)));msgMedioEnvioPais.setPaisOidPais(paisOculto);</code>
</action>

        <action>
            <side>client</side>

            <scope>prequery</scope>

            <code>SegPaisViewData paisOculto = new SegPaisViewData();paisOculto.setId(new Long(MMGDruidaHelper.getUserDefaultCountry(this)));msgMedioEnvioPaisFrom.setPaisOidPais(paisOculto);msgMedioEnvioPaisTo.setPaisOidPais((SegPaisViewData)paisOculto.clone());</code>
</action>

        <action>
            <side>client</side>

            <scope>postquery</scope>

            <code>SegPaisViewData paisOculto = new SegPaisViewData();paisOculto.setId(new Long(MMGDruidaHelper.getUserDefaultCountry(this)));msgMedioEnvioPaisFrom.setPaisOidPais(paisOculto);msgMedioEnvioPaisTo.setPaisOidPais((SegPaisViewData)paisOculto.clone());</code>
</action>

        <action>
            <side>client</side>

            <scope>preupdate</scope>

            <code>SegPaisViewData paisOculto = new SegPaisViewData();paisOculto.setId(new Long(MMGDruidaHelper.getUserDefaultCountry(this)));msgMedioEnvioPais.setPaisOidPais(paisOculto);</code>
</action>

        <action>
            <side>client</side>

            <scope>postupdate</scope>

            <code>SegPaisViewData paisOculto = new SegPaisViewData();paisOculto.setId(new Long(MMGDruidaHelper.getUserDefaultCountry(this)));msgMedioEnvioPais.setPaisOidPais(paisOculto);</code>
</action>
</actions>

</entity>
