<?xml version="1.0" encoding="UTF-8"?>
<entity>
    <name>MsgMetac</name>

    <package>es.indra.belcorp.mso</package>

    <table>MSG_METAC</table>

    <keyGenerator>MSG_METC_SEQ</keyGenerator>

    <attributes>
        <attribute>
            <name>id</name>

            <sqlName>OID_META</sqlName>

            <primaryKey>true</primaryKey>

            <className>java.lang.Long</className>

            <size>12</size>

            <required>true</required>

            <search>false</search>

            <list>false</list>

            <view>false</view>

            <modify>false</modify>

            <insert>false</insert>

            <order>1</order>
</attribute>

        <attribute>
            <name>codMeta</name>

            <sqlName>COD_META</sqlName>

            <className>java.lang.Long</className>

            <size>6</size>

            <required>true</required>

            <search>true</search>

            <list>true</list>

            <insert>true</insert>

            <modify>true</modify>

            <view>true</view>

            <wrap>false</wrap>

            <order>2</order>
</attribute>

        <attribute>
            <name>Descripcion</name>

            <className>java.lang.String</className>

            <size>40</size>

            <required>true</required>

            <search>true</search>

            <list>true</list>

            <insert>true</insert>

            <modify>true</modify>

            <view>true</view>

            <order>3</order>

            <wrap>false</wrap>

            <choice>true</choice>

            <localizationOrder>1</localizationOrder>

            <orderBy>1</orderBy>
</attribute>

        <attribute>
            <name>valLiteIden</name>

            <sqlName>VAL_LITE_IDEN</sqlName>

            <className>java.lang.String</className>

            <size>240</size>

            <required>true</required>

            <search>true</search>

            <list>true</list>

            <order>6</order>

            <insert>true</insert>

            <modify>true</modify>

            <view>true</view>

            <wrap>false</wrap>

            <widget>
                <type>textArea</type>

                <width>40</width>

                <height>3</height>
</widget>
</attribute>

        <attribute>
            <name>valEsta</name>

            <sqlName>VAL_ESTA</sqlName>

            <className>java.lang.String</className>

            <size>1</size>

            <required>true</required>

            <search>true</search>

            <list>true</list>

            <order>5</order>

            <insert>true</insert>

            <modify>true</modify>

            <view>true</view>

            <wrap>true</wrap>

            <widget>
                <type>radioButton</type>

                <options>
                    <option>
                        <value>A</value>

                        <text>Activo</text>
</option>

                    <option>
                        <value>D</value>

                        <text>Desactivo</text>
</option>
</options>
</widget>
</attribute>

        <attribute>
            <name>timeOidTipo</name>

            <sqlName>TIME_OID_TIPO</sqlName>

            <className>es.indra.belcorp.mso.MsgTipoMetac</className>

            <size>12</size>

            <widget>
                <type>combo</type>

                <text>id</text>
</widget>

            <required>true</required>

            <search>true</search>

            <list>true</list>

            <order>4</order>

            <insert>true</insert>

            <view>true</view>

            <modify>true</modify>

            <dependency>true</dependency>

            <wrap>false</wrap>
</attribute>
</attributes>

</entity>
