<?xml version="1.0" encoding="UTF-8"?>
<entity>
    <name>MsgMedioEnvio</name>

    <package>es.indra.belcorp.mso</package>

    <table>MSG_MEDIO_ENVIO</table>

    <keyGenerator>MSG_MEEN_SEQ</keyGenerator>

    <attributes>
        <attribute>
            <name>id</name>

            <sqlName>OID_MEDI_ENVI</sqlName>

            <primaryKey>true</primaryKey>

            <className>java.lang.Long</className>

            <size>12</size>

            <required>true</required>

            <search>false</search>

            <list>false</list>

            <view>false</view>

            <modify>false</modify>

            <insert>false</insert>
</attribute>

        <attribute>
            <name>codMediEnvi</name>

            <sqlName>COD_MEDI_ENVI</sqlName>

            <className>java.lang.String</className>

            <size>1</size>

            <required>true</required>

            <search>true</search>

            <list>true</list>
</attribute>

        <attribute>
            <name>desMediEnvi</name>

            <sqlName>DES_MEDI_ENVI</sqlName>

            <className>java.lang.String</className>

            <size>40</size>

            <required>true</required>

            <search>true</search>

            <list>true</list>

            <choice>true</choice>
</attribute>
</attributes>

</entity>
