<?xml version="1.0" encoding="UTF-8"?>
<entity>
    <name>MsgMensa</name>

    <package>es.indra.belcorp.mso</package>

    <table>MSG_MENSA</table>

    <keyGenerator>MSG_MENS_SEQ</keyGenerator>

    <attributes>
        <attribute>
            <name>id</name>

            <sqlName>OID_MENS</sqlName>

            <primaryKey>true</primaryKey>

            <className>java.lang.Long</className>

            <size>12</size>

            <required>true</required>

            <search>false</search>

            <list>false</list>

            <view>false</view>

            <modify>false</modify>

            <insert>false</insert>
</attribute>

        <attribute>
            <name>codMens</name>

            <sqlName>COD_MENS</sqlName>

            <className>java.lang.String</className>

            <size>5</size>

            <required>true</required>

            <search>true</search>

            <list>true</list>
</attribute>

        <attribute>
            <name>desMens</name>

            <sqlName>DES_MENS</sqlName>

            <className>java.lang.String</className>

            <size>80</size>

            <required>true</required>

            <search>true</search>

            <list>true</list>
</attribute>

        <attribute>
            <name>valBloqGrupPerm</name>

            <sqlName>VAL_BLOQ_GRUP_PERM</sqlName>

            <className>java.lang.String</className>

            <size>20</size>

            <required>false</required>

            <search>true</search>

            <list>true</list>
</attribute>

        <attribute>
            <name>fecPermDesd</name>

            <sqlName>FEC_PERM_DESD</sqlName>

            <className>java.sql.Date</className>

            <size>7</size>

            <required>false</required>

            <search>true</search>

            <list>true</list>
</attribute>

        <attribute>
            <name>fecPermHast</name>

            <sqlName>FEC_PERM_HAST</sqlName>

            <className>java.sql.Date</className>

            <size>7</size>

            <required>false</required>

            <search>true</search>

            <list>true</list>
</attribute>

        <attribute>
            <name>valText</name>

            <sqlName>VAL_TEXT</sqlName>

            <className>java.lang.String</className>

            <size>2000</size>

            <required>true</required>

            <search>true</search>

            <list>true</list>
</attribute>
</attributes>

</entity>
