<?xml version="1.0" encoding="UTF-8"?>
<entity>
    <name>MsgParamMensa</name>

    <package>es.indra.belcorp.mso</package>

    <table>MSG_PARAM_MENSA</table>

    <keyGenerator>MSG_PAME_SEQ</keyGenerator>

    <attributes>
        <attribute>
            <name>id</name>

            <sqlName>OID_PARA_MENS</sqlName>

            <primaryKey>true</primaryKey>

            <className>java.lang.Long</className>

            <size>12</size>

            <required>true</required>

            <search>false</search>

            <list>false</list>

            <view>false</view>

            <modify>false</modify>

            <insert>false</insert>

            <order>1</order>
</attribute>

        <attribute>
            <name>codDatoVari</name>

            <sqlName>COD_DATO_VARI</sqlName>

            <className>java.lang.String</className>

            <size>7</size>

            <required>true</required>

            <search>true</search>

            <list>true</list>

            <modify>true</modify>

            <editable>false</editable>

            <view>true</view>

            <order>3</order>

            <uppercase>true</uppercase>

            <wrap>false</wrap>
</attribute>

        <attribute>
            <name>paisOidPais</name>

            <sqlName>PAIS_OID_PAIS</sqlName>

            <className>es.indra.belcorp.mso.SegPaisView</className>

            <size>12</size>

            <widget>
                <type>combo</type>

                <text>id</text>
</widget>

            <required>true</required>

            <search>false</search>

            <list>false</list>

            <insert>false</insert>

            <modify>false</modify>

            <view>false</view>

            <wrap>false</wrap>

            <order>2</order>
</attribute>

        <attribute>
            <name>desDatoVari</name>

            <sqlName>DES_DATO_VARI</sqlName>

            <className>java.lang.String</className>

            <size>80</size>

            <required>true</required>

            <search>false</search>

            <list>true</list>

            <modify>true</modify>

            <view>true</view>

            <order>4</order>

            <wrap>false</wrap>

            <choice>true</choice>

            <widget>
                <type>textArea</type>

                <width>40</width>

                <height>3</height>

            </widget>
</attribute>

        <attribute>
            <name>fecSist</name>

            <sqlName>FEC_SIST</sqlName>

            <className>java.sql.Date</className>

            <size>12</size>

            <required>true</required>

            <search>false</search>

            <list>true</list>

            <modify>true</modify>

            <view>true</view>

            <order>5</order>

            <wrap>true</wrap>
</attribute>
</attributes>

    <actions>
        <action>
            <side>client</side>

            <scope>precreate</scope>

            <code>SegPaisViewData paisOculto = new SegPaisViewData();paisOculto.setId(new Long(MMGDruidaHelper.getUserDefaultCountry(this)));msgParamMensa.setPaisOidPais(paisOculto);</code>
</action>

        <action>
            <side>client</side>

            <scope>postcreate</scope>

            <code>SegPaisViewData paisOculto = new SegPaisViewData();paisOculto.setId(new Long(MMGDruidaHelper.getUserDefaultCountry(this)));msgParamMensa.setPaisOidPais(paisOculto);</code>
</action>

        <action>
            <side>client</side>

            <scope>preupdate</scope>

            <code>SegPaisViewData paisOculto = new SegPaisViewData();paisOculto.setId(new Long(MMGDruidaHelper.getUserDefaultCountry(this)));msgParamMensa.setPaisOidPais(paisOculto);</code>
</action>

        <action>
            <side>client</side>

            <scope>postupdate</scope>

            <code>SegPaisViewData paisOculto = new SegPaisViewData();paisOculto.setId(new Long(MMGDruidaHelper.getUserDefaultCountry(this)));msgParamMensa.setPaisOidPais(paisOculto);</code>
</action>

        <action>
            <side>client</side>

            <scope>prequery</scope>

            <code>SegPaisViewData paisOculto = new SegPaisViewData();paisOculto.setId(new Long(MMGDruidaHelper.getUserDefaultCountry(this)));msgParamMensaFrom.setPaisOidPais(paisOculto);msgParamMensaTo.setPaisOidPais((SegPaisViewData)paisOculto.clone());</code>
</action>

        <action>
            <side>client</side>

            <scope>postquery</scope>

            <code>SegPaisViewData paisOculto = new SegPaisViewData();paisOculto.setId(new Long(MMGDruidaHelper.getUserDefaultCountry(this)));msgParamMensaFrom.setPaisOidPais(paisOculto);msgParamMensaTo.setPaisOidPais((SegPaisViewData)paisOculto.clone());</code>
</action>
</actions>

</entity>
