<?xml version="1.0" encoding="UTF-8"?>
<entity>
    <name>MsgTipoMensa</name>

    <package>es.indra.belcorp.mso</package>

    <table>MSG_TIPO_MENSA</table>

    <keyGenerator>MSG_TMEN_SEQ</keyGenerator>

    <attributes>
        <attribute>
            <name>id</name>

            <sqlName>OID_TIPO_MENS</sqlName>

            <primaryKey>true</primaryKey>

            <className>java.lang.Long</className>

            <size>12</size>

            <required>true</required>

            <search>false</search>

            <list>false</list>

            <view>false</view>

            <modify>false</modify>

            <insert>false</insert>
</attribute>

        <attribute>
            <name>codTipoMens</name>

            <sqlName>COD_TIPO_MENS</sqlName>

            <className>java.lang.String</className>

            <size>2</size>

            <required>true</required>

            <search>true</search>

            <list>true</list>

            <choice>true</choice>
</attribute>
</attributes>

</entity>
