<?xml version="1.0" encoding="UTF-8"?>
<entity>
    <name>PedAsignAlmac</name>

    <package>es.indra.belcorp.mso</package>

    <table>PED_ASIGN_ALMAC</table>

    <keyGenerator>PED_ALMA_SEQ</keyGenerator>

    <attributes>
        <attribute>
            <name>id</name>

            <sqlName>OID_ASIG_ALMA</sqlName>

            <primaryKey>true</primaryKey>

            <className>java.lang.Long</className>

            <size>12</size>

            <required>true</required>

            <search>false</search>

            <list>false</list>

            <view>false</view>

            <modify>false</modify>

            <insert>false</insert>

            <order>1</order>
</attribute>

        <attribute>
            <name>sbacOidSbac</name>

            <sqlName>SBAC_OID_SBAC</sqlName>

            <className>es.indra.belcorp.mso.SegSubac</className>

            <size>12</size>

            <widget>
                <type>combo</type>

                <text>id</text>
</widget>

            <required>true</required>

            <search>true</search>

            <list>true</list>

            <dependency>true</dependency>

            <order>6</order>

            <view>true</view>

            <wrap>false</wrap>
</attribute>

        <attribute>
            <name>marcOidMarc</name>

            <sqlName>MARC_OID_MARC</sqlName>

            <className>es.indra.belcorp.mso.SegMarca</className>

            <size>12</size>

            <widget>
                <type>combo</type>

                <text>id</text>
</widget>

            <required>true</required>

            <search>true</search>

            <list>true</list>

            <order>3</order>

            <view>true</view>

            <wrap>false</wrap>

            <dependency>true</dependency>
</attribute>

        <attribute>
            <name>almcOidAlma</name>

            <sqlName>ALMC_OID_ALMA</sqlName>

            <className>es.indra.belcorp.mso.BelAlmac</className>

            <size>12</size>

            <widget>
                <type>combo</type>

                <text>id</text>
</widget>

            <required>true</required>

            <search>true</search>

            <list>true</list>

            <dependency>true</dependency>

            <view>true</view>

            <order>7</order>

            <wrap>false</wrap>
</attribute>

        <attribute>
            <name>paisOidPais</name>

            <sqlName>PAIS_OID_PAIS</sqlName>

            <className>es.indra.belcorp.mso.SegPaisView</className>

            <size>12</size>

            <widget>
                <type>combo</type>

                <text>id</text>
</widget>

            <required>true</required>

            <search>false</search>

            <list>false</list>

            <insert>false</insert>

            <modify>false</modify>

            <view>false</view>

            <order>2</order>

            <wrap>false</wrap>
</attribute>
</attributes>

    <actions>
        <action>
            <side>client</side>

            <scope>prequery</scope>

            <code>SegPaisViewData paisOculto = new SegPaisViewData();paisOculto.setId(new Long(MMGDruidaHelper.getUserDefaultCountry(this)));pedAsignAlmacFrom.setPaisOidPais(paisOculto);pedAsignAlmacTo.setPaisOidPais((SegPaisViewData)paisOculto.clone());</code>
</action>

        <action>
            <side>client</side>

            <scope>postquery</scope>

            <code>SegPaisViewData paisOculto = new SegPaisViewData();paisOculto.setId(new Long(MMGDruidaHelper.getUserDefaultCountry(this)));pedAsignAlmacFrom.setPaisOidPais(paisOculto);pedAsignAlmacTo.setPaisOidPais((SegPaisViewData)paisOculto.clone());</code>
</action>

        <action>
            <side>client</side>

            <scope>precreate</scope>

            <code>SegPaisViewData paisOculto = new SegPaisViewData();paisOculto.setId(new Long(MMGDruidaHelper.getUserDefaultCountry(this)));pedAsignAlmac.setPaisOidPais(paisOculto);</code>

        </action>

        <action>
            <side>client</side>

            <scope>postcreate</scope>

            <code>SegPaisViewData paisOculto = new SegPaisViewData();paisOculto.setId(new Long(MMGDruidaHelper.getUserDefaultCountry(this)));pedAsignAlmac.setPaisOidPais(paisOculto);</code>

        </action>

        <action>
            <side>client</side>

            <scope>preupdate</scope>

            <code>SegPaisViewData paisOculto = new SegPaisViewData();paisOculto.setId(new Long(MMGDruidaHelper.getUserDefaultCountry(this)));pedAsignAlmac.setPaisOidPais(paisOculto);</code>

        </action>

        <action>
            <side>client</side>

            <scope>postupdate</scope>

            <code>SegPaisViewData paisOculto = new SegPaisViewData();paisOculto.setId(new Long(MMGDruidaHelper.getUserDefaultCountry(this)));pedAsignAlmac.setPaisOidPais(paisOculto); </code>

        </action>
</actions>

</entity>
