<?xml version="1.0" encoding="UTF-8"?>
<entity xmlns:xsi="http://www.w3.org/2001/XMLSchema-instance"
    xsi:noNamespaceSchemaLocation="/mmg/resources/schemas/entity.xsd">
    <name>PedAtribEspec</name>
    <package>es.indra.belcorp.mso</package>
    <table>PED_ATRIB_ESPEC</table>
    <keyGenerator>PED_ATRE_SEQ</keyGenerator>
    <attributes>
        <attribute>
            <name>id</name>
            <sqlName>OID_ATRI_ESPE</sqlName>
            <primaryKey>true</primaryKey>
            <className>java.lang.Long</className>
            <size>12</size>
            <required>true</required>
            <search>false</search>
            <list>false</list>
            <view>false</view>
            <modify>false</modify>
            <insert>false</insert>
            <order>1</order>
        </attribute>
        <attribute>
            <name>codAtri</name>
            <sqlName>COD_ATRI</sqlName>
            <className>java.lang.String</className>
            <size>2</size>
            <required>true</required>
            <search>true</search>
            <list>true</list>
            <order>2</order>
        </attribute>
        <attribute>
            <name>desAtri</name>
            <sqlName>DES_ATRI</sqlName>
            <className>java.lang.String</className>
            <size>40</size>
            <required>true</required>
            <search>true</search>
            <list>true</list>
            <choice>true</choice>
            <order>3</order>
        </attribute>
        <attribute>
            <name>valForm</name>
            <sqlName>VAL_FORM</sqlName>
            <className>java.lang.String</className>
            <size>40</size>
            <required>false</required>
            <search>true</search>
            <list>true</list>
            <order>4</order>
        </attribute>
        <attribute>
            <name>moduOidModu</name>
            <sqlName>MODU_OID_MODU</sqlName>
            <className>es.indra.belcorp.mso.SegModul</className>
            <size>12</size>
            <widget>
                <type>combo</type>
                <text>id</text>
            </widget>
            <required>true</required>
            <search>true</search>
            <list>true</list>
            <order>5</order>
        </attribute>
    </attributes>
</entity>
