<?xml version="1.0" encoding="UTF-8"?>
<entity>
    <name>PedClaseSolic</name>

    <package>es.indra.belcorp.mso</package>

    <table>PED_CLASE_SOLIC</table>

    <keyGenerator>PED_CLSO_SEQ</keyGenerator>

    <attributes>
        <attribute>
            <name>id</name>

            <sqlName>OID_CLAS_SOLI</sqlName>

            <primaryKey>true</primaryKey>

            <className>java.lang.Long</className>

            <size>12</size>

            <required>true</required>

            <search>false</search>

            <list>false</list>

            <view>false</view>

            <modify>false</modify>

            <insert>false</insert>

            <order>1</order>
</attribute>

        <attribute>
            <name>codClasSoli</name>

            <sqlName>COD_CLAS_SOLI</sqlName>

            <className>java.lang.String</className>

            <size>2</size>

            <required>true</required>

            <search>true</search>

            <list>true</list>

            <uppercase>true</uppercase>

            <modify>true</modify>

            <view>true</view>

            <wrap>false</wrap>

            <order>2</order>

            <editable>false</editable>
</attribute>

        <attribute>
            <name>indOrdeComp</name>

            <sqlName>IND_ORDE_COMP</sqlName>

            <className>java.lang.String</className>

            <size>1</size>

            <required>true</required>

            <search>true</search>

            <list>true</list>

            <modify>true</modify>

            <view>true</view>

            <wrap>false</wrap>

            <order>4</order>

            <widget>
                <type>radioButton</type>

                <options>
                    <option>
                        <value>1</value>

                        <text>Si</text>
</option>

                    <option>
                        <value>0</value>

                        <text>No</text>
</option>
</options>
</widget>
</attribute>

        <attribute>
            <name>Descripcion</name>

            <className>java.lang.String</className>

            <localizationOrder>1</localizationOrder>

            <orderBy>1</orderBy>

            <order>3</order>

            <size>40</size>

            <insert>true</insert>

            <modify>true</modify>

            <search>true</search>

            <list>true</list>

            <view>true</view>

            <wrap>false</wrap>

            <required>true</required>

            <choice>true</choice>
</attribute>
</attributes>

</entity>
