<?xml version="1.0" encoding="UTF-8"?>
<entity>
    <name>PedGrupoProce</name>

    <package>es.indra.belcorp.mso</package>

    <table>PED_GRUPO_PROCE</table>

    <keyGenerator>PED_GRPR_SEQ</keyGenerator>

    <attributes>
        <attribute>
            <name>id</name>

            <sqlName>OID_GRUP_PROC</sqlName>

            <primaryKey>true</primaryKey>

            <className>java.lang.Long</className>

            <size>12</size>

            <required>true</required>

            <search>false</search>

            <list>false</list>

            <view>false</view>

            <modify>false</modify>

            <insert>false</insert>
</attribute>

        <attribute>
            <name>codGrupProc</name>

            <sqlName>COD_GRUP_PROC</sqlName>

            <className>java.lang.String</className>

            <size>3</size>

            <required>true</required>

            <search>true</search>

            <list>true</list>
</attribute>

        <attribute>
            <name>desGrupProc</name>

            <sqlName>DES_GRUP_PROC</sqlName>

            <className>java.lang.String</className>

            <size>40</size>

            <required>false</required>

            <search>true</search>

            <list>true</list>

            <choice>true</choice>
</attribute>
</attributes>

</entity>
