<?xml version="1.0" encoding="UTF-8"?>
<entity>
    <name>PedImpueNegoc</name>

    <package>es.indra.belcorp.mso</package>

    <table>PED_IMPUE_NEGOC</table>

    <keyGenerator>PED_IMNE_SEQ</keyGenerator>

    <attributes>
        <attribute>
            <name>id</name>

            <sqlName>OID_IMPU_NEGO</sqlName>

            <primaryKey>true</primaryKey>

            <className>java.lang.Long</className>

            <size>12</size>

            <required>true</required>

            <search>false</search>

            <list>false</list>

            <view>false</view>

            <modify>false</modify>

            <insert>false</insert>

            <order>1</order>
</attribute>

        <attribute>
            <name>negoOidNego</name>

            <sqlName>NEGO_OID_NEGO</sqlName>

            <className>es.indra.belcorp.mso.MaeNegoc</className>

            <size>12</size>

            <widget>
                <type>combo</type>

                <text>id</text>
</widget>

            <required>true</required>

            <search>true</search>

            <list>true</list>

            <modify>true</modify>

            <view>true</view>

            <order>6</order>

            <wrap>false</wrap>

            <dependency>true</dependency>

            <editable>false</editable>
</attribute>

        <attribute>
            <name>taimOidTasaImpu</name>

            <sqlName>TAIM_OID_TASA_IMPU</sqlName>

            <className>es.indra.belcorp.mso.PedTasaImpue</className>

            <size>12</size>

            <widget>
                <type>combo</type>

                <text>id</text>
</widget>

            <required>true</required>

            <search>true</search>

            <list>true</list>

            <modify>true</modify>

            <view>true</view>

            <order>7</order>

            <dependency>true</dependency>

            <wrap>false</wrap>
</attribute>

        <attribute>
            <name>paisOidPais</name>

            <sqlName>PAIS_OID_PAIS</sqlName>

            <className>es.indra.belcorp.mso.SegPaisView</className>

            <size>12</size>

            <widget>
                <type>combo</type>

                <text>id</text>
</widget>

            <required>true</required>

            <search>false</search>

            <list>false</list>

            <modify>false</modify>

            <view>false</view>

            <order>2</order>

            <wrap>false</wrap>

            <insert>false</insert>
</attribute>

        <attribute>
            <name>sbacOidSbac</name>

            <sqlName>SBAC_OID_SBAC</sqlName>

            <className>es.indra.belcorp.mso.SegSubac</className>

            <size>12</size>

            <widget>
                <type>combo</type>

                <text>id</text>
</widget>

            <required>true</required>

            <search>true</search>

            <list>true</list>

            <order>5</order>

            <modify>true</modify>

            <view>true</view>

            <dependency>true</dependency>

            <wrap>false</wrap>

            <editable>true</editable>
</attribute>
</attributes>

</entity>
