<?xml version="1.0" encoding="UTF-8"?>
<entity>
    <name>PedImpueGener</name>

    <package>es.indra.belcorp.mso</package>

    <table>PED_IMPUE_GENER</table>

    <keyGenerator>PED_IMGE_SEQ</keyGenerator>

    <attributes>
        <attribute>
            <name>id</name>

            <sqlName>OID_IMPU_GENE</sqlName>

            <primaryKey>true</primaryKey>

            <className>java.lang.Long</className>

            <size>12</size>

            <required>true</required>

            <search>false</search>

            <list>false</list>

            <view>false</view>

            <modify>false</modify>

            <insert>false</insert>

            <order>1</order>
</attribute>

        <attribute>
            <name>taimOidTasaImpu</name>

            <sqlName>TAIM_OID_TASA_IMPU</sqlName>

            <className>es.indra.belcorp.mso.PedTasaImpue</className>

            <size>12</size>

            <widget>
                <type>combo</type>

                <text>id</text>
</widget>

            <required>true</required>

            <search>true</search>

            <list>true</list>

            <modify>true</modify>

            <view>true</view>

            <order>6</order>

            <wrap>false</wrap>

            <dependency>true</dependency>
</attribute>

        <attribute>
            <name>indTasaUnic</name>

            <sqlName>IND_TASA_UNIC</sqlName>

            <className>java.lang.Boolean</className>

            <size>1</size>

            <required>false</required>

            <search>true</search>

            <list>true</list>

            <modify>true</modify>

            <view>true</view>

            <order>8</order>

            <wrap>false</wrap>

            <widget>
                <type>checkbox</type>

                <options>
                    <option>
                        <value>1</value>

                        <text>Si</text>
</option>

                    <option>
                        <value>0</value>

                        <text>No</text>
</option>
</options>
</widget>
</attribute>

        <attribute>
            <name>paisOidPais</name>

            <sqlName>PAIS_OID_PAIS</sqlName>

            <className>es.indra.belcorp.mso.SegPaisView</className>

            <size>12</size>

            <widget>
                <type>combo</type>

                <text>id</text>
</widget>

            <required>true</required>

            <search>false</search>

            <list>false</list>

            <order>2</order>

            <insert>false</insert>

            <modify>false</modify>

            <view>false</view>

            <wrap>false</wrap>
</attribute>

        <attribute>
            <name>sbacOidSbac</name>

            <sqlName>SBAC_OID_SBAC</sqlName>

            <className>es.indra.belcorp.mso.SegSubac</className>

            <size>12</size>

            <widget>
                <type>combo</type>

                <text>id</text>
</widget>

            <required>true</required>

            <search>true</search>

            <list>true</list>

            <modify>true</modify>

            <view>true</view>

            <order>5</order>

            <wrap>true</wrap>

            <dependency>true</dependency>

            <editable>false</editable>
</attribute>

        <attribute>
            <name>taimOidTasaImpuFlet</name>

            <sqlName>TAIM_OID_TASA_IMPU_FLET</sqlName>

            <className>es.indra.belcorp.mso.PedTasaImpue</className>

            <size>12</size>

            <widget>
                <type>combo</type>

                <text>id</text>
</widget>

            <required>false</required>

            <search>true</search>

            <list>true</list>

            <modify>true</modify>

            <view>true</view>

            <order>7</order>

            <wrap>false</wrap>

            <dependency>true</dependency>
</attribute>
</attributes>

    <actions>
        <action>
            <side>client</side>

            <scope>precreate</scope>

            <code>SegPaisViewData paisOculto = new SegPaisViewData();paisOculto.setId(new Long(MMGDruidaHelper.getUserDefaultCountry(this)));pedImpueGener.setPaisOidPais(paisOculto);</code>
</action>

        <action>
            <side>client</side>

            <scope>postcreate</scope>

            <code>SegPaisViewData paisOculto = new SegPaisViewData();paisOculto.setId(new Long(MMGDruidaHelper.getUserDefaultCountry(this)));pedImpueGener.setPaisOidPais(paisOculto);</code>
</action>

        <action>
            <side>client</side>

            <scope>preupdate</scope>

            <code>SegPaisViewData paisOculto = new SegPaisViewData();paisOculto.setId(new Long(MMGDruidaHelper.getUserDefaultCountry(this)));pedImpueGener.setPaisOidPais(paisOculto);</code>
</action>

        <action>
            <side>client</side>

            <scope>postupdate</scope>

            <code>SegPaisViewData paisOculto = new SegPaisViewData();paisOculto.setId(new Long(MMGDruidaHelper.getUserDefaultCountry(this)));pedImpueGener.setPaisOidPais(paisOculto);</code>
</action>

        <action>
            <side>client</side>

            <scope>prequery</scope>

            <code>SegPaisViewData paisOculto = new SegPaisViewData();paisOculto.setId(new Long(MMGDruidaHelper.getUserDefaultCountry(this)));pedImpueGenerFrom.setPaisOidPais(paisOculto);pedImpueGenerTo.setPaisOidPais((SegPaisViewData)paisOculto.clone());</code>

        </action>

        <action>
            <side>client</side>

            <scope>postquery</scope>

            <code>SegPaisViewData paisOculto = new SegPaisViewData();paisOculto.setId(new Long(MMGDruidaHelper.getUserDefaultCountry(this)));pedImpueGenerFrom.setPaisOidPais(paisOculto);pedImpueGenerTo.setPaisOidPais((SegPaisViewData)paisOculto.clone());</code>

        </action>
</actions>

</entity>
