<?xml version="1.0" encoding="UTF-8"?>
<entity>
    <name>PedProce</name>

    <package>es.indra.belcorp.mso</package>

    <table>PED_PROCE</table>

    <keyGenerator>PED_PROC_SEQ</keyGenerator>

    <attributes>
        <attribute>
            <name>id</name>

            <sqlName>OID_PROC</sqlName>

            <primaryKey>true</primaryKey>

            <className>java.lang.Long</className>

            <size>12</size>

            <required>true</required>

            <search>false</search>

            <list>false</list>

            <view>false</view>

            <modify>false</modify>

            <insert>false</insert>

            <order>1</order>
</attribute>

        <attribute>
            <name>codProc</name>

            <sqlName>COD_PROC</sqlName>

            <className>java.lang.String</className>

            <size>3</size>

            <required>true</required>

            <search>true</search>

            <list>true</list>

            <modify>true</modify>

            <editable>false</editable>

            <view>true</view>

            <order>2</order>

            <wrap>false</wrap>

            <uppercase>true</uppercase>
</attribute>

        <attribute>
            <name>grprOidGrupProc</name>

            <sqlName>GRPR_OID_GRUP_PROC</sqlName>

            <className>es.indra.belcorp.mso.PedGrupoProce</className>

            <size>12</size>

            <widget>
                <type>combo</type>

                <text>id</text>
</widget>

            <required>true</required>

            <search>true</search>

            <list>true</list>

            <modify>true</modify>

            <view>true</view>

            <order>4</order>

            <wrap>false</wrap>

            <dependency>true</dependency>
</attribute>

        <attribute>
            <name>progOidProg</name>

            <sqlName>PROG_OID_PROG</sqlName>

            <className>es.indra.belcorp.mso.PedProgr</className>

            <size>12</size>

            <widget>
                <type>combo</type>

                <text>id</text>
</widget>

            <required>false</required>

            <search>true</search>

            <list>true</list>

            <order>5</order>

            <modify>true</modify>

            <view>true</view>

            <wrap>true</wrap>

            <dependency>true</dependency>
</attribute>

        <attribute>
            <name>tposOidTipoPosi</name>

            <sqlName>TPOS_OID_TIPO_POSI</sqlName>

            <className>es.indra.belcorp.mso.PedTipoPosic</className>

            <size>12</size>

            <widget>
                <type>combo</type>

                <text>id</text>
</widget>

            <required>false</required>

            <search>true</search>

            <list>true</list>

            <modify>true</modify>

            <view>true</view>

            <order>7</order>

            <wrap>false</wrap>

            <dependency>true</dependency>
</attribute>

        <attribute>
            <name>procOidProc</name>

            <sqlName>PROC_OID_PROC</sqlName>

            <className>es.indra.belcorp.mso.PedProceView</className>

            <size>12</size>

            <widget>
                <type>combo</type>

                <text>id</text>
</widget>

            <required>false</required>

            <search>true</search>

            <list>true</list>

            <order>6</order>

            <modify>true</modify>

            <view>true</view>

            <wrap>false</wrap>

            <dependency>true</dependency>
</attribute>

        <attribute>
            <name>stpoOidSubtPosi</name>

            <sqlName>STPO_OID_SUBT_POSI</sqlName>

            <className>es.indra.belcorp.mso.PedSubtiPosicView</className>

            <size>12</size>

            <widget>
                <type>combo</type>

                <text>id</text>
</widget>

            <required>false</required>

            <search>true</search>

            <list>true</list>

            <dependency>true</dependency>

            <modify>true</modify>

            <view>true</view>

            <wrap>false</wrap>

            <order>8</order>
</attribute>

        <attribute>
            <name>Descripcion</name>

            <className>java.lang.String</className>

            <localizationOrder>1</localizationOrder>

            <orderBy>1</orderBy>

            <order>3</order>

            <required>true</required>

            <size>40</size>

            <insert>true</insert>

            <search>true</search>

            <modify>true</modify>

            <wrap>true</wrap>

            <choice>true</choice>

            <list>true</list>
</attribute>
</attributes>

</entity>
