<?xml version="1.0" encoding="UTF-8"?>
<entity>
    <name>PedProgr</name>

    <package>es.indra.belcorp.mso</package>

    <table>PED_PROGR</table>

    <keyGenerator>PED_PROG_SEQ</keyGenerator>

    <attributes>
        <attribute>
            <name>id</name>

            <sqlName>OID_PROG</sqlName>

            <primaryKey>true</primaryKey>

            <className>java.lang.Long</className>

            <size>12</size>

            <required>true</required>

            <search>false</search>

            <list>false</list>

            <view>false</view>

            <modify>false</modify>

            <insert>false</insert>
</attribute>

        <attribute>
            <name>valNomb</name>

            <sqlName>VAL_NOMB</sqlName>

            <className>java.lang.String</className>

            <size>40</size>

            <required>false</required>

            <search>true</search>

            <list>true</list>

            <choice>true</choice>
</attribute>

        <attribute>
            <name>valClasEjec</name>

            <sqlName>VAL_CLAS_EJEC</sqlName>

            <className>java.lang.String</className>

            <size>40</size>

            <required>false</required>

            <search>true</search>

            <list>true</list>
</attribute>
</attributes>

</entity>
