<?xml version="1.0" encoding="UTF-8"?>
<entity>
    <name>PedProceView</name>

    <package>es.indra.belcorp.mso</package>

    <table>PED_PROCE</table>

    <keyGenerator>PED_PROC_SEQ</keyGenerator>

    <attributes>
        <attribute>
            <name>id</name>

            <sqlName>OID_PROC</sqlName>

            <primaryKey>true</primaryKey>

            <className>java.lang.Long</className>

            <size>12</size>

            <required>true</required>

            <search>false</search>

            <list>false</list>

            <view>false</view>

            <modify>false</modify>

            <insert>false</insert>

            <order>1</order>
</attribute>

        <attribute>
            <name>codProc</name>

            <sqlName>COD_PROC</sqlName>

            <className>java.lang.String</className>

            <size>3</size>

            <required>true</required>

            <search>true</search>

            <list>true</list>

            <modify>true</modify>

            <editable>false</editable>

            <view>true</view>

            <order>2</order>

            <wrap>false</wrap>

            <uppercase>true</uppercase>
</attribute>

        <attribute>
            <name>Descripcion</name>

            <className>java.lang.String</className>

            <localizationOrder>1</localizationOrder>

            <orderBy>1</orderBy>

            <order>3</order>

            <required>true</required>

            <size>40</size>

            <insert>true</insert>

            <search>true</search>

            <modify>true</modify>

            <wrap>true</wrap>

            <list>true</list>
</attribute>
</attributes>

</entity>
