<?xml version="1.0" encoding="UTF-8"?>
<entity>
    <name>PedSubtiPosic</name>

    <package>es.indra.belcorp.mso</package>

    <table>PED_SUBTI_POSIC</table>

    <keyGenerator>PED_STPO_SEQ</keyGenerator>

    <attributes>
        <attribute>
            <name>id</name>

            <sqlName>OID_SUBT_POSI</sqlName>

            <primaryKey>true</primaryKey>

            <className>java.lang.Long</className>

            <size>12</size>

            <required>true</required>

            <search>false</search>

            <list>false</list>

            <view>false</view>

            <modify>false</modify>

            <insert>false</insert>

            <order>1</order>
</attribute>

        <attribute>
            <name>codSubtPosi</name>

            <sqlName>COD_SUBT_POSI</sqlName>

            <className>java.lang.String</className>

            <size>2</size>

            <required>true</required>

            <search>true</search>

            <list>true</list>

            <order>2</order>

            <modify>true</modify>

            <editable>false</editable>

            <view>true</view>

            <wrap>false</wrap>

            <uppercase>true</uppercase>
</attribute>

        <attribute>
            <name>tposOidTipoPosi</name>

            <sqlName>TPOS_OID_TIPO_POSI</sqlName>

            <className>es.indra.belcorp.mso.PedTipoPosic</className>

            <size>12</size>

            <widget>
                <type>combo</type>

                <text>id</text>
</widget>

            <required>true</required>

            <search>true</search>

            <list>true</list>

            <order>3</order>

            <modify>true</modify>

            <view>true</view>

            <wrap>false</wrap>

            <dependency>true</dependency>
</attribute>

        <attribute>
            <name>Descripcion</name>

            <className>java.lang.String</className>

            <localizationOrder>1</localizationOrder>

            <orderBy>1</orderBy>

            <order>4</order>

            <required>true</required>

            <search>true</search>

            <list>true</list>

            <view>true</view>

            <modify>true</modify>

            <choice>true</choice>

            <size>40</size>

            <insert>true</insert>

            <wrap>false</wrap>

        </attribute>
</attributes>

</entity>
