<?xml version="1.0" encoding="UTF-8"?>
<entity xmlns:xsi="http://www.w3.org/2001/XMLSchema-instance" xsi:noNamespaceSchemaLocation="C:/mmg/resources/schemas/entity.xsd">
	<name>PedTipoSolicPaisView</name>
	<package>es.indra.belcorp.mso</package>
	<table>PED_TIPO_SOLIC_PAIS</table>
	<keyGenerator>PED_TSPA_SEQ</keyGenerator>
	<attributes>
		<attribute>
			<name>id</name>
			<sqlName>OID_TIPO_SOLI_PAIS</sqlName>
			<primaryKey>true</primaryKey>
			<className>java.lang.Long</className>
			<size>12</size>
			<required>true</required>
			<search>false</search>
			<list>false</list>
			<view>false</view>
			<modify>false</modify>
			<insert>false</insert>
			<order>1</order>
		</attribute>
		<attribute>
			<name>tsolOidTipoSoli</name>
			<sqlName>TSOL_OID_TIPO_SOLI</sqlName>
			<className>es.indra.belcorp.mso.PedTipoSolic</className>
			<size>12</size>
			<widget>
				<type>combo</type>
				<text>id</text>
			</widget>
			<required>true</required>
			<search>true</search>
			<list>true</list>
			<order>3</order>
		</attribute>
	</attributes>
</entity>
