<?xml version="1.0" encoding="UTF-8"?>
<entity xmlns:xsi="http://www.w3.org/2001/XMLSchema-instance" xsi:noNamespaceSchemaLocation="C:/mmg/resources/schemas/entity.xsd">
	<name>PedTipoSolicPais</name>
	<package>es.indra.belcorp.mso</package>
	<table>PED_TIPO_SOLIC_PAIS</table>
	<keyGenerator>PED_TSPA_SEQ</keyGenerator>
	<attributes>
		<attribute>
			<name>id</name>
			<sqlName>OID_TIPO_SOLI_PAIS</sqlName>
			<primaryKey>true</primaryKey>
			<className>java.lang.Long</className>
			<size>12</size>
			<required>true</required>
			<search>false</search>
			<list>false</list>
			<view>false</view>
			<modify>false</modify>
			<insert>false</insert>
			<order>1</order>
		</attribute>
		<attribute>
			<name>paisOidPais</name>
			<sqlName>PAIS_OID_PAIS</sqlName>
			<className>es.indra.belcorp.mso.SegPaisView</className>
			<size>12</size>
			<widget>
				<type>combo</type>
				<text>id</text>
			</widget>
			<required>true</required>
			<search>false</search>
			<list>false</list>
			<insert>false</insert>
			<modify>false</modify>
			<view>false</view>
			<wrap>false</wrap>
			<order>2</order>
		</attribute>
		<attribute>
			<name>tsolOidTipoSoli</name>
			<sqlName>TSOL_OID_TIPO_SOLI</sqlName>
			<className>es.indra.belcorp.mso.PedTipoSolic</className>
			<size>12</size>
			<widget>
				<type>combo</type>
				<text>id</text>
			</widget>
			<required>true</required>
			<search>true</search>
			<list>true</list>
			<order>3</order>
		</attribute>
		<attribute>
			<name>numSoliLote</name>
			<sqlName>NUM_SOLI_LOTE</sqlName>
			<className>java.lang.Long</className>
			<size>3</size>
			<required>false</required>
			<search>true</search>
			<list>true</list>
			<order>4</order>
		</attribute>
		<attribute>
			<name>numUnidAlar</name>
			<sqlName>NUM_UNID_ALAR</sqlName>
			<className>java.lang.Long</className>
			<size>5</size>
			<required>false</required>
			<search>true</search>
			<list>true</list>
			<order>5</order>
		</attribute>
		<attribute>
			<name>fopaOidFormPago</name>
			<sqlName>FOPA_OID_FORM_PAGO</sqlName>
			<className>es.indra.belcorp.mso.BelFormaPago</className>
			<size>12</size>
			<widget>
				<type>combo</type>
				<text>id</text>
			</widget>
			<required>false</required>
			<search>true</search>
			<list>true</list>
			<order>6</order>
		</attribute>
		<attribute>
			<name>indSujeFlet</name>
			<sqlName>IND_SUJE_FLET</sqlName>
			<className>java.lang.Long</className>
			<size>1</size>
			<required>false</required>
			<search>true</search>
			<list>true</list>
			<order>7</order>
		</attribute>
		<attribute>
			<name>indReseStoc</name>
			<sqlName>IND_RESE_STOC</sqlName>
			<className>java.lang.Long</className>
			<size>1</size>
			<required>false</required>
			<search>true</search>
			<list>true</list>
			<order>8</order>
		</attribute>
		<attribute>
			<name>indPermReve</name>
			<sqlName>IND_PERM_REVE</sqlName>
			<className>java.lang.Long</className>
			<size>1</size>
			<required>false</required>
			<search>true</search>
			<list>true</list>
			<order>9</order>
		</attribute>
		<attribute>
			<name>indPediPrue</name>
			<sqlName>IND_PEDI_PRUE</sqlName>
			<className>java.lang.Long</className>
			<size>1</size>
			<required>false</required>
			<search>true</search>
			<list>true</list>
			<order>10</order>
		</attribute>
		<attribute>
			<name>indComi</name>
			<sqlName>IND_COMI</sqlName>
			<className>java.lang.Long</className>
			<size>1</size>
			<required>false</required>
			<search>true</search>
			<list>true</list>
			<order>11</order>
		</attribute>
		<attribute>
			<name>indVentInteSab14</name>
			<sqlName>IND_VENT_INTE_SAB_14</sqlName>
			<className>java.lang.Long</className>
			<size>1</size>
			<required>false</required>
			<search>true</search>
			<list>true</list>
			<order>12</order>
		</attribute>
		<attribute>
			<name>cactOidActi</name>
			<sqlName>CACT_OID_ACTI</sqlName>
			<className>es.indra.belcorp.mso.CraActiv</className>
			<size>12</size>
			<widget>
				<type>combo</type>
				<text>id</text>
			</widget>
			<required>false</required>
			<search>true</search>
			<list>true</list>
			<order>13</order>
		</attribute>
		<attribute>
			<name>moneOidMone</name>
			<sqlName>MONE_OID_MONE</sqlName>
			<className>es.indra.belcorp.mso.SegMoned</className>
			<size>12</size>
			<widget>
				<type>combo</type>
				<text>id</text>
			</widget>
			<required>false</required>
			<search>true</search>
			<list>true</list>
			<order>14</order>
		</attribute>
		<attribute>
			<name>tmalOidTipoMoviAsig</name>
			<sqlName>TMAL_OID_TIPO_MOVI_ASIG</sqlName>
			<className>es.indra.belcorp.mso.BelTipoMovimAlmac</className>
			<size>12</size>
			<widget>
				<type>combo</type>
				<text>id</text>
			</widget>
			<required>false</required>
			<search>true</search>
			<list>true</list>
			<order>15</order>
		</attribute>
		<attribute>
			<name>tmalOidTipoMoviRese</name>
			<sqlName>TMAL_OID_TIPO_MOVI_RESE</sqlName>
			<className>es.indra.belcorp.mso.BelTipoMovimAlmac</className>
			<size>12</size>
			<widget>
				<type>combo</type>
				<text>id</text>
			</widget>
			<required>false</required>
			<search>true</search>
			<list>true</list>
			<order>16</order>
		</attribute>
		<attribute>
			<name>tmalOidTipoMoviFact</name>
			<sqlName>TMAL_OID_TIPO_MOVI_FACT</sqlName>
			<className>es.indra.belcorp.mso.BelTipoMovimAlmac</className>
			<size>12</size>
			<widget>
				<type>combo</type>
				<text>id</text>
			</widget>
			<required>false</required>
			<search>true</search>
			<list>true</list>
			<order>17</order>
		</attribute>
		<attribute>
			<name>tidoOidTipoDocu</name>
			<sqlName>TIDO_OID_TIPO_DOCU</sqlName>
			<className>es.indra.belcorp.mso.FacTipoDocum</className>
			<size>12</size>
			<widget>
				<type>combo</type>
				<text>id</text>
			</widget>
			<required>false</required>
			<search>true</search>
			<list>true</list>
			<order>18</order>
		</attribute>
		<attribute>
			<name>indPermUnio</name>
			<sqlName>IND_PERM_UNIO</sqlName>
			<className>java.lang.Long</className>
			<size>1</size>
			<required>false</required>
			<search>true</search>
			<list>true</list>
			<order>19</order>
		</attribute>
		<attribute>
			<name>indPediGtZona</name>
			<sqlName>IND_PEDI_GT_ZONA</sqlName>
			<className>java.lang.Long</className>
			<size>1</size>
			<required>false</required>
			<search>true</search>
			<list>true</list>
			<order>20</order>
		</attribute>
		<attribute>
			<name>indCambVentBel</name>
			<sqlName>IND_CAMB_VENT_BEL</sqlName>
			<className>java.lang.Long</className>
			<size>1</size>
			<required>false</required>
			<search>true</search>
			<list>true</list>
			<order>21</order>
		</attribute>
		<attribute>
			<name>almcOidAlma</name>
			<sqlName>ALMC_OID_ALMA</sqlName>
			<className>es.indra.belcorp.mso.BelAlmac</className>
			<size>12</size>
			<widget>
				<type>combo</type>
				<text>id</text>
			</widget>
			<required>false</required>
			<search>true</search>
			<list>true</list>
			<order>22</order>
		</attribute>
		<attribute>
			<name>sociOidSoci</name>
			<sqlName>SOCI_OID_SOCI</sqlName>
			<className>es.indra.belcorp.mso.SegSocie</className>
			<size>12</size>
			<widget>
				<type>combo</type>
				<text>id</text>
			</widget>
			<required>false</required>
			<search>true</search>
			<list>true</list>
			<order>23</order>
		</attribute>
		<attribute>
			<name>valGlos</name>
			<sqlName>VAL_GLOS</sqlName>
			<className>java.lang.String</className>
			<size>255</size>
			<required>false</required>
			<search>true</search>
			<list>true</list>
			<order>24</order>
		</attribute>
		<attribute>
			<name>tsolOidTipoCons</name>
			<sqlName>TSOL_OID_TIPO_CONS</sqlName>
			<className>es.indra.belcorp.mso.PedTipoSolicPaisView</className>
			<size>12</size>
			<widget>
				<type>combo</type>
				<text>id</text>
			</widget>
			<required>false</required>
			<search>true</search>
			<list>true</list>
			<order>25</order>
		</attribute>
	</attributes>
	<actions>
		<action>
			<side>client</side>
			<scope>precreate</scope>
			<code>
				<![CDATA[
                SegPaisViewData paisOculto = new SegPaisViewData();
                paisOculto.setId(new Long(MMGDruidaHelper.getUserDefaultCountry(this)));
                pedTipoSolicPais.setPaisOidPais(paisOculto);
               ]]>
			</code>
		</action>
		<action>
			<side>client</side>
			<scope>postcreate</scope>
			<code>
				<![CDATA[
                SegPaisViewData paisOculto = new SegPaisViewData();
                paisOculto.setId(new Long(MMGDruidaHelper.getUserDefaultCountry(this)));
                pedTipoSolicPais.setPaisOidPais(paisOculto);
                ]]>
			</code>
		</action>
		<action>
			<side>client</side>
			<scope>preupdate</scope>
			<code>
				<![CDATA[
                SegPaisViewData paisOculto = new SegPaisViewData();
                paisOculto.setId(new Long(MMGDruidaHelper.getUserDefaultCountry(this)));
                pedTipoSolicPais.setPaisOidPais(paisOculto);
                ]]>
			</code>
		</action>
		<action>
			<side>client</side>
			<scope>postupdate</scope>
			<code>
				<![CDATA[
                SegPaisViewData paisOculto = new SegPaisViewData();
                paisOculto.setId(new Long(MMGDruidaHelper.getUserDefaultCountry(this)));
                pedTipoSolicPais.setPaisOidPais(paisOculto);
                ]]>
			</code>
		</action>
		<action>
			<side>client</side>
			<scope>prequery</scope>
			<code>
				<![CDATA[
                SegPaisViewData paisOculto = new SegPaisViewData();
                paisOculto.setId(new Long(MMGDruidaHelper.getUserDefaultCountry(this)));
                pedTipoSolicPaisFrom.setPaisOidPais(paisOculto);
                pedTipoSolicPaisTo.setPaisOidPais((SegPaisViewData)paisOculto.clone());
                ]]>
			</code>
		</action>
		<action>
			<side>client</side>
			<scope>postquery</scope>
			<code>
				<![CDATA[
                SegPaisViewData paisOculto = new SegPaisViewData();
                paisOculto.setId(new Long(MMGDruidaHelper.getUserDefaultCountry(this)));
                pedTipoSolicPaisFrom.setPaisOidPais(paisOculto);
                pedTipoSolicPaisTo.setPaisOidPais((SegPaisViewData)paisOculto.clone());
                ]]>
			</code>
		</action>
	</actions>
</entity>
