<?xml version="1.0" encoding="UTF-8"?>
<entity xmlns:xsi="http://www.w3.org/2001/XMLSchema-instance"
	xsi:noNamespaceSchemaLocation="C:/mmg/resources/schemas/entity.xsd">
	<name>PedTipoSolic</name>
	<package>es.indra.belcorp.mso</package>
	<table>PED_TIPO_SOLIC</table>
	<keyGenerator>PED_TSOL_SEQ</keyGenerator> 
	<attributes>
		<attribute>
			<name>id</name>
			<sqlName>OID_TIPO_SOLI</sqlName>
			<primaryKey>true</primaryKey>
			<className>java.lang.Long</className>
			<size>12</size>
			<required>true</required>
			<search>false</search>
			<list>false</list>
			<view>false</view>
			<modify>false</modify>
			<insert>false</insert>
			<order>1</order>
		</attribute>
		<attribute>
			<name>codTipoSoli</name>
			<sqlName>COD_TIPO_SOLI</sqlName>
			<className>java.lang.String</className>
			<size>4</size>
			<required>true</required>
			<search>true</search>
			<list>true</list>
			<order>2</order>
		</attribute>
		<attribute>
			<name>ticlOidTipoClie</name>
			<sqlName>TICL_OID_TIPO_CLIE</sqlName>
			<className>es.indra.belcorp.mso.MaeTipoClien</className>
			<size>12</size>
			<widget>
				<type>combo</type>
				<text>id</text>
			</widget>
			<required>true</required>
			<search>true</search>
			<list>true</list>
			<order>3</order>
		</attribute>
		<attribute>
			<name>marcOidMarc</name>
			<sqlName>MARC_OID_MARC</sqlName>
			<className>es.indra.belcorp.mso.SegMarca</className>
			<size>12</size>
			<widget>
				<type>combo</type>
				<text>id</text>
			</widget>
			<required>true</required>
			<search>true</search>
			<list>true</list>
			<order>4</order>
		</attribute>
		<attribute>
			<name>acceOidAcce</name>
			<sqlName>ACCE_OID_ACCE</sqlName>
			<className>es.indra.belcorp.mso.SegAcces</className>
			<size>12</size>
			<widget>
				<type>combo</type>
				<text>id</text>
			</widget>
			<required>true</required>
			<search>true</search>
			<list>true</list>
			<order>5</order>
		</attribute>
		<attribute>
			<name>clsoOidClasSoli</name>
			<sqlName>CLSO_OID_CLAS_SOLI</sqlName>
			<className>es.indra.belcorp.mso.PedClaseSolic</className>
			<size>12</size>
			<widget>
				<type>combo</type>
				<text>id</text>
			</widget>
			<required>true</required>
			<search>true</search>
			<list>true</list>
			<order>6</order>
		</attribute>
		<attribute>
			<name>indCons</name>
			<sqlName>IND_CONS</sqlName>
			<className>java.lang.Long</className>
			<size>1</size>
			<required>true</required>
			<search>true</search>
			<list>true</list>
			<order>7</order>
		</attribute>
		<attribute>
			<name>indSoliNega</name>
			<sqlName>IND_SOLI_NEGA</sqlName>
			<className>java.lang.Long</className>
			<size>1</size>
			<required>true</required>
			<search>true</search>
			<list>true</list>
			<order>8</order>
		</attribute>
		<attribute>
			<name>grsoOidGrupSoli</name>
			<sqlName>GRSO_OID_GRUP_SOLI</sqlName>
			<className>es.indra.belcorp.mso.CarGrupoSolic</className>
			<size>12</size>
			<widget>
				<type>combo</type>
				<text>id</text>
			</widget>
			<required>false</required>
			<search>true</search>
			<list>true</list>
			<order>9</order>
		</attribute>
		<attribute>
			<name>indDevo</name>
			<sqlName>IND_DEVO</sqlName>
			<className>java.lang.Long</className>
			<size>1</size>
			<required>true</required>
			<search>true</search>
			<list>true</list>
			<order>10</order>
		</attribute>
		<attribute>
			<name>indAnul</name>
			<sqlName>IND_ANUL</sqlName>
			<className>java.lang.Long</className>
			<size>1</size>
			<required>true</required>
			<search>true</search>
			<list>true</list>
			<order>11</order>
		</attribute>
		<attribute>
			<name>sbacOidSbac</name>
			<sqlName>SBAC_OID_SBAC</sqlName>
			<className>es.indra.belcorp.mso.SegSubac</className>
			<size>12</size>
			<widget>
				<type>combo</type>
				<text>id</text>
			</widget>
			<required>false</required>
			<search>true</search>
			<list>true</list>
			<order>12</order>
		</attribute>
		<attribute>
			<name>codGrupSoli</name>
			<sqlName>COD_GRUP_SOLI</sqlName>
			<className>java.lang.String</className>
			<size>2</size>
			<required>false</required>
			<search>true</search>
			<list>true</list>
			<order>13</order>
		</attribute>
		<attribute>
			<name>Descripcion</name>
			<className>java.lang.String</className>
			<order>14</order>
			<localizationOrder>1</localizationOrder>
			<orderBy>1</orderBy>
			<modify>true</modify>
			<insert>true</insert>
			<search>false</search>
			<list>false</list>
			<view>true</view>
			<required>true</required>
			<wrap>false</wrap>
			<size>50</size>
			<uppercase>true</uppercase>
		</attribute>
	</attributes>
</entity>
