<?xml version="1.0" encoding="UTF-8"?>
<entity>
    <name>PedUmbraFalta</name>

    <package>es.indra.belcorp.mso</package>

    <table>PED_UMBRA_FALTA</table>

    <keyGenerator>PED_UMFA_SEQ</keyGenerator>

    <attributes>
        <attribute>
            <name>paisOidPais</name>

            <sqlName>PAIS_OID_PAIS</sqlName>

            <className>es.indra.belcorp.mso.SegPaisView</className>

            <size>12</size>

            <widget>
                <type>combo</type>

                <text>id</text>
</widget>

            <required>true</required>

            <search>false</search>

            <list>false</list>

            <modify>false</modify>

            <view>false</view>

            <order>2</order>

            <wrap>false</wrap>

            <insert>false</insert>
</attribute>

        <attribute>
            <name>negoOidNego</name>

            <sqlName>NEGO_OID_NEGO</sqlName>

            <className>es.indra.belcorp.mso.MaeNegoc</className>

            <size>12</size>

            <widget>
                <type>combo</type>

                <text>id</text>
</widget>

            <required>true</required>

            <search>true</search>

            <list>true</list>

            <modify>false</modify>

            <editable>false</editable>

            <view>true</view>

            <order>3</order>

            <wrap>false</wrap>
</attribute>

        <attribute>
            <name>valUmbrFalt</name>

            <sqlName>VAL_UMBR_FALT</sqlName>

            <className>java.lang.Double</className>

            <size>9,3</size>

            <required>true</required>

            <search>false</search>

            <list>true</list>

            <view>true</view>

            <modify>true</modify>

            <order>4</order>

            <wrap>false</wrap>
</attribute>

        <attribute>
            <name>id</name>

            <sqlName>OID_UMBR</sqlName>

            <primaryKey>true</primaryKey>

            <className>java.lang.Long</className>

            <size>12</size>

            <required>true</required>

            <search>false</search>

            <list>false</list>

            <view>false</view>

            <modify>false</modify>

            <insert>false</insert>

            <order>1</order>
</attribute>
</attributes>

    <actions>
        <action>
            <side>client</side>

            <scope>precreate</scope>

            <code>SegPaisViewData paisOculto = new SegPaisViewData();paisOculto.setId(new Long(MMGDruidaHelper.getUserDefaultCountry(this)));pedUmbraFalta.setPaisOidPais(paisOculto);</code>
</action>

        <action>
            <side>client</side>

            <scope>postcreate</scope>

            <code>SegPaisViewData paisOculto = new SegPaisViewData();paisOculto.setId(new Long(MMGDruidaHelper.getUserDefaultCountry(this)));pedUmbraFalta.setPaisOidPais(paisOculto);</code>
</action>

        <action>
            <side>client</side>

            <scope>preupdate</scope>

            <code>SegPaisViewData paisOculto = new SegPaisViewData();paisOculto.setId(new Long(MMGDruidaHelper.getUserDefaultCountry(this)));pedUmbraFalta.setPaisOidPais(paisOculto);</code>
</action>

        <action>
            <side>client</side>

            <scope>postupdate</scope>

            <code>SegPaisViewData paisOculto = new SegPaisViewData();paisOculto.setId(new Long(MMGDruidaHelper.getUserDefaultCountry(this)));pedUmbraFalta.setPaisOidPais(paisOculto);</code>
</action>

        <action>
            <side>client</side>

            <scope>prequery</scope>

            <code>SegPaisViewData paisOculto = new SegPaisViewData();paisOculto.setId(new Long(MMGDruidaHelper.getUserDefaultCountry(this)));pedUmbraFaltaFrom.setPaisOidPais(paisOculto);pedUmbraFaltaTo.setPaisOidPais((SegPaisViewData)paisOculto.clone());</code>
</action>

        <action>
            <side>client</side>

            <scope>postquery</scope>

            <code>SegPaisViewData paisOculto = new SegPaisViewData();paisOculto.setId(new Long(MMGDruidaHelper.getUserDefaultCountry(this)));pedUmbraFaltaFrom.setPaisOidPais(paisOculto);pedUmbraFaltaTo.setPaisOidPais((SegPaisViewData)paisOculto.clone());</code>
</action>
</actions>

</entity>
