<?xml version="1.0" encoding="UTF-8"?>
<entity>
    <name>PreArgumVenta</name>

    <package>es.indra.belcorp.mso</package>

    <table>PRE_ARGUM_VENTA</table>

    <keyGenerator>PRE_ARGV_SEQ</keyGenerator>

    <attributes>
        <attribute>
            <name>id</name>

            <sqlName>OID_ARGU_VENT</sqlName>

            <primaryKey>true</primaryKey>

            <className>java.lang.Long</className>

            <size>12</size>

            <required>true</required>

            <search>false</search>

            <list>false</list>

            <view>false</view>

            <modify>false</modify>

            <insert>false</insert>

            <order>1</order>
</attribute>

        <attribute>
            <name>codArguVent</name>

            <sqlName>COD_ARGU_VENT</sqlName>

            <className>java.lang.Long</className>

            <size>4</size>

            <required>true</required>

            <search>true</search>

            <list>true</list>

            <order>2</order>

            <wrap>false</wrap>

            <view>true</view>
</attribute>

        <attribute>
            <name>valFactRepe</name>

            <sqlName>VAL_FACT_REPE</sqlName>

            <className>java.lang.Long</className>

            <size>2</size>

            <required>false</required>

            <search>false</search>

            <list>true</list>

            <order>5</order>

            <view>true</view>

            <wrap>false</wrap>
</attribute>

        <attribute>
            <name>tiesOidTipoEstr</name>

            <sqlName>TIES_OID_TIPO_ESTR</sqlName>

            <className>es.indra.belcorp.mso.PreTipoEstra</className>

            <size>12</size>

            <widget>
                <type>combo</type>

                <text>id</text>
</widget>

            <required>false</required>

            <search>false</search>

            <list>true</list>

            <order>4</order>

            <wrap>false</wrap>

            <view>false</view>

            <dependency>true</dependency>
</attribute>

        <attribute>
            <name>Descripcion</name>

            <className>java.lang.String</className>

            <list>true</list>

            <view>true</view>

            <search>true</search>

            <localizationOrder>1</localizationOrder>

            <orderBy>1</orderBy>

            <choice>true</choice>

            <size>40</size>

            <order>3</order>

            <wrap>false</wrap>
</attribute>
</attributes>

</entity>
