<?xml version="1.0" encoding="UTF-8"?>
<entity>
    <name>PreConfiGp</name>

    <package>es.indra.belcorp.mso</package>

    <table>PRE_CONFI_GP</table>

    <keyGenerator>PRE_CGPP_SEQ</keyGenerator>

    <attributes>
        <attribute>
            <name>id</name>

            <sqlName>OID_CONF_GP</sqlName>

            <primaryKey>true</primaryKey>

            <className>java.lang.Long</className>

            <size>12</size>

            <required>true</required>

            <search>false</search>

            <list>false</list>

            <view>false</view>

            <modify>false</modify>

            <insert>false</insert>

            <order>1</order>
</attribute>

        <attribute>
            <name>paisOidPais</name>

            <sqlName>PAIS_OID_PAIS</sqlName>

            <className>es.indra.belcorp.mso.SegPaisView</className>

            <size>12</size>

            <widget>
                <type>combo</type>

                <text>id</text>
</widget>

            <required>true</required>

            <search>false</search>

            <list>false</list>

            <insert>false</insert>

            <modify>false</modify>

            <order>2</order>

            <view>false</view>

            <wrap>false</wrap>

            <editable>false</editable>
</attribute>

        <attribute>
            <name>marcOidMarc</name>

            <sqlName>MARC_OID_MARC</sqlName>

            <className>es.indra.belcorp.mso.SegMarca</className>

            <size>12</size>

            <widget>
                <type>combo</type>

                <text>id</text>
</widget>

            <required>true</required>

            <search>true</search>

            <list>true</list>

            <modify>true</modify>

            <insert>true</insert>

            <wrap>false</wrap>

            <order>3</order>

            <dependency>true</dependency>

            <view>true</view>

            <editable>false</editable>
</attribute>

        <attribute>
            <name>canaOidCana</name>

            <sqlName>CANA_OID_CANA</sqlName>

            <className>es.indra.belcorp.mso.SegCanalView</className>

            <size>12</size>

            <widget>
                <type>combo</type>

                <text>id</text>
</widget>

            <required>true</required>

            <search>true</search>

            <list>true</list>

            <modify>true</modify>

            <insert>true</insert>

            <wrap>false</wrap>

            <order>4</order>

            <dependency>true</dependency>

            <view>true</view>

            <editable>false</editable>
</attribute>

        <attribute>
            <name>valIncr</name>

            <sqlName>VAL_INCR</sqlName>

            <className>java.lang.Long</className>

            <size>4</size>

            <required>true</required>

            <search>false</search>

            <list>true</list>

            <insert>true</insert>

            <modify>true</modify>

            <order>5</order>

            <view>true</view>

            <wrap>false</wrap>

            <editable>true</editable>
</attribute>
</attributes>

    <actions>
        <action>
            <side>client</side>

            <scope>precreate</scope>

            <code>SegPaisViewData paisOculto = new SegPaisViewData();paisOculto.setId(new Long(MMGDruidaHelper.getUserDefaultCountry(this)));preConfiGp.setPaisOidPais(paisOculto);</code>
</action>

        <action>
            <side>client</side>

            <scope>postcreate</scope>

            <code>SegPaisViewData paisOculto = new SegPaisViewData();paisOculto.setId(new Long(MMGDruidaHelper.getUserDefaultCountry(this)));preConfiGp.setPaisOidPais(paisOculto);</code>
</action>

        <action>
            <side>client</side>

            <scope>preupdate</scope>

            <code>SegPaisViewData paisOculto = new SegPaisViewData();paisOculto.setId(new Long(MMGDruidaHelper.getUserDefaultCountry(this)));preConfiGp.setPaisOidPais(paisOculto);</code>
</action>

        <action>
            <side>client</side>

            <scope>postupdate</scope>

            <code>SegPaisViewData paisOculto = new SegPaisViewData();paisOculto.setId(new Long(MMGDruidaHelper.getUserDefaultCountry(this)));preConfiGp.setPaisOidPais(paisOculto);</code>
</action>

        <action>
            <side>client</side>

            <scope>prequery</scope>

            <code>SegPaisViewData paisOculto = new SegPaisViewData();paisOculto.setId(new Long(MMGDruidaHelper.getUserDefaultCountry(this)));preConfiGpFrom.setPaisOidPais(paisOculto);preConfiGpTo.setPaisOidPais((SegPaisViewData)paisOculto.clone());</code>
</action>

        <action>
            <side>client</side>

            <scope>postquery</scope>

            <code>SegPaisViewData paisOculto = new SegPaisViewData();paisOculto.setId(new Long(MMGDruidaHelper.getUserDefaultCountry(this)));preConfiGpFrom.setPaisOidPais(paisOculto);preConfiGpTo.setPaisOidPais((SegPaisViewData)paisOculto.clone());</code>
</action>
</actions>

</entity>
