<?xml version="1.0" encoding="UTF-8"?>
<entity>
    <name>PreCatalOrden</name>

    <package>es.indra.belcorp.mso</package>

    <table>PRE_CATAL_ORDEN</table>

    <keyGenerator>PRE_CATO_SEQ</keyGenerator>

    <attributes>
        <attribute>
            <name>id</name>

            <sqlName>OID_CATA_ORDE</sqlName>

            <primaryKey>true</primaryKey>

            <className>java.lang.Long</className>

            <size>12</size>

            <required>true</required>

            <search>false</search>

            <list>false</list>

            <view>false</view>

            <modify>false</modify>

            <insert>false</insert>

            <order>1</order>
</attribute>

        <attribute>
            <name>numOrde</name>

            <sqlName>NUM_ORDE</sqlName>

            <className>java.lang.Long</className>

            <size>2</size>

            <required>true</required>

            <search>false</search>

            <list>true</list>

            <insert>true</insert>

            <modify>true</modify>

            <wrap>false</wrap>

            <order>5</order>

            <view>true</view>

            <editable>true</editable>
</attribute>

        <attribute>
            <name>ocatOidCata</name>

            <sqlName>OCAT_OID_CATA</sqlName>

            <className>es.indra.belcorp.mso.PreCatal</className>

            <size>12</size>

            <widget>
                <type>combo</type>

                <text>id</text>
</widget>

            <required>true</required>

            <search>true</search>

            <list>true</list>

            <order>4</order>

            <wrap>false</wrap>

            <insert>true</insert>

            <modify>true</modify>

            <dependency>true</dependency>

            <view>true</view>

            <editable>false</editable>
</attribute>

        <attribute>
            <name>marcOidMarc</name>

            <sqlName>MARC_OID_MARC</sqlName>

            <className>es.indra.belcorp.mso.SegMarca</className>

            <size>12</size>

            <widget>
                <type>combo</type>

                <text>id</text>
</widget>

            <required>true</required>

            <search>true</search>

            <list>true</list>

            <modify>true</modify>

            <wrap>false</wrap>

            <insert>true</insert>

            <order>2</order>

            <dependency>true</dependency>

            <view>true</view>

            <editable>false</editable>
</attribute>

        <attribute>
            <name>canaOidCana</name>

            <sqlName>CANA_OID_CANA</sqlName>

            <className>es.indra.belcorp.mso.SegCanalView</className>

            <size>12</size>

            <widget>
                <type>combo</type>

                <text>id</text>
</widget>

            <required>true</required>

            <search>true</search>

            <list>true</list>

            <modify>true</modify>

            <insert>true</insert>

            <order>3</order>

            <wrap>false</wrap>

            <dependency>true</dependency>

            <view>true</view>

            <editable>false</editable>
</attribute>
</attributes>

</entity>
