<?xml version="1.0" encoding="UTF-8"?>
<entity>
    <name>PreCatal</name>

    <package>es.indra.belcorp.mso</package>

    <table>PRE_CATAL</table>

    <keyGenerator>PRE_OCAT_SEQ</keyGenerator>

    <attributes>
        <attribute>
            <name>id</name>

            <sqlName>OID_CATA</sqlName>

            <primaryKey>true</primaryKey>

            <className>java.lang.Long</className>

            <size>12</size>

            <required>true</required>

            <search>false</search>

            <list>false</list>

            <view>false</view>

            <modify>false</modify>

            <insert>false</insert>

            <order>1</order>
</attribute>

        <attribute>
            <name>codCata</name>

            <sqlName>COD_CATA</sqlName>

            <className>java.lang.Long</className>

            <size>5</size>

            <required>true</required>

            <search>true</search>

            <list>true</list>

            <order>2</order>

            <wrap>false</wrap>

            <insert>true</insert>

            <modify>false</modify>

            <view>true</view>
</attribute>

        <attribute>
            <name>desCata</name>

            <sqlName>DES_CATA</sqlName>

            <className>java.lang.String</className>

            <size>40</size>

            <required>true</required>

            <search>true</search>

            <list>true</list>

            <order>3</order>

            <wrap>false</wrap>

            <insert>true</insert>

            <modify>false</modify>

            <view>true</view>

            <choice>true</choice>
</attribute>

        <attribute>
            <name>paisOidPais</name>

            <sqlName>PAIS_OID_PAIS</sqlName>

            <className>es.indra.belcorp.mso.SegPaisView</className>

            <size>12</size>

            <widget>
                <type>combo</type>

                <text>id</text>
</widget>

            <required>true</required>

            <search>false</search>

            <list>false</list>

            <insert>false</insert>

            <modify>false</modify>

            <view>false</view>

            <order>4</order>

            <wrap>false</wrap>
</attribute>
</attributes>

    <actions>
        <action>
            <side>client</side>

            <scope>prequery</scope>

            <code>SegPaisViewData paisOculto = new SegPaisViewData();paisOculto.setId(new Long(MMGDruidaHelper.getUserDefaultCountry(this)));preCatalFrom.setPaisOidPais(paisOculto);preCatalTo.setPaisOidPais((SegPaisViewData)paisOculto.clone());</code>
</action>

        <action>
            <side>client</side>

            <scope>postquery</scope>

            <code>SegPaisViewData paisOculto = new SegPaisViewData();paisOculto.setId(new Long(MMGDruidaHelper.getUserDefaultCountry(this)));preCatalFrom.setPaisOidPais(paisOculto);preCatalTo.setPaisOidPais((SegPaisViewData)paisOculto.clone());</code>
</action>
</actions>

</entity>
