<?xml version="1.0" encoding="UTF-8"?>
<entity>
    <name>PreCondiPromo</name>

    <package>es.indra.belcorp.mso</package>

    <table>PRE_CONDI_PROMO</table>

    <keyGenerator>PRE_CNDP_SEQ</keyGenerator>

    <attributes>
        <attribute>
            <name>id</name>

            <sqlName>OID_COND_PROM</sqlName>

            <primaryKey>true</primaryKey>

            <className>java.lang.Long</className>

            <size>12</size>

            <required>true</required>

            <search>false</search>

            <list>false</list>

            <view>false</view>

            <modify>false</modify>

            <insert>false</insert>

            <order>1</order>
</attribute>

        <attribute>
            <name>codCondProm</name>

            <sqlName>COD_COND_PROM</sqlName>

            <className>java.lang.String</className>

            <size>4</size>

            <required>true</required>

            <search>true</search>

            <list>true</list>

            <view>true</view>

            <order>2</order>

            <wrap>false</wrap>

            <uppercase>true</uppercase>
</attribute>

        <attribute>
            <name>Descripcion</name>

            <className>java.lang.String</className>

            <list>true</list>

            <search>true</search>

            <view>true</view>

            <order>3</order>

            <localizationOrder>1</localizationOrder>

            <choice>true</choice>

            <orderBy>1</orderBy>

            <size>40</size>
</attribute>
</attributes>

</entity>
