<?xml version="1.0" encoding="UTF-8"?>
<entity>
    <name>PreEstra</name>

    <package>es.indra.belcorp.mso</package>

    <table>PRE_ESTRA</table>

    <keyGenerator>PRE_COES_SEQ</keyGenerator>

    <attributes>
        <attribute>
            <name>id</name>

            <sqlName>OID_ESTR</sqlName>

            <primaryKey>true</primaryKey>

            <className>java.lang.Long</className>

            <size>12</size>

            <required>true</required>

            <search>false</search>

            <list>false</list>

            <view>false</view>

            <modify>false</modify>

            <insert>false</insert>

            <order>1</order>

            <uppercase>true</uppercase>
</attribute>

        <attribute>
            <name>paisOidPais</name>

            <sqlName>PAIS_OID_PAIS</sqlName>

            <className>es.indra.belcorp.mso.SegPaisView</className>

            <size>12</size>

            <widget>
                <type>combo</type>

                <text>id</text>
</widget>

            <required>true</required>

            <search>false</search>

            <list>false</list>

            <order>2</order>

            <insert>false</insert>

            <modify>false</modify>

            <wrap>false</wrap>

            <view>false</view>

            <uppercase>true</uppercase>
</attribute>

        <attribute>
            <name>tiesOidTipoEstr</name>

            <sqlName>TIES_OID_TIPO_ESTR</sqlName>

            <className>es.indra.belcorp.mso.PreTipoEstra</className>

            <size>12</size>

            <widget>
                <type>combo</type>

                <text>id</text>
</widget>

            <required>true</required>

            <search>false</search>

            <list>true</list>

            <order>5</order>

            <modify>false</modify>

            <view>true</view>

            <dependency>true</dependency>

            <wrap>true</wrap>

            <uppercase>true</uppercase>
</attribute>

        <attribute>
            <name>codEstr</name>

            <sqlName>COD_ESTR</sqlName>

            <className>java.lang.String</className>

            <size>3</size>

            <required>true</required>

            <search>true</search>

            <list>true</list>

            <order>3</order>

            <modify>false</modify>

            <view>true</view>

            <insert>true</insert>

            <wrap>false</wrap>

            <uppercase>true</uppercase>
</attribute>

        <attribute>
            <name>numMaxiGrup</name>

            <sqlName>NUM_MAXI_GRUP</sqlName>

            <className>java.lang.Long</className>

            <size>2</size>

            <required>false</required>

            <search>false</search>

            <list>false</list>

            <order>6</order>

            <insert>true</insert>

            <modify>true</modify>

            <view>true</view>

            <wrap>false</wrap>

            <uppercase>true</uppercase>
</attribute>

        <attribute>
            <name>numMaxiGrupCndt</name>

            <sqlName>NUM_MAXI_GRUP_CNDT</sqlName>

            <className>java.lang.Long</className>

            <size>2</size>

            <required>false</required>

            <search>false</search>

            <list>false</list>

            <order>7</order>

            <insert>true</insert>

            <modify>true</modify>

            <view>true</view>

            <wrap>false</wrap>

            <uppercase>true</uppercase>
</attribute>

        <attribute>
            <name>numMaxiGrupCndo</name>

            <sqlName>NUM_MAXI_GRUP_CNDO</sqlName>

            <className>java.lang.Long</className>

            <size>2</size>

            <required>false</required>

            <search>false</search>

            <list>false</list>

            <order>8</order>

            <insert>true</insert>

            <modify>true</modify>

            <view>true</view>

            <wrap>true</wrap>

            <uppercase>true</uppercase>
</attribute>

        <attribute>
            <name>indListRank</name>

            <sqlName>IND_LIST_RANK</sqlName>

            <className>java.lang.Boolean</className>

            <size>1</size>

            <required>false</required>

            <search>false</search>

            <list>false</list>

            <order>9</order>

            <insert>true</insert>

            <view>true</view>

            <wrap>false</wrap>

            <widget>
                <type>checkbox</type>
</widget>

            <uppercase>true</uppercase>
</attribute>

        <attribute>
            <name>indCuadGrup</name>

            <sqlName>IND_CUAD_GRUP</sqlName>

            <className>java.lang.Boolean</className>

            <size>1</size>

            <required>false</required>

            <search>false</search>

            <list>false</list>

            <order>10</order>

            <insert>true</insert>

            <modify>true</modify>

            <view>true</view>

            <wrap>false</wrap>

            <widget>
                <type>checkbox</type>
</widget>

            <uppercase>true</uppercase>
</attribute>

        <attribute>
            <name>tiprOidTipoProd</name>

            <sqlName>TIPR_OID_TIPO_PROD</sqlName>

            <className>es.indra.belcorp.mso.PreTipoProdu</className>

            <size>12</size>

            <widget>
                <type>combo</type>

                <text>id</text>
</widget>

            <required>true</required>

            <search>false</search>

            <list>false</list>

            <order>11</order>

            <insert>true</insert>

            <modify>true</modify>

            <view>true</view>

            <dependency>true</dependency>

            <uppercase>true</uppercase>
</attribute>

        <attribute>
            <name>indCvImpr</name>

            <sqlName>IND_CV_IMPR</sqlName>

            <className>java.lang.Boolean</className>

            <size>1</size>

            <required>false</required>

            <search>false</search>

            <list>false</list>

            <order>12</order>

            <insert>true</insert>

            <modify>true</modify>

            <view>true</view>

            <wrap>false</wrap>

            <widget>
                <type>checkbox</type>
</widget>

            <uppercase>true</uppercase>
</attribute>

        <attribute>
            <name>indModiImpr</name>

            <sqlName>IND_MODI_IMPR</sqlName>

            <className>java.lang.Boolean</className>

            <size>1</size>

            <required>false</required>

            <search>false</search>

            <list>false</list>

            <order>13</order>

            <insert>true</insert>

            <modify>true</modify>

            <view>true</view>

            <wrap>false</wrap>

            <widget>
                <type>checkbox</type>
</widget>

            <uppercase>true</uppercase>
</attribute>

        <attribute>
            <name>indCvDigi</name>

            <sqlName>IND_CV_DIGI</sqlName>

            <className>java.lang.Boolean</className>

            <size>1</size>

            <required>false</required>

            <search>false</search>

            <list>false</list>

            <order>16</order>

            <insert>true</insert>

            <modify>true</modify>

            <view>true</view>

            <wrap>false</wrap>

            <widget>
                <type>checkbox</type>
</widget>

            <uppercase>true</uppercase>
</attribute>

        <attribute>
            <name>indModiDigi</name>

            <sqlName>IND_MODI_DIGI</sqlName>

            <className>java.lang.Boolean</className>

            <size>1</size>

            <required>false</required>

            <search>false</search>

            <list>false</list>

            <order>17</order>

            <insert>true</insert>

            <modify>true</modify>

            <view>true</view>

            <widget>
                <type>checkbox</type>
</widget>

            <uppercase>true</uppercase>
</attribute>

        <attribute>
            <name>indCvDespAuto</name>

            <sqlName>IND_CV_DESP_AUTO</sqlName>

            <className>java.lang.Boolean</className>

            <size>1</size>

            <required>false</required>

            <search>false</search>

            <list>false</list>

            <order>14</order>

            <insert>true</insert>

            <modify>true</modify>

            <view>true</view>

            <widget>
                <type>checkbox</type>
</widget>

            <uppercase>true</uppercase>
</attribute>

        <attribute>
            <name>indModiDesp</name>

            <sqlName>IND_MODI_DESP</sqlName>

            <className>java.lang.Boolean</className>

            <size>1</size>

            <required>false</required>

            <search>false</search>

            <list>false</list>

            <order>15</order>

            <insert>true</insert>

            <modify>true</modify>

            <view>true</view>

            <wrap>false</wrap>

            <widget>
                <type>checkbox</type>
</widget>

            <uppercase>true</uppercase>
</attribute>

        <attribute>
            <name>Descripcion</name>

            <className>java.lang.String</className>

            <size>30</size>

            <required>true</required>

            <search>true</search>

            <list>true</list>

            <modify>true</modify>

            <order>4</order>

            <orderBy>1</orderBy>

            <localizationOrder>1</localizationOrder>

            <choice>true</choice>

            <view>true</view>

            <insert>true</insert>

            <wrap>false</wrap>

            <uppercase>true</uppercase>
</attribute>
</attributes>

    <actions>
        <action>
            <side>client</side>

            <scope>precreate</scope>

            <code>SegPaisViewData paisOculto = new SegPaisViewData();paisOculto.setId(new Long(MMGDruidaHelper.getUserDefaultCountry(this)));preEstra.setPaisOidPais(paisOculto);</code>
</action>

        <action>
            <side>client</side>

            <scope>postcreate</scope>

            <code>SegPaisViewData paisOculto = new SegPaisViewData();paisOculto.setId(new Long(MMGDruidaHelper.getUserDefaultCountry(this)));preEstra.setPaisOidPais(paisOculto);</code>
</action>

        <action>
            <side>client</side>

            <scope>prequery</scope>

            <code>SegPaisViewData paisOculto = new SegPaisViewData();paisOculto.setId(new Long(MMGDruidaHelper.getUserDefaultCountry(this)));preEstraFrom.setPaisOidPais(paisOculto);preEstraTo.setPaisOidPais((SegPaisViewData)paisOculto.clone());</code>
</action>

        <action>
            <side>client</side>

            <scope>postquery</scope>

            <code>SegPaisViewData paisOculto = new SegPaisViewData();paisOculto.setId(new Long(MMGDruidaHelper.getUserDefaultCountry(this)));preEstraFrom.setPaisOidPais(paisOculto);preEstraTo.setPaisOidPais((SegPaisViewData)paisOculto.clone());</code>
</action>

        <action>
            <side>client</side>

            <scope>preupdate</scope>

            <code>SegPaisViewData paisOculto = new SegPaisViewData();paisOculto.setId(new Long(MMGDruidaHelper.getUserDefaultCountry(this)));preEstra.setPaisOidPais(paisOculto);</code>
</action>

        <action>
            <side>client</side>

            <scope>postupdate</scope>

            <code>SegPaisViewData paisOculto = new SegPaisViewData();paisOculto.setId(new Long(MMGDruidaHelper.getUserDefaultCountry(this)));preEstra.setPaisOidPais(paisOculto);</code>
</action>
</actions>

</entity>
