<?xml version="1.0" encoding="UTF-8"?>
<entity>
    <name>PreIndicCuadr</name>

    <package>es.indra.belcorp.mso</package>

    <table>PRE_INDIC_CUADR</table>

    <keyGenerator>PRE_INDC_SEQ</keyGenerator>

    <attributes>
        <attribute>
            <name>id</name>

            <sqlName>OID_IND_CUAD</sqlName>

            <primaryKey>true</primaryKey>

            <className>java.lang.Long</className>

            <size>12</size>

            <required>true</required>

            <search>false</search>

            <list>false</list>

            <view>false</view>

            <modify>false</modify>

            <insert>false</insert>

            <order>1</order>
</attribute>

        <attribute>
            <name>codIndiCuad</name>

            <sqlName>COD_INDI_CUAD</sqlName>

            <className>java.lang.Long</className>

            <size>1</size>

            <required>true</required>

            <search>true</search>

            <list>true</list>

            <order>2</order>

            <wrap>false</wrap>

            <view>true</view>
</attribute>

        <attribute>
            <name>valFactCuad</name>

            <sqlName>VAL_FACT_CUAD</sqlName>

            <className>java.lang.String</className>

            <size>1</size>

            <required>true</required>

            <list>true</list>

            <search>false</search>

            <order>4</order>

            <view>true</view>

            <wrap>false</wrap>

            <widget>
                <type>radioButton</type>

                <options>
                    <option>
                        <value>U</value>

                        <text>Unidades</text>

                    </option>

                    <option>
                        <value>M</value>

                        <text>Monto</text>

                    </option>

                </options>

            </widget>
</attribute>

        <attribute>
            <name>Descripcion</name>

            <className>java.lang.String</className>

            <size>30</size>

            <required>true</required>

            <list>true</list>

            <order>3</order>

            <orderBy>1</orderBy>

            <localizationOrder>1</localizationOrder>

            <choice>true</choice>

            <search>true</search>

            <view>true</view>

            <wrap>false</wrap>
</attribute>
</attributes>

</entity>
