<?xml version="1.0" encoding="UTF-8"?>
<entity>
    <name>PreIndicCuadrTipoEstra</name>

    <package>es.indra.belcorp.mso</package>

    <table>PRE_INDIC_CUADR_TIPO_ESTRA</table>

    <keyGenerator>PRE_CUES_SEQ</keyGenerator>

    <attributes>
        <attribute>
            <name>id</name>

            <sqlName>OID_IND_CUAD_TIPO_ESTR</sqlName>

            <primaryKey>true</primaryKey>

            <className>java.lang.Long</className>

            <size>12</size>

            <required>true</required>

            <search>false</search>

            <list>false</list>

            <view>false</view>

            <modify>false</modify>

            <insert>false</insert>

            <order>1</order>
</attribute>

        <attribute>
            <name>indcOidIndiCuad</name>

            <sqlName>INDC_OID_INDI_CUAD</sqlName>

            <className>es.indra.belcorp.mso.PreIndicCuadr</className>

            <size>12</size>

            <widget>
                <type>combo</type>

                <text>id</text>
</widget>

            <required>true</required>

            <search>false</search>

            <list>true</list>

            <order>2</order>

            <view>true</view>

            <wrap>false</wrap>

            <dependency>true</dependency>
</attribute>

        <attribute>
            <name>tiesOidTipoEstr</name>

            <sqlName>TIES_OID_TIPO_ESTR</sqlName>

            <className>es.indra.belcorp.mso.PreTipoEstra</className>

            <size>12</size>

            <widget>
                <type>combo</type>

                <text>id</text>
</widget>

            <required>true</required>

            <search>true</search>

            <list>true</list>

            <view>true</view>

            <order>3</order>

            <wrap>false</wrap>

            <dependency>true</dependency>
</attribute>

        <attribute>
            <name>indOferMonoGrup</name>

            <sqlName>IND_OFER_MONO_GRUP</sqlName>

            <className>java.lang.Boolean</className>

            <size>1</size>

            <required>false</required>

            <search>false</search>

            <list>true</list>

            <widget>
                <type>checkbox</type>
</widget>

            <order>4</order>

            <view>true</view>

            <wrap>false</wrap>
</attribute>
</attributes>

</entity>
