<?xml version="1.0" encoding="UTF-8"?>
<entity xmlns:xsi="http://www.w3.org/2001/XMLSchema-instance"
    xsi:noNamespaceSchemaLocation="/mmg/resources/schemas/entity.xsd">
    <name>PreTipoProdu</name>
    <package>es.indra.belcorp.mso</package>
    <table>PRE_TIPO_PRODU</table>
    <keyGenerator>PRE_TIPR_SEQ</keyGenerator>
    <attributes>
        <attribute>
            <name>id</name>
            <sqlName>OID_TIPO_PROD</sqlName>
            <primaryKey>true</primaryKey>
            <className>java.lang.Long</className>
            <size>12</size>
            <required>true</required>
            <search>false</search>
            <list>false</list>
            <view>false</view>
            <modify>false</modify>
            <insert>false</insert>
            <order>1</order>
        </attribute>
        <attribute>
            <name>codTipoProd</name>
            <sqlName>COD_TIPO_PROD</sqlName>
            <className>java.lang.Long</className>
            <size>1</size>
            <required>true</required>
            <search>true</search>
            <list>true</list>
            <order>2</order>
        </attribute>
        <attribute>
            <name>desTipoProd</name>
            <sqlName>DES_TIPO_PROD</sqlName>
            <className>java.lang.String</className>
            <size>30</size>
            <required>false</required>
            <search>true</search>
            <list>true</list>
            <choice>true</choice>
            <order>3</order>
        </attribute>
    </attributes>
</entity>
