<?xml version="1.0" encoding="UTF-8"?>
<entity xmlns:xsi="http://www.w3.org/2001/XMLSchema-instance"
    xsi:noNamespaceSchemaLocation="/mmg/resources/schemas/entity.xsd">
    <name>PreTipoEstra</name>
    <package>es.indra.belcorp.mso</package>
    <table>PRE_TIPO_ESTRA</table>
    <keyGenerator>PRE_TIES_SEQ</keyGenerator>
    <attributes>
        <attribute>
            <name>id</name>
            <sqlName>OID_TIPO_ESTR</sqlName>
            <primaryKey>true</primaryKey>
            <className>java.lang.Long</className>
            <size>12</size>
            <required>true</required>
            <search>false</search>
            <list>false</list>
            <view>false</view>
            <modify>false</modify>
            <insert>false</insert>
            <order>1</order>
        </attribute>
        <attribute>
            <name>codTipoEstr</name>
            <sqlName>COD_TIPO_ESTR</sqlName>
            <className>java.lang.String</className>
            <size>2</size>
            <required>true</required>
            <search>true</search>
            <list>true</list>
            <order>2</order>
        </attribute>
        <attribute>
            <name>desTipoEstr</name>
            <sqlName>DES_TIPO_ESTR</sqlName>
            <className>java.lang.String</className>
            <size>30</size>
            <required>true</required>
            <search>true</search>
            <list>true</list>
            <choice>true</choice>
            <order>3</order>
        </attribute>
        <attribute>
            <name>indEstrGrup</name>
            <sqlName>IND_ESTR_GRUP</sqlName>
            <className>java.lang.Long</className>
            <size>1</size>
            <required>false</required>
            <search>true</search>
            <list>true</list>
            <order>4</order>
        </attribute>
        <attribute>
            <name>indEstrCond</name>
            <sqlName>IND_ESTR_COND</sqlName>
            <className>java.lang.Long</className>
            <size>1</size>
            <required>false</required>
            <search>true</search>
            <list>true</list>
            <order>5</order>
        </attribute>
        <attribute>
            <name>indEstrVs</name>
            <sqlName>IND_ESTR_VS</sqlName>
            <className>java.lang.Long</className>
            <size>1</size>
            <required>false</required>
            <search>true</search>
            <list>true</list>
            <order>6</order>
        </attribute>
        <attribute>
            <name>indEstrPaqu</name>
            <sqlName>IND_ESTR_PAQU</sqlName>
            <className>java.lang.Long</className>
            <size>1</size>
            <required>false</required>
            <search>true</search>
            <list>true</list>
            <order>7</order>
        </attribute>
    </attributes>
</entity>
