<?xml version="1.0" encoding="UTF-8"?>
<entity>
    <name>PreTipoOfert</name>

    <package>es.indra.belcorp.mso</package>

    <table>PRE_TIPO_OFERT</table>

    <keyGenerator>PRE_TOFE_SEQ</keyGenerator>

    <attributes>
        <attribute>
            <name>id</name>

            <sqlName>OID_TIPO_OFER</sqlName>

            <primaryKey>true</primaryKey>

            <className>java.lang.Long</className>

            <size>12</size>

            <required>true</required>

            <search>false</search>

            <list>false</list>

            <view>false</view>

            <modify>false</modify>

            <insert>true</insert>

            <order>1</order>
</attribute>

        <attribute>
            <name>canaOidCana</name>

            <sqlName>CANA_OID_CANA</sqlName>

            <className>es.indra.belcorp.mso.SegCanalView</className>

            <size>12</size>

            <widget>
                <type>combo</type>

                <text>id</text>
</widget>

            <required>true</required>

            <search>true</search>

            <list>true</list>

            <wrap>false</wrap>

            <order>2</order>

            <view>true</view>

            <insert>true</insert>

            <dependency>true</dependency>
</attribute>

        <attribute>
            <name>codTipoOfer</name>

            <sqlName>COD_TIPO_OFER</sqlName>

            <className>java.lang.String</className>

            <size>4</size>

            <required>true</required>

            <search>true</search>

            <list>true</list>

            <order>3</order>

            <view>true</view>

            <wrap>false</wrap>

            <insert>true</insert>

            <uppercase>true</uppercase>
</attribute>

        <attribute>
            <name>indComi</name>

            <sqlName>IND_COMI</sqlName>

            <className>java.lang.Boolean</className>

            <size>1</size>

            <required>false</required>

            <search>false</search>

            <list>true</list>

            <order>5</order>

            <widget>
                <type>checkbox</type>
</widget>

            <view>true</view>

            <wrap>false</wrap>

            <insert>true</insert>
</attribute>

        <attribute>
            <name>indPunt</name>

            <sqlName>IND_PUNT</sqlName>

            <className>java.lang.Boolean</className>

            <size>1</size>

            <required>false</required>

            <search>false</search>

            <list>true</list>

            <order>6</order>

            <widget>
                <type>checkbox</type>
</widget>

            <view>true</view>

            <wrap>false</wrap>

            <insert>true</insert>
</attribute>

        <attribute>
            <name>indEsta</name>

            <sqlName>IND_ESTA</sqlName>

            <className>java.lang.Boolean</className>

            <size>1</size>

            <required>false</required>

            <search>false</search>

            <list>true</list>

            <order>7</order>

            <widget>
                <type>checkbox</type>
</widget>

            <view>true</view>

            <insert>true</insert>
</attribute>

        <attribute>
            <name>indMontMini</name>

            <sqlName>IND_MONT_MINI</sqlName>

            <className>java.lang.Boolean</className>

            <size>1</size>

            <required>false</required>

            <search>false</search>

            <list>true</list>

            <order>8</order>

            <widget>
                <type>checkbox</type>
</widget>

            <view>true</view>

            <wrap>false</wrap>

            <insert>true</insert>
</attribute>

        <attribute>
            <name>indAporMontEsca</name>

            <sqlName>IND_APOR_MONT_ESCA</sqlName>

            <className>java.lang.Boolean</className>

            <size>1</size>

            <required>false</required>

            <search>false</search>

            <list>true</list>

            <order>9</order>

            <widget>
                <type>checkbox</type>
</widget>

            <view>true</view>

            <wrap>false</wrap>

            <insert>true</insert>
</attribute>

        <attribute>
            <name>indGrat</name>

            <sqlName>IND_GRAT</sqlName>

            <className>java.lang.Boolean</className>

            <size>1</size>

            <required>false</required>

            <search>false</search>

            <list>true</list>

            <order>10</order>

            <widget>
                <type>checkbox</type>
</widget>

            <view>false</view>

            <wrap>false</wrap>

            <insert>true</insert>
</attribute>

        <attribute>
            <name>Descripcion</name>

            <className>java.lang.String</className>

            <list>true</list>

            <search>false</search>

            <localizationOrder>1</localizationOrder>

            <orderBy>1</orderBy>

            <choice>true</choice>

            <size>30</size>

            <order>4</order>

            <view>true</view>

            <wrap>true</wrap>

            <insert>true</insert>

            <required>true</required>
</attribute>
</attributes>

</entity>
