<?xml version="1.0" encoding="UTF-8"?>
<entity>
    <name>RecMotivRechaDesbl</name>

    <package>es.indra.belcorp.mso</package>

    <table>REC_MOTIV_RECHA_DESBL</table>

    <keyGenerator>REC_MRDB_SEQ</keyGenerator>

    <attributes>
        <attribute>
            <name>id</name>

            <sqlName>OID_MOTI_RECH_DESB</sqlName>

            <primaryKey>true</primaryKey>

            <className>java.lang.Long</className>

            <size>12</size>

            <required>true</required>

            <search>false</search>

            <list>false</list>

            <view>false</view>

            <modify>false</modify>

            <insert>false</insert>

            <order>1</order>
</attribute>

        <attribute>
            <name>paisOidPais</name>

            <sqlName>PAIS_OID_PAIS</sqlName>

            <className>es.indra.belcorp.mso.SegPaisView</className>

            <size>12</size>

            <widget>
                <type>combo</type>

                <text>id</text>
</widget>

            <required>true</required>

            <search>false</search>

            <list>false</list>

            <insert>false</insert>

            <modify>false</modify>

            <view>false</view>

            <wrap>false</wrap>

            <order>2</order>
</attribute>

        <attribute>
            <name>codRechDesb</name>

            <sqlName>COD_RECH_DESB</sqlName>

            <className>java.lang.String</className>

            <size>2</size>

            <required>true</required>

            <search>false</search>

            <list>true</list>

            <insert>true</insert>

            <modify>false</modify>

            <view>true</view>

            <editable>false</editable>

            <uppercase>true</uppercase>

            <wrap>false</wrap>

            <order>3</order>
</attribute>

        <attribute>
            <name>Descripcion</name>

            <className>java.lang.String</className>

            <insert>true</insert>

            <localizationOrder>1</localizationOrder>

            <orderBy>1</orderBy>

            <size>40</size>

            <order>4</order>

            <search>false</search>

            <list>true</list>

            <required>true</required>

            <modify>true</modify>

            <wrap>false</wrap>

            <view>true</view>

            <choice>true</choice>

        </attribute>
</attributes>

    <actions>
        <action>
            <side>client</side>

            <scope>precreate</scope>

            <code>SegPaisViewData paisOculto = new SegPaisViewData();paisOculto.setId(new Long(MMGDruidaHelper.getUserDefaultCountry(this)));recMotivRechaDesbl.setPaisOidPais(paisOculto);</code>

        </action>

        <action>
            <side>client</side>

            <scope>postcreate</scope>

            <code>SegPaisViewData paisOculto = new SegPaisViewData();paisOculto.setId(new Long(MMGDruidaHelper.getUserDefaultCountry(this)));recMotivRechaDesbl.setPaisOidPais(paisOculto);</code>

        </action>

        <action>
            <side>client</side>

            <scope>preupdate</scope>

            <code>SegPaisViewData paisOculto = new SegPaisViewData();paisOculto.setId(new Long(MMGDruidaHelper.getUserDefaultCountry(this)));recMotivRechaDesbl.setPaisOidPais(paisOculto);</code>

        </action>

        <action>
            <side>client</side>

            <scope>postupdate</scope>

            <code>SegPaisViewData paisOculto = new SegPaisViewData();paisOculto.setId(new Long(MMGDruidaHelper.getUserDefaultCountry(this)));recMotivRechaDesbl.setPaisOidPais(paisOculto);</code>

        </action>

        <action>
            <side>client</side>

            <scope>prequery</scope>

            <code>SegPaisViewData paisOculto = new SegPaisViewData();paisOculto.setId(new Long(MMGDruidaHelper.getUserDefaultCountry(this)));recMotivRechaDesblFrom.setPaisOidPais(paisOculto);recMotivRechaDesblTo.setPaisOidPais((SegPaisViewData)paisOculto.clone());</code>

        </action>

        <action>
            <side>client</side>

            <scope>postquery</scope>

            <code>SegPaisViewData paisOculto = new SegPaisViewData();paisOculto.setId(new Long(MMGDruidaHelper.getUserDefaultCountry(this)));recMotivRechaDesblFrom.setPaisOidPais(paisOculto);recMotivRechaDesblTo.setPaisOidPais((SegPaisViewData)paisOculto.clone());</code>

        </action>

    </actions>

</entity>
