<?xml version="1.0" encoding="UTF-8"?>
<entity><name>SegAyuda</name><package>es.indra.belcorp.mso</package><table>SEG_AYUDA</table><keyGenerator>SEG_AYUD_SEQ</keyGenerator><attributes><attribute><name>id</name><sqlName>OID_AYUD</sqlName><primaryKey>true</primaryKey><className>java.lang.Long</className><size>12</size><required>true</required><search>false</search><list>false</list><view>false</view><modify>false</modify><insert>false</insert></attribute><attribute><name>funcOidFunc</name><sqlName>FUNC_OID_FUNC</sqlName><className>es.indra.belcorp.mso.MenFunci</className><size>12</size><widget><type>combo</type><text>id</text></widget><required>true</required><search>true</search><list>true</list></attribute></attributes></entity>
