<?xml version="1.0" encoding="UTF-8"?>
<entity>
    <name>SegAcces</name>

    <package>es.indra.belcorp.mso</package>

    <table>SEG_ACCES</table>

    <keyGenerator>SEG_ACCE_SEQ</keyGenerator>

    <attributes>
        <attribute>
            <name>id</name>

            <sqlName>OID_ACCE</sqlName>

            <primaryKey>true</primaryKey>

            <className>java.lang.Long</className>

            <size>12</size>

            <required>true</required>

            <search>false</search>

            <list>false</list>

            <view>false</view>

            <modify>false</modify>

            <insert>false</insert>

            <order>1</order>
</attribute>

		<attribute>
            <name>codAcce</name>

            <sqlName>COD_ACCE</sqlName>

            <className>java.lang.String</className>

            <size>3</size>

            <required>true</required>

            <search>true</search>

            <list>true</list>

            <uppercase>true</uppercase>

            <modify>true</modify>

            <view>true</view>

            <editable>false</editable>

            <order>2</order>

            <wrap>false</wrap>
</attribute>

        <attribute>
            <name>canaOidCana</name>

            <sqlName>CANA_OID_CANA</sqlName>

            <className>es.indra.belcorp.mso.SegCanalView</className>

            <size>12</size>

            <widget>
                <type>combo</type>

                <text>id</text>
</widget>

            <required>false</required>

            <search>true</search>

            <list>true</list>

            <order>4</order>

            <modify>true</modify>

            <view>true</view>

            <editable>false</editable>

            <wrap>false</wrap>

            <dependency>true</dependency>
</attribute>


        <attribute>
            <name>indAcce</name>

            <sqlName>IND_ACCE</sqlName>

            <className>java.lang.String</className>

            <size>1</size>

            <required>true</required>

            <search>true</search>

            <list>true</list>

            <modify>true</modify>

            <view>true</view>

            <order>5</order>

            <wrap>false</wrap>

            <widget>
                <options>
                    <option>
                        <value>C</value>

                        <text>Call Center</text>

                    </option>

                    <option>
                        <value>B</value>

                        <text>Belcenter</text>

                    </option>

                    <option>
                        <value>G</value>

                        <text>Gerente</text>

                    </option>

                    <option>
                        <value>O</value>

                        <text>Otros</text>

                    </option>

                </options>

                <type>combo</type>

            </widget>
</attribute>

        <attribute>
            <name>Descripcion</name>

            <className>java.lang.String</className>

            <localizationOrder>1</localizationOrder>

            <orderBy>1</orderBy>

            <required>true</required>

            <insert>true</insert>

            <search>true</search>

            <list>true</list>

            <view>true</view>

            <modify>true</modify>

            <order>3</order>

            <wrap>false</wrap>

            <size>30</size>

            <choice>true</choice>

        </attribute>
</attributes>

</entity>
