<?xml version="1.0" encoding="UTF-8"?>
<entity>
    <name>SegCanal</name>

    <package>es.indra.belcorp.mso</package>

    <table>SEG_CANAL</table>

    <keyGenerator>SEG_CANA_SEQ</keyGenerator>

    <attributes>
        <attribute>
            <name>id</name>

            <sqlName>OID_CANA</sqlName>

            <primaryKey>true</primaryKey>

            <className>java.lang.Long</className>

            <size>12</size>

            <required>true</required>

            <search>false</search>

            <list>false</list>

            <view>false</view>

            <modify>false</modify>

            <insert>false</insert>

            <order>1</order>
</attribute>

        <attribute>
            <name>codCana</name>

            <sqlName>COD_CANA</sqlName>

            <className>java.lang.String</className>

            <size>3</size>

            <required>true</required>

            <search>true</search>

            <list>true</list>

            <order>2</order>

            <view>true</view>

            <modify>true</modify>

            <wrap>false</wrap>

            <uppercase>true</uppercase>

            <insert>true</insert>

            <editable>false</editable>
</attribute>

        <attribute>
            <name>tipeOidTipoPeri</name>

            <sqlName>TIPE_OID_TIPO_PERI</sqlName>

            <className>es.indra.belcorp.mso.SegTipoPerio</className>

            <size>12</size>

            <widget>
                <type>combo</type>

                <text>id</text>
</widget>

            <required>true</required>

            <search>true</search>

            <list>true</list>

            <order>4</order>

            <view>true</view>

            <modify>true</modify>

            <wrap>false</wrap>

            <dependency>true</dependency>

            <editable>false</editable>

            <insert>true</insert>
</attribute>

        <attribute>
            <name>Descripcion</name>

            <className>java.lang.String</className>

            <order>3</order>

            <localizationOrder>1</localizationOrder>

            <orderBy>1</orderBy>

            <insert>true</insert>

            <search>true</search>

            <list>true</list>

            <choice>true</choice>

            <view>true</view>

            <wrap>false</wrap>

            <required>true</required>

            <modify>true</modify>

            <size>30</size>
</attribute>
</attributes>

</entity>
