<?xml version="1.0" encoding="UTF-8"?>
<entity>
    <name>SegDeptoEmpre</name>

    <package>es.indra.belcorp.mso</package>

    <table>SEG_DEPTO_EMPRE</table>

    <keyGenerator>SEG_DPTE_SEQ</keyGenerator>

    <attributes>
        <attribute>
            <name>id</name>

            <sqlName>OID_DEPA</sqlName>

            <primaryKey>true</primaryKey>

            <className>java.lang.Long</className>

            <size>12</size>

            <required>true</required>

            <search>false</search>

            <list>false</list>

            <view>false</view>

            <modify>false</modify>

            <insert>false</insert>

            <order>1</order>
</attribute>

        <attribute>
            <name>codDpto</name>

            <sqlName>COD_DPTO</sqlName>

            <className>java.lang.String</className>

            <size>3</size>

            <required>true</required>

            <search>true</search>

            <list>true</list>

            <insert>true</insert>

            <modify>true</modify>

            <order>2</order>

            <wrap>false</wrap>

            <view>true</view>

            <uppercase>true</uppercase>

            <editable>false</editable>
</attribute>

        <attribute>
            <name>desCortDpto</name>

            <sqlName>DES_CORT_DPTO</sqlName>

            <className>java.lang.String</className>

            <size>25</size>

            <required>true</required>

            <search>true</search>

            <list>true</list>

            <insert>true</insert>

            <order>3</order>

            <modify>true</modify>

            <wrap>false</wrap>

            <view>true</view>

            <choice>true</choice>

            <editable>false</editable>
</attribute>

        <attribute>
            <name>Descripcion</name>

            <className>java.lang.String</className>

            <localizationOrder>1</localizationOrder>

            <orderBy>1</orderBy>

            <modify>true</modify>

            <insert>true</insert>

            <search>false</search>

            <list>false</list>

            <view>true</view>

            <required>true</required>

			<order>4</order>

            <wrap>false</wrap>

            <size>50</size>
</attribute>
</attributes>

</entity>
