<?xml version="1.0" encoding="UTF-8"?>
<entity>
    <name>SegIdiom</name>

    <package>es.indra.belcorp.mso</package>

    <table>SEG_IDIOM</table>

    <keyGenerator>SEG_IDIO_SEQ</keyGenerator>

    <attributes>
        <attribute>
            <name>id</name>

            <sqlName>OID_IDIO</sqlName>

            <primaryKey>true</primaryKey>

            <className>java.lang.Long</className>

            <size>12</size>

            <required>true</required>

            <search>false</search>

            <list>false</list>

            <view>false</view>

            <modify>false</modify>

            <insert>false</insert>

            <order>1</order>
</attribute>

        <attribute>
            <name>codIdio</name>

            <sqlName>COD_IDIO</sqlName>

            <className>java.lang.String</className>

            <size>2</size>

            <required>true</required>

            <search>true</search>

            <list>true</list>

            <order>2</order>

            <insert>true</insert>

            <modify>true</modify>

            <view>true</view>

            <wrap>false</wrap>

            <uppercase>true</uppercase>

            <editable>false</editable>
</attribute>

        <attribute>
            <name>indIdioTrad</name>

            <sqlName>IND_IDIO_TRAD</sqlName>

            <className>java.lang.Boolean</className>

            <size>1</size>

            <required>false</required>

            <search>false</search>

            <list>true</list>

            <order>4</order>

            <insert>true</insert>

            <modify>true</modify>

            <view>true</view>

            <wrap>false</wrap>

            <widget>
                <type>checkbox</type>
</widget>
</attribute>

        <attribute>
            <name>codIsoIdio</name>

            <sqlName>COD_ISO_IDIO</sqlName>

            <className>java.lang.String</className>

            <size>2</size>

            <required>true</required>

            <search>false</search>

            <list>true</list>

            <order>5</order>

            <insert>true</insert>

            <modify>true</modify>

            <view>true</view>

            <wrap>false</wrap>

            <uppercase>true</uppercase>
</attribute>

        <attribute>
            <name>Descripcion</name>

            <className>java.lang.String</className>

            <localizationOrder>1</localizationOrder>

            <orderBy>1</orderBy>

            <order>3</order>

            <size>15</size>

            <insert>true</insert>

            <modify>true</modify>

            <search>true</search>

            <list>true</list>

            <view>true</view>

            <required>true</required>

            <wrap>false</wrap>

            <choice>true</choice>
</attribute>
</attributes>

</entity>
