<?xml version="1.0" encoding="UTF-8"?>
<entity>
    <name>SegMoned</name>

    <package>es.indra.belcorp.mso</package>

    <table>SEG_MONED</table>

    <keyGenerator>SEG_MONE_SEQ</keyGenerator>

    <attributes>
        <attribute>
            <name>id</name>

            <sqlName>OID_MONE</sqlName>

            <primaryKey>true</primaryKey>

            <className>java.lang.Long</className>

            <size>12</size>

            <required>true</required>

            <search>false</search>

            <list>false</list>

            <view>false</view>

            <modify>false</modify>

            <insert>false</insert>

            <order>1</order>
</attribute>

        <attribute>
            <name>codMone</name>

            <sqlName>COD_MONE</sqlName>

            <className>java.lang.String</className>

            <size>3</size>

            <required>true</required>

            <search>true</search>

            <list>true</list>

            <modify>true</modify>

            <view>true</view>

            <editable>false</editable>

            <order>2</order>

            <uppercase>true</uppercase>

            <wrap>false</wrap>
</attribute>

        <attribute>
            <name>valSimbMone</name>

            <sqlName>VAL_SIMB_MONE</sqlName>

            <className>java.lang.String</className>

            <size>1</size>

            <required>false</required>

            <search>false</search>

            <list>false</list>

            <modify>true</modify>

            <view>true</view>

            <order>5</order>

            <wrap>false</wrap>
</attribute>

        <attribute>
            <name>numDeci</name>

            <sqlName>NUM_DECI</sqlName>

            <className>java.lang.Long</className>

            <size>1</size>

            <required>true</required>

            <search>false</search>

            <list>false</list>

            <modify>true</modify>

            <view>false</view>

            <wrap>false</wrap>

            <order>6</order>

            <widget>
                <type>combo</type>

                <options>
                    <option>
                        <value>0</value>

                        <text>0</text>

                    </option>

                    <option>
                        <value>1</value>

                        <text>1</text>

                    </option>

                    <option>
                        <value>2</value>

                        <text>2</text>

                    </option>

                </options>

            </widget>
</attribute>

        <attribute>
            <name>valNombCortMone</name>

            <sqlName>VAL_NOMB_CORT_MONE</sqlName>

            <className>java.lang.String</className>

            <size>3</size>

            <required>false</required>

            <search>false</search>

            <list>false</list>

            <modify>true</modify>

            <view>true</view>

            <order>4</order>

            <wrap>false</wrap>
</attribute>

        <attribute>
            <name>Descripcion</name>

            <className>java.lang.String</className>

            <localizationOrder>1</localizationOrder>

            <orderBy>1</orderBy>

            <order>3</order>

            <choice>true</choice>

            <required>true</required>

            <insert>true</insert>

            <search>true</search>

            <list>true</list>

            <view>true</view>

            <modify>true</modify>

            <size>30</size>

            <wrap>false</wrap>

        </attribute>
</attributes>

</entity>
