<?xml version="1.0" encoding="UTF-8"?>
<entity>
    <name>SegModul</name>

    <package>es.indra.belcorp.mso</package>

    <table>SEG_MODUL</table>

    <keyGenerator>SEG_MODU_SEQ</keyGenerator>

    <attributes>
        <attribute>
            <name>id</name>

            <sqlName>OID_MODU</sqlName>

            <primaryKey>true</primaryKey>

            <className>java.lang.Long</className>

            <size>12</size>

            <required>true</required>

            <search>false</search>

            <list>false</list>

            <view>false</view>

            <modify>false</modify>

            <insert>false</insert>

            <order>1</order>
</attribute>

        <attribute>
            <name>codModu</name>

            <sqlName>COD_MODU</sqlName>

            <className>java.lang.String</className>

            <size>2</size>

            <required>true</required>

            <search>true</search>

            <list>true</list>

            <order>2</order>

            <insert>true</insert>

            <modify>true</modify>

            <view>true</view>

            <wrap>false</wrap>

            <uppercase>true</uppercase>

            <editable>false</editable>
</attribute>

        <attribute>
            <name>Descripcion</name>

            <className>java.lang.String</className>

            <size>30</size>

            <required>true</required>

            <orderBy>1</orderBy>

            <localizationOrder>1</localizationOrder>

            <insert>true</insert>

            <search>true</search>

            <list>true</list>

            <modify>true</modify>

            <view>true</view>

            <widget>
                <type>textField</type>
</widget>

            <order>3</order>

            <choice>true</choice>

            <wrap>true</wrap>
</attribute>
</attributes>

</entity>
