<?xml version="1.0" encoding="UTF-8"?>
<entity>
    <name>SegMarcaProdu</name>

    <package>es.indra.belcorp.mso</package>

    <table>SEG_MARCA_PRODU</table>

    <keyGenerator>SEG_MAPR_SEQ</keyGenerator>

    <attributes>
        <attribute>
            <name>id</name>

            <sqlName>OID_MARC_PROD</sqlName>

            <primaryKey>true</primaryKey>

            <className>java.lang.Long</className>

            <size>12</size>

            <required>true</required>

            <search>false</search>

            <list>false</list>

            <view>false</view>

            <modify>false</modify>

            <insert>false</insert>

            <order>1</order>
</attribute>

        <attribute>
            <name>codMarcProd</name>

            <sqlName>COD_MARC_PROD</sqlName>

            <className>java.lang.String</className>

            <size>3</size>

            <required>true</required>

            <search>true</search>

            <list>true</list>

            <insert>true</insert>

            <modify>true</modify>

            <editable>false</editable>

            <view>true</view>

            <wrap>false</wrap>

            <uppercase>true</uppercase>

            <order>2</order>
</attribute>

        <attribute>
            <name>desMarcProd</name>

            <sqlName>DES_MARC_PROD</sqlName>

            <className>java.lang.String</className>

            <size>30</size>

            <required>true</required>

            <search>true</search>

            <list>true</list>

            <insert>true</insert>

            <modify>true</modify>

            <view>true</view>

            <wrap>false</wrap>

            <order>3</order>

            <choice>true</choice>
</attribute>
</attributes>

</entity>
