<?xml version="1.0" encoding="UTF-8"?>
<!--
<entity xmlns:xsi="http://www.w3.org/2001/XMLSchema-instance"
	xsi:noNamespaceSchemaLocation="C:/mmg/resources/schemas/entity.xsd">
-->
<entity>
    <name>SegMarca</name>

    <package>es.indra.belcorp.mso</package>

    <table>SEG_MARCA</table>

    <keyGenerator>SEG_MARC_SEQ</keyGenerator>

    <attributes>
        <attribute>
            <name>id</name>

            <sqlName>OID_MARC</sqlName>

            <primaryKey>true</primaryKey>

            <className>java.lang.Long</className>

            <size>12</size>

            <required>true</required>

            <search>false</search>

            <list>false</list>

            <view>false</view>

            <modify>false</modify>

            <insert>false</insert>

            <order>1</order>
</attribute>

        <attribute>
            <name>codMarc</name>

            <sqlName>COD_MARC</sqlName>

            <className>java.lang.String</className>

            <size>3</size>

            <required>true</required>

            <search>true</search>

            <list>true</list>

            <order>2</order>

            <uppercase>true</uppercase>

            <insert>true</insert>

            <modify>true</modify>
            
            <editable>false</editable>

            <view>true</view>

            <wrap>false</wrap>

</attribute>

        <attribute>
            <name>desMarc</name>

            <sqlName>DES_MARC</sqlName>

            <className>java.lang.String</className>

            <size>30</size>

            <required>true</required>

            <search>true</search>

            <list>true</list>

            <order>3</order>

            <choice>true</choice>

            <insert>true</insert>

            <modify>true</modify>

            <view>true</view>

            <wrap>false</wrap>
</attribute>
</attributes>

</entity>
