<?xml version="1.0" encoding="UTF-8"?>
<entity xmlns:xsi="http://www.w3.org/2001/XMLSchema-instance"
    xsi:noNamespaceSchemaLocation="/mmg/resources/schemas/entity.xsd">
    <name>SegSubacView</name>
    <package>es.indra.belcorp.mso</package>
    <table>SEG_SUBAC</table>
    <keyGenerator>SEG_SBAC_SEQ</keyGenerator>
    <attributes>
        <attribute>
            <name>id</name>
            <sqlName>OID_SBAC</sqlName>
            <primaryKey>true</primaryKey>
            <className>java.lang.Long</className>
            <size>12</size>
            <required>true</required>
            <search>false</search>
            <list>false</list>
            <view>false</view>
            <modify>false</modify>
            <insert>false</insert>
            <order>1</order>
        </attribute>
        <attribute>
            <name>Descripcion</name>
            <size>30</size>
            <localizationOrder>1</localizationOrder>
            <orderBy>1</orderBy>
            <choice>true</choice>
            <insert>true</insert>
            <search>true</search>
            <list>true</list>
            <view>true</view>
            <modify>true</modify>
            <required>true</required>
            <className>java.lang.String</className>
            <order>2</order>
        </attribute>        
    </attributes>
</entity>
