<?xml version="1.0" encoding="UTF-8"?>
<entity>
    <name>SegSocie</name>

    <package>es.indra.belcorp.mso</package>

    <table>SEG_SOCIE</table>

    <keyGenerator>SEG_SOCI_SEQ</keyGenerator>

    <attributes>
        <attribute>
            <name>id</name>

            <sqlName>OID_SOCI</sqlName>

            <primaryKey>true</primaryKey>

            <className>java.lang.Long</className>

            <size>12</size>

            <required>true</required>

            <search>false</search>

            <list>false</list>

            <view>false</view>

            <modify>false</modify>

            <insert>false</insert>

            <order>1</order>
</attribute>

        <attribute>
            <name>codSoci</name>

            <sqlName>COD_SOCI</sqlName>

            <className>java.lang.String</className>

            <size>4</size>

            <required>true</required>

            <search>true</search>

            <list>true</list>

            <insert>true</insert>

            <modify>true</modify>

            <view>true</view>

            <wrap>false</wrap>

            <uppercase>true</uppercase>

            <editable>false</editable>

            <order>3</order>
</attribute>

        <attribute>
            <name>valDire</name>

            <sqlName>VAL_DIRE</sqlName>

            <className>java.lang.String</className>

            <size>25</size>

            <required>false</required>

            <search>false</search>

            <list>false</list>

            <order>5</order>

            <modify>true</modify>

            <insert>true</insert>

            <view>true</view>

            <wrap>false</wrap>
</attribute>

        <attribute>
            <name>valTlfn</name>

            <sqlName>VAL_TLFN</sqlName>

            <className>java.lang.String</className>

            <size>12</size>

            <required>false</required>

            <search>false</search>

            <list>false</list>

            <insert>true</insert>

            <modify>true</modify>

            <order>6</order>

            <wrap>false</wrap>

            <view>true</view>
</attribute>

        <attribute>
            <name>valFax</name>

            <sqlName>VAL_FAX</sqlName>

            <className>java.lang.String</className>

            <size>12</size>

            <required>false</required>

            <search>false</search>

            <list>false</list>

            <insert>true</insert>

            <modify>true</modify>

            <view>true</view>

            <order>7</order>

            <wrap>true</wrap>
</attribute>

        <attribute>
            <name>valIdenFisc</name>

            <sqlName>VAL_IDEN_FISC</sqlName>

            <className>java.lang.String</className>

            <size>15</size>

            <required>true</required>

            <search>false</search>

            <list>false</list>

            <order>8</order>

            <insert>true</insert>

            <modify>true</modify>

            <view>true</view>

            <wrap>false</wrap>
</attribute>

        <attribute>
            <name>paisOidPais</name>

            <sqlName>PAIS_OID_PAIS</sqlName>

            <className>es.indra.belcorp.mso.SegPaisView</className>

            <size>12</size>

            <widget>
                <type>combo</type>

                <text>id</text>
</widget>

            <required>true</required>

            <search>false</search>

            <list>false</list>

            <insert>false</insert>

            <modify>false</modify>

            <editable>false</editable>
			
			<view>false</view>

            <wrap>false</wrap>

            <order>2</order>
</attribute>

        <attribute>
            <name>valDeno</name>

            <sqlName>VAL_DENO</sqlName>

            <className>java.lang.String</className>

            <size>40</size>

            <required>true</required>

            <search>true</search>

            <list>true</list>

            <insert>true</insert>

            <modify>true</modify>

            <order>4</order>

            <view>true</view>

            <wrap>true</wrap>

            <choice>true</choice>
</attribute>
</attributes>
    <actions>
        <action>
            <side>client</side>
            <scope>precreate</scope>
            <code><![CDATA[
                SegPaisViewData paisOculto = new SegPaisViewData();
                paisOculto.setId(new Long(MMGDruidaHelper.getUserDefaultCountry(this)));
                segSocie.setPaisOidPais(paisOculto);
                ]]></code>
        </action>
        <action>
            <side>client</side>
            <scope>postcreate</scope>
            <code><![CDATA[
                SegPaisViewData paisOculto = new SegPaisViewData();
                paisOculto.setId(new Long(MMGDruidaHelper.getUserDefaultCountry(this)));
                segSocie.setPaisOidPais(paisOculto);
                ]]></code>
        </action>
        <action>
            <side>client</side>
            <scope>preupdate</scope>
            <code><![CDATA[
                SegPaisViewData paisOculto = new SegPaisViewData();
                paisOculto.setId(new Long(MMGDruidaHelper.getUserDefaultCountry(this)));
                segSocie.setPaisOidPais(paisOculto);
                ]]></code>
        </action>
        <action>
            <side>client</side>
            <scope>postupdate</scope>
            <code><![CDATA[
                SegPaisViewData paisOculto = new SegPaisViewData();
                paisOculto.setId(new Long(MMGDruidaHelper.getUserDefaultCountry(this)));
                segSocie.setPaisOidPais(paisOculto);
                ]]></code>
        </action>
        <action>
            <side>client</side>
            <scope>prequery</scope>
            <code><![CDATA[
                SegPaisViewData paisOculto = new SegPaisViewData();
                paisOculto.setId(new Long(MMGDruidaHelper.getUserDefaultCountry(this)));
                segSocieFrom.setPaisOidPais(paisOculto);
                segSocieTo.setPaisOidPais((SegPaisViewData)paisOculto.clone());
                ]]></code>
        </action>
        <action>
            <side>client</side>
            <scope>postquery</scope>
            <code><![CDATA[
                SegPaisViewData paisOculto = new SegPaisViewData();
                paisOculto.setId(new Long(MMGDruidaHelper.getUserDefaultCountry(this)));
                segSocieFrom.setPaisOidPais(paisOculto);
                segSocieTo.setPaisOidPais((SegPaisViewData)paisOculto.clone());
                ]]></code>
        </action>
    </actions>

</entity>
