<?xml version="1.0" encoding="UTF-8"?>
<entity>
    <name>SegTipoCambi</name>

    <package>es.indra.belcorp.mso</package>

    <table>SEG_TIPO_CAMBI</table>

    <keyGenerator>SEG_TICA_SEQ</keyGenerator>

    <attributes>
        <attribute>
            <name>id</name>

            <sqlName>OID_TIPO_CAMB</sqlName>

            <primaryKey>true</primaryKey>

            <className>java.lang.Long</className>

            <size>12</size>

            <required>true</required>

            <search>false</search>

            <list>false</list>

            <view>false</view>

            <modify>false</modify>

            <insert>false</insert>

            <order>1</order>
</attribute>

        <attribute>
            <name>moneOidMon1</name>

            <sqlName>MONE_OID_MON1</sqlName>

            <className>es.indra.belcorp.mso.SegMoned</className>

            <size>12</size>

            <widget>
                <type>combo</type>

                <text>id</text>

                <distintValueCmb>moneOidMon2</distintValueCmb>
</widget>

            <required>true</required>

            <search>true</search>

            <list>true</list>

            <order>2</order>

            <insert>true</insert>

            <modify>true</modify>

            <view>true</view>

            <wrap>false</wrap>

            <dependency>true</dependency>

            <editable>false</editable>
</attribute>

        <attribute>
            <name>moneOidMon2</name>

            <sqlName>MONE_OID_MON2</sqlName>

            <className>es.indra.belcorp.mso.SegMoned</className>

            <size>12</size>

            <widget>
                <type>combo</type>

                <text>id</text>
</widget>

            <required>true</required>

            <search>true</search>

            <list>true</list>

            <order>3</order>

            <insert>true</insert>

            <modify>true</modify>

            <view>true</view>

            <wrap>false</wrap>

            <dependency>true</dependency>

            <editable>false</editable>
</attribute>

        <attribute>
            <name>valTipoCamb</name>

            <sqlName>VAL_TIPO_CAMB</sqlName>

            <className>java.lang.Double</className>

            <size>12,2</size>

            <required>true</required>

            <search>false</search>

            <list>false</list>

            <order>5</order>

            <insert>true</insert>

            <modify>true</modify>

            <view>true</view>

            <wrap>false</wrap>
</attribute>

        <attribute>
            <name>fecDesd</name>

            <sqlName>FEC_DESD</sqlName>

            <className>java.sql.Date</className>

            <size>10</size>

            <required>true</required>

            <search>true</search>

            <list>true</list>

            <order>4</order>

            <insert>true</insert>

            <modify>false</modify>

            <view>true</view>

            <wrap>false</wrap>

            <editable>false</editable>
</attribute>

        <attribute>
            <name>fecHast</name>

            <sqlName>FEC_HAST</sqlName>

            <className>java.sql.Date</className>

            <size>10</size>

            <required>true</required>

            <search>false</search>

            <list>false</list>

            <order>6</order>

            <insert>false</insert>

            <modify>false</modify>

            <view>false</view>

            <wrap>false</wrap>

            <editable>false</editable>
</attribute>
</attributes>

    <actions>
        <action>
            <side>client</side>

            <scope>precreate</scope>

            <code>java.text.SimpleDateFormat format = new java.text.SimpleDateFormat("dd/MM/yyyy");
			java.sql.Date fecha = new java.sql.Date(format.parse("01/01/3000").getTime());
			segTipoCambi.setFecHast(fecha);</code>
</action>

        <action>
            <side>sice</side>

            <scope>postcreate</scope>

            <code>java.text.SimpleDateFormat format = new java.text.SimpleDateFormat("dd/MM/yyyy");
			java.sql.Date fecha = new java.sql.Date(format.parse("01/01/3000").getTime());
			segTipoCambi.setFecHast(fecha);</code>

		</action>

        <action>
            <side>client</side>

            <scope>preupdate</scope>

            <code>java.text.SimpleDateFormat format = new java.text.SimpleDateFormat("dd/MM/yyyy");
			java.sql.Date fecha = new java.sql.Date(format.parse("01/01/3000").getTime());
			segTipoCambi.setFecHast(fecha);</code>

		</action>

        <action>
            <side>client</side>

            <scope>postupdate</scope>

            <code>java.text.SimpleDateFormat format = new java.text.SimpleDateFormat("dd/MM/yyyy");
			java.sql.Date fecha = new java.sql.Date(format.parse("01/01/3000").getTime());
			segTipoCambi.setFecHast(fecha);</code>

		</action>
</actions>




</entity>
