<?xml version="1.0" encoding="UTF-8"?>
<entity>
    <name>SegVincuJerar</name>

    <package>es.indra.belcorp.mso</package>

    <table>SEG_VINCU_JERAR</table>

    <keyGenerator>SEG_VIJE_SEQ</keyGenerator>

    <attributes>
        <attribute>
            <name>id</name>

            <sqlName>OID_VINC_JERA</sqlName>

            <primaryKey>true</primaryKey>

            <className>java.lang.Long</className>

            <size>12</size>

            <required>true</required>

            <search>false</search>

            <list>false</list>

            <view>false</view>

            <modify>false</modify>

            <insert>false</insert>

            <order>1</order>

            <uppercase>true</uppercase>
</attribute>

        <attribute>
            <name>marcOidMarc</name>

            <sqlName>MARC_OID_MARC</sqlName>

            <className>es.indra.belcorp.mso.SegMarca</className>

            <size>30</size>

            <widget>
                <type>combo</type>

                <text>id</text>
</widget>

            <required>false</required>

            <search>true</search>

            <list>true</list>

            <order>2</order>

            <insert>true</insert>

            <modify>false</modify>

            <view>true</view>

            <wrap>false</wrap>

            <dependency>true</dependency>

            <uppercase>true</uppercase>
</attribute>

        <attribute>
            <name>sbacOidSbac</name>

            <sqlName>SBAC_OID_SBAC</sqlName>

            <className>es.indra.belcorp.mso.SegSubac</className>

            <size>30</size>

            <widget>
                <type>combo</type>

                <text>id</text>
</widget>

            <required>false</required>

            <search>true</search>

            <list>true</list>

            <order>5</order>

            <insert>true</insert>

            <modify>false</modify>

            <view>true</view>

            <wrap>true</wrap>

            <dependency>true</dependency>

            <uppercase>true</uppercase>
</attribute>

        <attribute>
            <name>sociOidSoci</name>

            <sqlName>SOCI_OID_SOCI</sqlName>

            <className>es.indra.belcorp.mso.SegSocie</className>

            <size>40</size>

            <widget>
                <type>combo</type>

                <text>id</text>
</widget>

            <required>false</required>

            <search>true</search>

            <list>true</list>

            <order>7</order>

            <insert>true</insert>

            <modify>false</modify>

            <view>true</view>

            <wrap>true</wrap>

            <dependency>true</dependency>

            <uppercase>true</uppercase>
</attribute>

        <attribute>
            <name>paisOidPais</name>

            <sqlName>PAIS_OID_PAIS</sqlName>

            <className>es.indra.belcorp.mso.SegPaisView</className>

            <size>30</size>

            <widget>
                <type>combo</type>

                <text>id</text>
</widget>

            <required>false</required>

            <search>false</search>

            <list>false</list>

            <order>6</order>

            <insert>false</insert>

            <modify>false</modify>

            <view>false</view>

            <wrap>false</wrap>

            <uppercase>true</uppercase>
</attribute>

        <attribute>
            <name>canaOidCana</name>

            <sqlName>CANA_OID_CANA</sqlName>

            <className>es.indra.belcorp.mso.SegCanal</className>

            <size>30</size>

            <widget>
                <type>combo</type>

                <text>id</text>
</widget>

            <required>false</required>

            <search>true</search>

            <list>true</list>

            <order>3</order>

            <insert>true</insert>

            <modify>false</modify>

            <view>true</view>

            <wrap>true</wrap>

            <dependency>true</dependency>

            <uppercase>true</uppercase>
</attribute>

        <attribute>
            <name>acceOidAcce</name>

            <sqlName>ACCE_OID_ACCE</sqlName>

            <className>es.indra.belcorp.mso.SegAcces</className>

            <size>30</size>

            <widget>
                <type>combo</type>

                <text>id</text>
</widget>

            <required>false</required>

            <search>true</search>

            <list>true</list>

            <order>4</order>

            <insert>true</insert>

            <modify>false</modify>

            <view>true</view>

            <wrap>false</wrap>

            <dependency>true</dependency>

            <uppercase>true</uppercase>
</attribute>
</attributes>

    <actions>
        <action>
            <side>client</side>

            <scope>precreate</scope>

            <code>SegPaisViewData paisOculto = new SegPaisViewData();paisOculto.setId(new Long(MMGDruidaHelper.getUserDefaultCountry(this)));segVincuJerar.setPaisOidPais(paisOculto);</code>
</action>

        <action>
            <side>client</side>

            <scope>postcreate</scope>

            <code>SegPaisViewData paisOculto = new SegPaisViewData();paisOculto.setId(new Long(MMGDruidaHelper.getUserDefaultCountry(this)));segVincuJerar.setPaisOidPais(paisOculto);</code>
</action>

        <action>
            <side>client</side>

            <scope>preupdate</scope>

            <code>SegPaisViewData paisOculto = new SegPaisViewData();paisOculto.setId(new Long(MMGDruidaHelper.getUserDefaultCountry(this)));segVincuJerar.setPaisOidPais(paisOculto);</code>
</action>

        <action>
            <side>client</side>

            <scope>postupdate</scope>

            <code>SegPaisViewData paisOculto = new SegPaisViewData();paisOculto.setId(new Long(MMGDruidaHelper.getUserDefaultCountry(this)));segVincuJerar.setPaisOidPais(paisOculto);</code>
</action>

        <action>
            <side>client</side>

            <scope>prequery</scope>

            <code>SegPaisViewData paisOculto = new SegPaisViewData();paisOculto.setId(new Long(MMGDruidaHelper.getUserDefaultCountry(this)));segVincuJerarFrom.setPaisOidPais(paisOculto);segVincuJerarTo.setPaisOidPais((SegPaisViewData)paisOculto.clone());</code>
</action>

        <action>
            <side>client</side>

            <scope>postquery</scope>

            <code>SegPaisViewData paisOculto = new SegPaisViewData();paisOculto.setId(new Long(MMGDruidaHelper.getUserDefaultCountry(this)));segVincuJerarFrom.setPaisOidPais(paisOculto);segVincuJerarTo.setPaisOidPais((SegPaisViewData)paisOculto.clone());</code>
</action>
</actions>

</entity>
