<?xml version="1.0" encoding="UTF-8"?>
<entity><name>VcaMguPermiUsuar</name><package>es.indra.belcorp.mso</package><table>VCA_MGU_PERMI_USUAR</table><keyGenerator>VCA_MGU_PERMI_USUAR_SEQ</keyGenerator><attributes><attribute><name>codUsua</name><sqlName>COD_USUA</sqlName><className>java.lang.String</className><size>50</size><required>true</required><search>true</search><list>true</list></attribute><attribute><name>codProp</name><sqlName>COD_PROP</sqlName><className>java.lang.String</className><size>50</size><required>true</required><search>true</search><list>true</list></attribute><attribute><name>valProp</name><sqlName>VAL_PROP</sqlName><className>java.lang.String</className><size>256</size><required>false</required><search>true</search><list>true</list></attribute></attributes></entity>
