<?xml version="1.0" encoding="UTF-8"?>
<entity><name>VcaSegAcces</name><package>es.indra.belcorp.mso</package><table>VCA_SEG_ACCES</table><keyGenerator>VCA_SEG_ACCES_SEQ</keyGenerator><attributes><attribute><name>codUsua</name><sqlName>COD_USUA</sqlName><className>java.lang.String</className><size>50</size><required>true</required><search>true</search><list>true</list></attribute><attribute><name>oidAcce</name><sqlName>OID_ACCE</sqlName><className>java.lang.Long</className><size>12</size><required>true</required><search>true</search><list>true</list></attribute><attribute><name>canaOidCana</name><sqlName>CANA_OID_CANA</sqlName><className>java.lang.Long</className><size>12</size><required>true</required><search>true</search><list>true</list></attribute><attribute><name>codAcce</name><sqlName>COD_ACCE</sqlName><className>java.lang.String</className><size>3</size><required>true</required><search>true</search><list>true</list></attribute></attributes></entity>
