<?xml version="1.0" encoding="UTF-8"?>
<entity><name>VcaSegCanal</name><package>es.indra.belcorp.mso</package><table>VCA_SEG_CANAL</table><keyGenerator>VCA_SEG_CANAL_SEQ</keyGenerator><attributes><attribute><name>codUsua</name><sqlName>COD_USUA</sqlName><className>java.lang.String</className><size>50</size><required>true</required><search>true</search><list>true</list></attribute><attribute><name>oidCana</name><sqlName>OID_CANA</sqlName><className>java.lang.Long</className><size>12</size><required>true</required><search>true</search><list>true</list></attribute><attribute><name>tipeOidTipoPeri</name><sqlName>TIPE_OID_TIPO_PERI</sqlName><className>java.lang.Long</className><size>12</size><required>true</required><search>true</search><list>true</list></attribute><attribute><name>codCana</name><sqlName>COD_CANA</sqlName><className>java.lang.String</className><size>3</size><required>true</required><search>true</search><list>true</list></attribute></attributes></entity>
