<?xml version="1.0" encoding="UTF-8"?>
<entity xmlns:xsi="http://www.w3.org/2001/XMLSchema-instance"
    xsi:noNamespaceSchemaLocation="/mmg/resources/schemas/entity.xsd">
    <name>ZonEstruGeopo</name>
    <package>es.indra.belcorp.mso</package>
    <table>ZON_ESTRU_GEOPO</table>
    <keyGenerator>ZON_EGEO_SEQ</keyGenerator>
    <attributes>
        <attribute>
            <name>id</name>
            <sqlName>OID_ESTR_GEOP</sqlName>
            <primaryKey>true</primaryKey>
            <className>java.lang.Long</className>
            <size>12</size>
            <required>true</required>
            <search>false</search>
            <list>false</list>
            <view>false</view>
            <modify>false</modify>
            <insert>false</insert>
            <order>1</order>
        </attribute>
        <attribute>
            <name>codOrde</name>
            <sqlName>COD_ORDE</sqlName>
            <className>java.lang.Long</className>
            <size>2</size>
            <required>true</required>
            <search>true</search>
            <list>true</list>
            <choice>true</choice>
            <uppercase>true</uppercase>
            <order>2</order>
        </attribute>
        <attribute>
            <name>indBorr</name>
            <sqlName>IND_BORR</sqlName>
            <className>java.lang.Long</className>
            <size>1</size>
            <required>false</required>
            <search>true</search>
            <list>true</list>
            <uppercase>true</uppercase>
            <order>3</order>
        </attribute>
        <attribute>
            <name>paisOidPais</name>
            <sqlName>PAIS_OID_PAIS</sqlName>
            <className>es.indra.belcorp.mso.SegPaisView</className>
            <size>12</size>
            <widget>
                <type>combo</type>
                <text>id</text>
            </widget>
            <required>true</required>
            <search>true</search>
            <list>true</list>
            <uppercase>true</uppercase>
            <order>4</order>
        </attribute>
        <attribute>
            <name>dipoOidDiviPoli</name>
            <sqlName>DIPO_OID_DIVI_POLI</sqlName>
            <className>es.indra.belcorp.mso.ZonNivelGeogr</className>
            <size>12</size>
            <widget>
                <type>combo</type>
                <text>id</text>
            </widget>
            <required>true</required>
            <search>true</search>
            <list>true</list>
            <uppercase>true</uppercase>
            <order>5</order>
        </attribute>
        <attribute>
            <name>fecActu</name>
            <sqlName>FEC_ACTU</sqlName>
            <className>java.sql.Date</className>
            <size>7</size>
            <required>false</required>
            <search>true</search>
            <list>true</list>
            <uppercase>true</uppercase>
            <order>6</order>
        </attribute>
    </attributes>
    <actions>
        <action>
            <side>client</side>
            <scope>precreate</scope>
            <code>SegPaisViewData paisOculto = new SegPaisViewData();paisOculto.setId(new
                Long(MMGDruidaHelper.getUserDefaultCountry(this)));zonEstruGeopo.setPaisOidPais(paisOculto);</code>
        </action>
        <action>
            <side>client</side>
            <scope>postcreate</scope>
            <code>SegPaisViewData paisOculto = new SegPaisViewData();paisOculto.setId(new
                Long(MMGDruidaHelper.getUserDefaultCountry(this)));zonEstruGeopo.setPaisOidPais(paisOculto);</code>
        </action>
        <action>
            <side>client</side>
            <scope>prequery</scope>
            <code>SegPaisViewData paisOculto = new SegPaisViewData();paisOculto.setId(new
                Long(MMGDruidaHelper.getUserDefaultCountry(this)));zonEstruGeopoFrom.setPaisOidPais(paisOculto);zonEstruGeopoTo.setPaisOidPais((SegPaisViewData)paisOculto.clone());</code>
        </action>
        <action>
            <side>client</side>
            <scope>postquery</scope>
            <code>SegPaisViewData paisOculto = new SegPaisViewData();paisOculto.setId(new
                Long(MMGDruidaHelper.getUserDefaultCountry(this)));zonEstruGeopoFrom.setPaisOidPais(paisOculto);zonEstruGeopoTo.setPaisOidPais((SegPaisViewData)paisOculto.clone());</code>
        </action>
        <action>
            <side>client</side>
            <scope>preupdate</scope>
            <code>SegPaisViewData paisOculto = new SegPaisViewData();paisOculto.setId(new
                Long(MMGDruidaHelper.getUserDefaultCountry(this)));zonEstruGeopo.setPaisOidPais(paisOculto);</code>
        </action>
        <action>
            <side>client</side>
            <scope>postquery</scope>
            <code>SegPaisViewData paisOculto = new SegPaisViewData();paisOculto.setId(new
                Long(MMGDruidaHelper.getUserDefaultCountry(this)));zonEstruGeopo.setPaisOidPais(paisOculto);</code>
        </action>
    </actions>
</entity>
