<?xml version="1.0" encoding="UTF-8"?>
<entity>
    <name>ZonEstadZona</name>

    <package>es.indra.belcorp.mso</package>

    <table>ZON_ESTAD_ZONA</table>

    <keyGenerator>ZON_ESZO_SEQ</keyGenerator>

    <attributes>
        <attribute>
            <name>id</name>

            <sqlName>OID_ESTA_ZONA</sqlName>

            <primaryKey>true</primaryKey>

            <className>java.lang.Long</className>

            <size>12</size>

            <required>true</required>

            <search>false</search>

            <list>false</list>

            <view>false</view>

            <modify>false</modify>

            <insert>false</insert>

            <order>1</order>
</attribute>

        <attribute>
            <name>codEstaZona</name>

            <sqlName>COD_ESTA_ZONA</sqlName>

            <className>java.lang.String</className>

            <size>2</size>

            <required>true</required>

            <search>true</search>

            <list>true</list>

            <order>3</order>

            <modify>true</modify>

            <wrap>false</wrap>

            <view>true</view>

            <uppercase>true</uppercase>

            <editable>false</editable>
</attribute>

        <attribute>
            <name>impoVentMini</name>

            <sqlName>IMPO_VENT_MINI</sqlName>

            <className>java.lang.Double</className>

            <size>16,2</size>

            <required>false</required>

            <search>true</search>

            <list>true</list>

            <modify>true</modify>

            <wrap>false</wrap>

            <order>7</order>

            <view>true</view>
</attribute>

        <attribute>
            <name>valoTiemMini</name>

            <sqlName>VALO_TIEM_MINI</sqlName>

            <className>java.lang.Double</className>

            <size>11,2</size>

            <required>false</required>

            <search>true</search>

            <list>true</list>

            <order>10</order>

            <modify>true</modify>

            <wrap>false</wrap>

            <view>true</view>
</attribute>

        <attribute>
            <name>numConsMin</name>

            <sqlName>NUM_CONS_MIN</sqlName>

            <className>java.lang.Long</className>

            <size>4</size>

            <required>false</required>

            <search>true</search>

            <list>true</list>

            <order>8</order>

            <modify>true</modify>

            <wrap>false</wrap>

            <view>true</view>
</attribute>

        <attribute>
            <name>numPediZona</name>

            <sqlName>NUM_PEDI_ZONA</sqlName>

            <className>java.lang.Long</className>

            <size>10</size>

            <required>false</required>

            <search>true</search>

            <list>true</list>

            <order>9</order>

            <wrap>false</wrap>

            <modify>true</modify>

            <view>true</view>
</attribute>

        <attribute>
            <name>paisOidPais</name>

            <sqlName>PAIS_OID_PAIS</sqlName>

            <className>es.indra.belcorp.mso.SegPaisView</className>

            <size>12</size>

            <widget>
                <type>combo</type>

                <text>id</text>
</widget>

            <required>true</required>

            <search>true</search>

            <list>false</list>

            <insert>true</insert>

            <modify>false</modify>

            <view>false</view>

            <order>2</order>

            <wrap>false</wrap>
</attribute>

        <attribute>
            <name>marcOidMarc</name>

            <sqlName>MARC_OID_MARC</sqlName>

            <className>es.indra.belcorp.mso.SegMarca</className>

            <size>12</size>

            <widget>
                <type>combo</type>

                <text>id</text>
</widget>

            <required>true</required>

            <search>true</search>

            <list>true</list>

            <dependency>true</dependency>

            <order>4</order>

            <modify>true</modify>

            <wrap>false</wrap>

            <view>true</view>

            <editable>false</editable>
</attribute>

        <attribute>
            <name>indInic</name>

            <sqlName>IND_INIC</sqlName>

            <className>java.lang.String</className>

            <size>1</size>

            <required>false</required>

            <search>true</search>

            <list>true</list>

            <modify>true</modify>

            <widget>
                <type>radioButton</type>

                <options>
                    <option>
                        <value>1</value>

                        <text>Si</text>
</option>

                    <option>
                        <value>0</value>

                        <text>No</text>
</option>
</options>
</widget>

            <wrap>false</wrap>

            <order>6</order>

            <view>true</view>
</attribute>

        <attribute>
            <name>Descripcion</name>

            <className>java.lang.String</className>

            <size>50</size>

            <order>5</order>

            <wrap>true</wrap>

            <localizationOrder>1</localizationOrder>

            <orderBy>1</orderBy>

            <search>true</search>

            <list>true</list>

            <modify>true</modify>

            <required>true</required>

            <widget>
                <type>textField</type>
</widget>

            <view>true</view>
</attribute>
</attributes>

    <actions>
        <action>
            <side>client</side>

            <scope>postquery</scope>

            <code>SegPaisViewData paisOculto = new SegPaisViewData(); paisOculto.setId(new Long(MMGDruidaHelper.getUserDefaultCountry(this)));zonEstadZonaFrom.setPaisOidPais(paisOculto);zonEstadZonaTo.setPaisOidPais((SegPaisViewData)paisOculto.clone());</code>
</action>

        <action>
            <side>client</side>

            <scope>preupdate</scope>

            <code>SegPaisViewData paisOculto = new SegPaisViewData();paisOculto.setId(new Long(MMGDruidaHelper.getUserDefaultCountry(this)));zonEstadZona.setPaisOidPais(paisOculto);</code>
</action>

        <action>
            <side>client</side>

            <scope>postupdate</scope>

            <code>SegPaisViewData paisOculto = new SegPaisViewData();paisOculto.setId(new Long(MMGDruidaHelper.getUserDefaultCountry(this)));zonEstadZona.setPaisOidPais(paisOculto);</code>
</action>
</actions>

</entity>
