<?xml version="1.0" encoding="UTF-8"?>
<entity><name>ZonRegio</name><package>es.indra.belcorp.mso</package><table>ZON_REGIO</table><keyGenerator>ZON_ZORG_SEQ</keyGenerator><attributes><attribute><name>id</name><sqlName>OID_REGI</sqlName><primaryKey>true</primaryKey><className>java.lang.Long</className><size>12</size><required>true</required><search>false</search><list>false</list><view>false</view><modify>false</modify><insert>false</insert></attribute><attribute><name>codRegi</name><sqlName>COD_REGI</sqlName><className>java.lang.String</className><size>2</size><required>true</required><search>true</search><list>true</list></attribute><attribute><name>indActi</name><sqlName>IND_ACTI</sqlName><className>java.lang.Long</className><size>1</size><required>false</required><search>true</search><list>true</list></attribute><attribute><name>indBorr</name><sqlName>IND_BORR</sqlName><className>java.lang.Long</className><size>1</size><required>false</required><search>true</search><list>true</list></attribute><attribute><name>codNse1</name><sqlName>COD_NSE1</sqlName><className>java.lang.String</className><size>2</size><required>false</required><search>true</search><list>true</list></attribute><attribute><name>codNse2</name><sqlName>COD_NSE2</sqlName><className>java.lang.String</className><size>2</size><required>false</required><search>true</search><list>true</list></attribute><attribute><name>codNse3</name><sqlName>COD_NSE3</sqlName><className>java.lang.String</className><size>2</size><required>false</required><search>true</search><list>true</list></attribute><attribute><name>zsgvOidSubgVent</name><sqlName>ZSGV_OID_SUBG_VENT</sqlName><className>es.indra.belcorp.mso.ZonSubGerenVenta</className><size>12</size><widget><type>combo</type><text>id</text></widget><required>true</required><search>true</search><list>true</list></attribute><attribute><name>desRegi</name><sqlName>DES_REGI</sqlName><className>java.lang.String</className><size>40</size><required>false</required><search>true</search><list>true</list></attribute><attribute><name>clieOidClie</name><sqlName>CLIE_OID_CLIE</sqlName><className>es.indra.belcorp.mso.MaeClien</className><size>12</size><widget><type>combo</type><text>id</text></widget><required>false</required><search>true</search><list>true</list></attribute><attribute><name>fecRezo</name><sqlName>FEC_REZO</sqlName><className>java.sql.Date</className><size>7</size><required>true</required><search>true</search><list>true</list></attribute></attributes></entity>
