<?xml version="1.0" encoding="UTF-8"?>
<entity>
    <name>ZonSubesGeopo</name>

    <package>es.indra.belcorp.mso</package>

    <table>ZON_SUBES_GEOPO</table>

    <keyGenerator>ZON_SGEO_SEQ</keyGenerator>

    <attributes>
        <attribute>
            <name>id</name>

            <sqlName>OID_SUBE_GEOP</sqlName>

            <primaryKey>true</primaryKey>

            <className>java.lang.Long</className>

            <size>12</size>

            <required>true</required>

            <search>false</search>

            <list>false</list>

            <view>false</view>

            <modify>false</modify>

            <insert>false</insert>

            <order>1</order>
</attribute>

        <attribute>
            <name>codSube</name>

            <sqlName>COD_SUBE</sqlName>

            <className>java.lang.Long</className>

            <size>2</size>

            <required>true</required>

            <search>true</search>

            <list>true</list>

            <order>3</order>

            <modify>true</modify>

            <wrap>false</wrap>

            <view>true</view>

            <editable>false</editable>
</attribute>

        <attribute>
            <name>egeoOidEstrGeop</name>

            <sqlName>EGEO_OID_ESTR_GEOP</sqlName>

            <className>es.indra.belcorp.mso.ZonEstruGeopo</className>

            <size>12</size>

            <widget>
                <type>combo</type>

                <text>id</text>
                
                <filter>
		SegPaisViewData segP = new SegPaisViewData();
		segP.setId(new Long(MMGDruidaHelper.getUserDefaultCountry(this)));
		zonEstruGeopo.setPaisOidPais(segP);
		zonEstruGeopo.setIndBorr(new Long(0));
			</filter>
</widget>

            <required>true</required>

            <search>true</search>

            <list>true</list>

            <dependency>true</dependency>

            <order>2</order>

            <modify>true</modify>

            <wrap>false</wrap>

            <view>true</view>

            <editable>false</editable>
</attribute>

        <attribute>
            <name>Descripcion</name>

            <className>java.lang.String</className>

            <order>4</order>

            <localizationOrder>1</localizationOrder>

            <orderBy>1</orderBy>

            <wrap>false</wrap>

            <required>true</required>

            <search>true</search>

            <list>true</list>

            <modify>true</modify>

            <size>40</size>

            <choice>true</choice>

            <widget>
                <type>textField</type>
</widget>

            <view>true</view>
</attribute>
</attributes>

</entity>
