<?xml version="1.0" encoding="UTF-8"?>
<entity><name>ZonSubGerenVenta</name><package>es.indra.belcorp.mso</package><table>ZON_SUB_GEREN_VENTA</table><keyGenerator>ZON_ZSGV_SEQ</keyGenerator><attributes><attribute><name>paisOidPais</name><sqlName>PAIS_OID_PAIS</sqlName><className>es.indra.belcorp.mso.SegPais</className><size>12</size><widget><type>combo</type><text>id</text></widget><required>true</required><search>true</search><list>true</list></attribute><attribute><name>marcOidMarc</name><sqlName>MARC_OID_MARC</sqlName><className>es.indra.belcorp.mso.SegMarca</className><size>12</size><widget><type>combo</type><text>id</text></widget><required>true</required><search>true</search><list>true</list></attribute><attribute><name>canaOidCana</name><sqlName>CANA_OID_CANA</sqlName><className>es.indra.belcorp.mso.SegCanal</className><size>12</size><widget><type>combo</type><text>id</text></widget><required>true</required><search>true</search><list>true</list></attribute><attribute><name>id</name><sqlName>OID_SUBG_VENT</sqlName><primaryKey>true</primaryKey><className>java.lang.Long</className><size>12</size><required>true</required><search>false</search><list>false</list><view>false</view><modify>false</modify><insert>false</insert></attribute><attribute><name>codSubgVent</name><sqlName>COD_SUBG_VENT</sqlName><className>java.lang.String</className><size>2</size><required>true</required><search>true</search><list>true</list></attribute><attribute><name>indBorr</name><sqlName>IND_BORR</sqlName><className>java.lang.Long</className><size>1</size><required>false</required><search>true</search><list>true</list></attribute><attribute><name>indActi</name><sqlName>IND_ACTI</sqlName><className>java.lang.Long</className><size>1</size><required>false</required><search>true</search><list>true</list></attribute><attribute><name>codNse1</name><sqlName>COD_NSE1</sqlName><className>java.lang.String</className><size>2</size><required>false</required><search>true</search><list>true</list></attribute><attribute><name>codNse2</name><sqlName>COD_NSE2</sqlName><className>java.lang.String</className><size>2</size><required>false</required><search>true</search><list>true</list></attribute><attribute><name>codNse3</name><sqlName>COD_NSE3</sqlName><className>java.lang.String</className><size>2</size><required>false</required><search>true</search><list>true</list></attribute><attribute><name>desSubgVent</name><sqlName>DES_SUBG_VENT</sqlName><className>java.lang.String</className><size>40</size><required>false</required><search>true</search><list>true</list></attribute><attribute><name>clieOidClie</name><sqlName>CLIE_OID_CLIE</sqlName><className>es.indra.belcorp.mso.MaeClien</className><size>12</size><widget><type>combo</type><text>id</text></widget><required>false</required><search>true</search><list>true</list></attribute><attribute><name>fecRezo</name><sqlName>FEC_REZO</sqlName><className>java.sql.Date</className><size>7</size><required>true</required><search>true</search><list>true</list></attribute></attributes></entity>
