<?xml version="1.0" encoding="UTF-8"?>
<entity><name>ZonTerriAdmin</name><package>es.indra.belcorp.mso</package><table>ZON_TERRI_ADMIN</table><keyGenerator>ZON_ZTAD_SEQ</keyGenerator><attributes><attribute><name>id</name><sqlName>OID_TERR_ADMI</sqlName><primaryKey>true</primaryKey><className>java.lang.Long</className><size>12</size><required>true</required><search>false</search><list>false</list><view>false</view><modify>false</modify><insert>false</insert></attribute><attribute><name>indBorr</name><sqlName>IND_BORR</sqlName><className>java.lang.Long</className><size>1</size><required>false</required><search>true</search><list>true</list></attribute><attribute><name>zsccOidSecc</name><sqlName>ZSCC_OID_SECC</sqlName><className>es.indra.belcorp.mso.ZonSecci</className><size>12</size><widget><type>combo</type><text>id</text></widget><required>true</required><search>true</search><list>true</list></attribute><attribute><name>terrOidTerr</name><sqlName>TERR_OID_TERR</sqlName><className>es.indra.belcorp.mso.ZonTerri</className><size>12</size><widget><type>combo</type><text>id</text></widget><required>true</required><search>true</search><list>true</list></attribute><attribute><name>fecRtz</name><sqlName>FEC_RTZ</sqlName><className>java.sql.Date</className><size>7</size><required>true</required><search>true</search><list>true</list></attribute></attributes></entity>
