<?xml version="1.0" encoding="UTF-8"?>
<entity>
    <name>ZonTerriView</name>

    <package>es.indra.belcorp.mso</package>

    <table>ZON_TERRI</table>

    <keyGenerator>ZON_TERR_SEQ</keyGenerator>

    <attributes>
        <attribute>
            <name>id</name>

            <sqlName>OID_TERR</sqlName>

            <primaryKey>true</primaryKey>

            <className>java.lang.Long</className>

            <size>12</size>

            <required>true</required>

            <search>false</search>

            <list>false</list>

            <view>false</view>

            <modify>false</modify>

            <insert>false</insert>
</attribute>

        <attribute>
            <name>codTerr</name>

            <sqlName>COD_TERR</sqlName>

            <className>java.lang.String</className>

            <size>6</size>

            <required>true</required>

            <search>true</search>

            <list>true</list>
</attribute>

        <attribute>
            <name>codNse1</name>

            <sqlName>COD_NSE1</sqlName>

            <className>java.lang.String</className>

            <size>2</size>

            <required>false</required>

            <search>true</search>

            <list>true</list>
</attribute>

        <attribute>
            <name>codNse2</name>

            <sqlName>COD_NSE2</sqlName>

            <className>java.lang.String</className>

            <size>2</size>

            <required>false</required>

            <search>true</search>

            <list>true</list>
</attribute>

        <attribute>
            <name>codNse3</name>

            <sqlName>COD_NSE3</sqlName>

            <className>java.lang.String</className>

            <size>2</size>

            <required>false</required>

            <search>true</search>

            <list>true</list>
</attribute>

        <attribute>
            <name>indBorr</name>

            <sqlName>IND_BORR</sqlName>

            <className>java.lang.Long</className>

            <size>1</size>

            <required>true</required>

            <search>true</search>

            <list>true</list>
</attribute>

        <attribute>
            <name>fecRtz</name>

            <sqlName>FEC_RTZ</sqlName>

            <className>java.sql.Date</className>

            <size>7</size>

            <required>true</required>

            <search>true</search>

            <list>true</list>
</attribute>
</attributes>

</entity>
