<?xml version="1.0" encoding="UTF-8"?>
<entity><name>ZonVia</name><package>es.indra.belcorp.mso</package><table>ZON_VIA</table><keyGenerator>ZON_ZVIA_SEQ</keyGenerator><attributes><attribute><name>id</name><sqlName>OID_VIA</sqlName><primaryKey>true</primaryKey><className>java.lang.Long</className><size>12</size><required>true</required><search>false</search><list>false</list><view>false</view><modify>false</modify><insert>false</insert></attribute><attribute><name>indActiVia</name><sqlName>IND_ACTI_VIA</sqlName><className>java.lang.Long</className><size>1</size><required>true</required><search>true</search><list>true</list></attribute><attribute><name>paisOidPais</name><sqlName>PAIS_OID_PAIS</sqlName><className>es.indra.belcorp.mso.SegPais</className><size>12</size><widget><type>combo</type><text>id</text></widget><required>true</required><search>true</search><list>true</list></attribute><attribute><name>nomVia</name><sqlName>NOM_VIA</sqlName><className>java.lang.String</className><size>40</size><required>true</required><search>true</search><list>true</list></attribute><attribute><name>tiviOidTipoVia</name><sqlName>TIVI_OID_TIPO_VIA</sqlName><className>es.indra.belcorp.mso.SegTipoVia</className><size>12</size><widget><type>combo</type><text>id</text></widget><required>false</required><search>true</search><list>true</list></attribute><attribute><name>codVia</name><sqlName>COD_VIA</sqlName><className>java.lang.Long</className><size>6</size><required>true</required><search>true</search><list>true</list></attribute><attribute><name>fecRees</name><sqlName>FEC_REES</sqlName><className>java.sql.Date</className><size>7</size><required>false</required><search>true</search><list>true</list></attribute></attributes></entity>
