<?xml version="1.0" encoding="UTF-8"?>
<entity><name>ZonValorEstruGeopo</name><package>es.indra.belcorp.mso</package><table>ZON_VALOR_ESTRU_GEOPO</table><keyGenerator>ZON_VEPO_SEQ</keyGenerator><attributes><attribute><name>id</name><sqlName>OID_VALO_ESTR_GEOP</sqlName><primaryKey>true</primaryKey><className>java.lang.Long</className><size>12</size><required>true</required><search>false</search><list>false</list><view>false</view><modify>false</modify><insert>false</insert></attribute><attribute><name>codUnidGeog</name><sqlName>COD_UNID_GEOG</sqlName><className>java.lang.Long</className><size>10</size><required>true</required><search>true</search><list>true</list></attribute><attribute><name>desGeog</name><sqlName>DES_GEOG</sqlName><className>java.lang.String</className><size>40</size><required>false</required><search>true</search><list>true</list></attribute><attribute><name>codNse1</name><sqlName>COD_NSE1</sqlName><className>java.lang.String</className><size>2</size><required>false</required><search>true</search><list>true</list></attribute><attribute><name>codNse2</name><sqlName>COD_NSE2</sqlName><className>java.lang.String</className><size>2</size><required>false</required><search>true</search><list>true</list></attribute><attribute><name>codNse3</name><sqlName>COD_NSE3</sqlName><className>java.lang.String</className><size>2</size><required>false</required><search>true</search><list>true</list></attribute><attribute><name>codPost</name><sqlName>COD_POST</sqlName><className>java.lang.String</className><size>20</size><required>false</required><search>true</search><list>true</list></attribute><attribute><name>indActi</name><sqlName>IND_ACTI</sqlName><className>java.lang.Long</className><size>1</size><required>false</required><search>true</search><list>true</list></attribute><attribute><name>indAsig</name><sqlName>IND_ASIG</sqlName><className>java.lang.Long</className><size>1</size><required>false</required><search>true</search><list>true</list></attribute><attribute><name>indBorr</name><sqlName>IND_BORR</sqlName><className>java.lang.Long</className><size>1</size><required>false</required><search>true</search><list>true</list></attribute><attribute><name>orde1</name><sqlName>ORDE_1</sqlName><className>java.lang.String</className><size>6</size><required>false</required><search>true</search><list>true</list></attribute><attribute><name>orde2</name><sqlName>ORDE_2</sqlName><className>java.lang.String</className><size>6</size><required>false</required><search>true</search><list>true</list></attribute><attribute><name>orde3</name><sqlName>ORDE_3</sqlName><className>java.lang.String</className><size>6</size><required>false</required><search>true</search><list>true</list></attribute><attribute><name>orde4</name><sqlName>ORDE_4</sqlName><className>java.lang.String</className><size>6</size><required>false</required><search>true</search><list>true</list></attribute><attribute><name>orde5</name><sqlName>ORDE_5</sqlName><className>java.lang.String</className><size>6</size><required>false</required><search>true</search><list>true</list></attribute><attribute><name>orde6</name><sqlName>ORDE_6</sqlName><className>java.lang.String</className><size>6</size><required>false</required><search>true</search><list>true</list></attribute><attribute><name>orde7</name><sqlName>ORDE_7</sqlName><className>java.lang.String</className><size>6</size><required>false</required><search>true</search><list>true</list></attribute><attribute><name>orde8</name><sqlName>ORDE_8</sqlName><className>java.lang.String</className><size>6</size><required>false</required><search>true</search><list>true</list></attribute><attribute><name>orde9</name><sqlName>ORDE_9</sqlName><className>java.lang.String</className><size>6</size><required>false</required><search>true</search><list>true</list></attribute><attribute><name>egeoOidEstrGeop</name><sqlName>EGEO_OID_ESTR_GEOP</sqlName><className>es.indra.belcorp.mso.ZonEstruGeopo</className><size>12</size><widget><type>combo</type><text>id</text></widget><required>true</required><search>true</search><list>true</list></attribute><attribute><name>paisOidPais</name><sqlName>PAIS_OID_PAIS</sqlName><className>es.indra.belcorp.mso.SegPais</className><size>12</size><widget><type>combo</type><text>id</text></widget><required>true</required><search>true</search><list>true</list></attribute><attribute><name>fecActu</name><sqlName>FEC_ACTU</sqlName><className>java.sql.Date</className><size>7</size><required>true</required><search>true</search><list>true</list></attribute><attribute><name>sgeoOidSubeGeop</name><sqlName>SGEO_OID_SUBE_GEOP</sqlName><className>es.indra.belcorp.mso.ZonSubesGeopo</className><size>12</size><widget><type>combo</type><text>id</text></widget><required>true</required><search>true</search><list>true</list></attribute></attributes></entity>
