<?xml version="1.0" encoding="UTF-8"?>
<entity><name>ZonZona</name><package>es.indra.belcorp.mso</package><table>ZON_ZONA</table><keyGenerator>ZON_ZZON_SEQ</keyGenerator><attributes><attribute><name>id</name><sqlName>OID_ZONA</sqlName><primaryKey>true</primaryKey><className>java.lang.Long</className><size>12</size><required>true</required><search>false</search><list>false</list><view>false</view><modify>false</modify><insert>false</insert></attribute><attribute><name>clieOidClie</name><sqlName>CLIE_OID_CLIE</sqlName><className>es.indra.belcorp.mso.MaeClien</className><size>12</size><widget><type>combo</type><text>id</text></widget><required>false</required><search>true</search><list>true</list></attribute><attribute><name>zorgOidRegi</name><sqlName>ZORG_OID_REGI</sqlName><className>es.indra.belcorp.mso.ZonRegio</className><size>12</size><widget><type>combo</type><text>id</text></widget><required>true</required><search>true</search><list>true</list></attribute><attribute><name>codZona</name><sqlName>COD_ZONA</sqlName><className>java.lang.String</className><size>4</size><required>true</required><search>true</search><list>true</list></attribute><attribute><name>indActi</name><sqlName>IND_ACTI</sqlName><className>java.lang.Long</className><size>1</size><required>false</required><search>true</search><list>true</list></attribute><attribute><name>indRezo</name><sqlName>IND_REZO</sqlName><className>java.lang.Long</className><size>1</size><required>false</required><search>true</search><list>true</list></attribute><attribute><name>codNse1</name><sqlName>COD_NSE1</sqlName><className>java.lang.String</className><size>2</size><required>false</required><search>true</search><list>true</list></attribute><attribute><name>codNse2</name><sqlName>COD_NSE2</sqlName><className>java.lang.String</className><size>2</size><required>false</required><search>true</search><list>true</list></attribute><attribute><name>codNse3</name><sqlName>COD_NSE3</sqlName><className>java.lang.String</className><size>2</size><required>false</required><search>true</search><list>true</list></attribute><attribute><name>indBorr</name><sqlName>IND_BORR</sqlName><className>java.lang.Long</className><size>1</size><required>false</required><search>true</search><list>true</list></attribute><attribute><name>eszoOidEstaZona</name><sqlName>ESZO_OID_ESTA_ZONA</sqlName><className>es.indra.belcorp.mso.ZonEstadZona</className><size>12</size><widget><type>combo</type><text>id</text></widget><required>false</required><search>true</search><list>true</list></attribute><attribute><name>desZona</name><sqlName>DES_ZONA</sqlName><className>java.lang.String</className><size>40</size><required>false</required><search>true</search><list>true</list></attribute><attribute><name>fecCambEsta</name><sqlName>FEC_CAMB_ESTA</sqlName><className>java.sql.Date</className><size>7</size><required>false</required><search>true</search><list>true</list></attribute><attribute><name>fecRezo</name><sqlName>FEC_REZO</sqlName><className>java.sql.Date</className><size>7</size><required>true</required><search>true</search><list>true</list></attribute></attributes></entity>
